combination,n,modules,verdict,exit,errors,warnings,benign_overlap,version_skew,declared_conflict,file_collision,file_collision_suppressed,identity_collision,module_relation,base_drift,not_composable
apache-control-oldsnap,2,apache control-oldsnap,REJECT,1,6,0,5,4,0,0,0,0,0,0,2
apache-control-oldsnap-cuda-runtime,3,apache control-oldsnap cuda-runtime,REJECT,1,7,0,5,4,0,0,0,0,1,0,2
apache-control-oldsnap-curl,3,apache control-oldsnap curl,REJECT,1,11,0,19,9,0,0,0,0,0,0,2
apache-control-oldsnap-dnsutils,3,apache control-oldsnap dnsutils,REJECT,1,7,0,8,5,0,0,0,0,0,0,2
apache-control-oldsnap-docker,3,apache control-oldsnap docker,REJECT,1,6,0,6,4,0,0,0,0,0,0,2
apache-control-oldsnap-emacs,3,apache control-oldsnap emacs,REJECT,1,6,0,8,4,0,0,0,0,0,0,2
apache-control-oldsnap-fake-cuda,3,apache control-oldsnap fake-cuda,REJECT,1,7,0,5,4,0,0,0,0,1,0,2
apache-control-oldsnap-fake-nvidia-driver,3,apache control-oldsnap fake-nvidia-driver,REJECT,1,6,0,5,4,0,0,0,0,0,0,2
apache-control-oldsnap-gawk,3,apache control-oldsnap gawk,REJECT,1,6,0,5,4,0,0,0,0,0,0,2
apache-control-oldsnap-gcc,3,apache control-oldsnap gcc,REJECT,1,6,0,10,4,0,0,0,0,0,0,2
apache-control-oldsnap-git,3,apache control-oldsnap git,REJECT,1,9,0,24,7,0,0,0,0,0,0,2
apache-control-oldsnap-htop,3,apache control-oldsnap htop,REJECT,1,6,0,5,4,0,0,0,0,0,0,2
apache-control-oldsnap-java,3,apache control-oldsnap java,REJECT,1,6,0,9,4,0,0,0,0,0,0,2
apache-control-oldsnap-jq,3,apache control-oldsnap jq,REJECT,1,6,0,10,4,0,0,0,0,0,0,2
apache-control-oldsnap-llvm,3,apache control-oldsnap llvm,REJECT,1,6,0,7,4,0,0,0,0,0,0,2
apache-control-oldsnap-memcached,3,apache control-oldsnap memcached,REJECT,1,6,0,14,4,0,0,0,0,0,0,2
apache-control-oldsnap-mta-msmtp,3,apache control-oldsnap mta-msmtp,REJECT,1,6,0,5,4,0,0,0,0,0,0,2
apache-control-oldsnap-mta-nullmailer,3,apache control-oldsnap mta-nullmailer,REJECT,1,6,0,5,4,0,0,0,0,0,0,2
apache-control-oldsnap-mysql,3,apache control-oldsnap mysql,REJECT,1,6,0,10,4,0,0,0,0,0,0,2
apache-control-oldsnap-nc-openbsd,3,apache control-oldsnap nc-openbsd,REJECT,1,6,0,5,4,0,0,0,0,0,0,2
apache-control-oldsnap-nc-traditional,3,apache control-oldsnap nc-traditional,REJECT,1,6,0,5,4,0,0,0,0,0,0,2
apache-control-oldsnap-nvidia-driver-535,3,apache control-oldsnap nvidia-driver-535,REJECT,1,6,0,5,4,0,0,0,0,0,0,2
apache-control-oldsnap-original-awk,3,apache control-oldsnap original-awk,REJECT,1,6,0,5,4,0,0,0,0,0,0,2
apache-control-oldsnap-pgclient,3,apache control-oldsnap pgclient,REJECT,1,7,0,15,5,0,0,0,0,0,0,2
apache-control-oldsnap-pipdemo,3,apache control-oldsnap pipdemo,REJECT,1,6,0,8,4,0,0,0,0,0,0,2
apache-control-oldsnap-postgres,3,apache control-oldsnap postgres,REJECT,1,7,0,17,5,0,0,0,0,0,0,2
apache-control-oldsnap-pytools,3,apache control-oldsnap pytools,REJECT,1,6,0,8,4,0,0,0,0,0,0,2
apache-control-oldsnap-pyyaml,3,apache control-oldsnap pyyaml,REJECT,1,6,0,8,4,0,0,0,0,0,0,2
apache-control-oldsnap-redis,3,apache control-oldsnap redis,REJECT,1,6,0,5,4,0,0,0,0,0,0,2
apache-control-oldsnap-rsync,3,apache control-oldsnap rsync,REJECT,1,6,0,5,4,0,0,0,0,0,0,2
apache-control-oldsnap-rust,3,apache control-oldsnap rust,REJECT,1,9,0,18,7,0,0,0,0,0,0,2
apache-control-oldsnap-socat,3,apache control-oldsnap socat,REJECT,1,6,0,5,4,0,0,0,0,0,0,2
apache-control-oldsnap-sqlite,3,apache control-oldsnap sqlite,REJECT,1,6,0,6,4,0,0,0,0,0,0,2
apache-control-oldsnap-tcpdump,3,apache control-oldsnap tcpdump,REJECT,1,6,0,5,4,0,0,0,0,0,0,2
apache-control-oldsnap-tmux,3,apache control-oldsnap tmux,REJECT,1,6,0,5,4,0,0,0,0,0,0,2
apache-control-oldsnap-vim,3,apache control-oldsnap vim,REJECT,1,6,0,8,4,0,0,0,0,0,0,2
apache-control-oldsnap-webserver,3,apache control-oldsnap webserver,REJECT,1,6,0,10,4,0,0,0,0,0,0,2
apache-control-oldsnap-wget,3,apache control-oldsnap wget,REJECT,1,6,0,7,4,0,0,0,0,0,0,2
apache-control-oldsnap-zstd,3,apache control-oldsnap zstd,REJECT,1,6,0,5,4,0,0,0,0,0,0,2
apache-cuda-runtime,2,apache cuda-runtime,REJECT,1,1,0,0,0,0,0,0,0,1,0,0
apache-cuda-runtime-curl,3,apache cuda-runtime curl,REJECT,1,1,0,9,0,0,0,0,0,1,0,0
apache-cuda-runtime-dnsutils,3,apache cuda-runtime dnsutils,REJECT,1,1,0,3,0,0,0,0,0,1,0,0
apache-cuda-runtime-docker,3,apache cuda-runtime docker,REJECT,1,1,0,1,0,0,0,0,0,1,0,0
apache-cuda-runtime-emacs,3,apache cuda-runtime emacs,REJECT,1,1,0,3,0,0,0,0,0,1,0,0
apache-cuda-runtime-fake-cuda,3,apache cuda-runtime fake-cuda,REJECT,1,2,0,0,0,0,0,0,0,2,0,0
apache-cuda-runtime-fake-nvidia-driver,3,apache cuda-runtime fake-nvidia-driver,REJECT,1,1,0,0,0,0,0,0,0,1,0,0
apache-cuda-runtime-gawk,3,apache cuda-runtime gawk,REJECT,1,1,0,0,0,0,0,0,0,1,0,0
apache-cuda-runtime-gcc,3,apache cuda-runtime gcc,REJECT,1,1,0,5,0,0,0,0,0,1,0,0
apache-cuda-runtime-git,3,apache cuda-runtime git,REJECT,1,1,0,14,0,0,0,0,0,1,0,0
apache-cuda-runtime-htop,3,apache cuda-runtime htop,REJECT,1,1,0,0,0,0,0,0,0,1,0,0
apache-cuda-runtime-java,3,apache cuda-runtime java,REJECT,1,1,0,3,0,0,0,0,0,1,0,0
apache-cuda-runtime-jq,3,apache cuda-runtime jq,REJECT,1,1,0,5,0,0,0,0,0,1,0,0
apache-cuda-runtime-llvm,3,apache cuda-runtime llvm,REJECT,1,1,0,2,0,0,0,0,0,1,0,0
apache-cuda-runtime-memcached,3,apache cuda-runtime memcached,REJECT,1,1,0,7,0,0,0,0,0,1,0,0
apache-cuda-runtime-mta-msmtp,3,apache cuda-runtime mta-msmtp,REJECT,1,1,0,0,0,0,0,0,0,1,0,0
apache-cuda-runtime-mta-nullmailer,3,apache cuda-runtime mta-nullmailer,REJECT,1,1,0,0,0,0,0,0,0,1,0,0
apache-cuda-runtime-mysql,3,apache cuda-runtime mysql,REJECT,1,1,0,5,0,0,0,0,0,1,0,0
apache-cuda-runtime-nc-openbsd,3,apache cuda-runtime nc-openbsd,REJECT,1,1,0,0,0,0,0,0,0,1,0,0
apache-cuda-runtime-nc-traditional,3,apache cuda-runtime nc-traditional,REJECT,1,1,0,0,0,0,0,0,0,1,0,0
apache-cuda-runtime-nvidia-driver-535,3,apache cuda-runtime nvidia-driver-535,ACCEPT,0,0,0,0,0,0,0,0,0,0,0,0
apache-cuda-runtime-original-awk,3,apache cuda-runtime original-awk,REJECT,1,1,0,0,0,0,0,0,0,1,0,0
apache-cuda-runtime-pgclient,3,apache cuda-runtime pgclient,REJECT,1,1,0,8,0,0,0,0,0,1,0,0
apache-cuda-runtime-pipdemo,3,apache cuda-runtime pipdemo,REJECT,1,1,0,3,0,0,0,0,0,1,0,0
apache-cuda-runtime-postgres,3,apache cuda-runtime postgres,REJECT,1,1,0,10,0,0,0,0,0,1,0,0
apache-cuda-runtime-pytools,3,apache cuda-runtime pytools,REJECT,1,1,0,3,0,0,0,0,0,1,0,0
apache-cuda-runtime-pyyaml,3,apache cuda-runtime pyyaml,REJECT,1,1,0,3,0,0,0,0,0,1,0,0
apache-cuda-runtime-redis,3,apache cuda-runtime redis,REJECT,1,1,0,0,0,0,0,0,0,1,0,0
apache-cuda-runtime-rsync,3,apache cuda-runtime rsync,REJECT,1,1,0,0,0,0,0,0,0,1,0,0
apache-cuda-runtime-rust,3,apache cuda-runtime rust,REJECT,1,1,0,8,0,0,0,0,0,1,0,0
apache-cuda-runtime-socat,3,apache cuda-runtime socat,REJECT,1,1,0,0,0,0,0,0,0,1,0,0
apache-cuda-runtime-sqlite,3,apache cuda-runtime sqlite,REJECT,1,1,0,1,0,0,0,0,0,1,0,0
apache-cuda-runtime-tcpdump,3,apache cuda-runtime tcpdump,REJECT,1,1,0,0,0,0,0,0,0,1,0,0
apache-cuda-runtime-tmux,3,apache cuda-runtime tmux,REJECT,1,1,0,0,0,0,0,0,0,1,0,0
apache-cuda-runtime-vim,3,apache cuda-runtime vim,REJECT,1,1,0,3,0,0,0,0,0,1,0,0
apache-cuda-runtime-webserver,3,apache cuda-runtime webserver,REJECT,1,1,0,4,0,0,0,0,0,1,0,0
apache-cuda-runtime-wget,3,apache cuda-runtime wget,REJECT,1,1,0,1,0,0,0,0,0,1,0,0
apache-cuda-runtime-zstd,3,apache cuda-runtime zstd,REJECT,1,1,0,0,0,0,0,0,0,1,0,0
apache-curl,2,apache curl,ACCEPT,0,0,0,9,0,0,0,0,0,0,0,0
apache-curl-dnsutils,3,apache curl dnsutils,ACCEPT,0,0,0,13,0,0,0,0,0,0,0,0
apache-curl-docker,3,apache curl docker,ACCEPT,0,0,0,10,0,0,0,0,0,0,0,0
apache-curl-emacs,3,apache curl emacs,ACCEPT,0,0,0,12,0,0,0,0,0,0,0,0
apache-curl-fake-cuda,3,apache curl fake-cuda,REJECT,1,1,0,9,0,0,0,0,0,1,0,0
apache-curl-fake-nvidia-driver,3,apache curl fake-nvidia-driver,ACCEPT,0,0,0,9,0,0,0,0,0,0,0,0
apache-curl-gawk,3,apache curl gawk,ACCEPT,0,0,0,9,0,0,0,0,0,0,0,0
apache-curl-gcc,3,apache curl gcc,ACCEPT,0,0,0,14,0,0,0,0,0,0,0,0
apache-curl-git,3,apache curl git,ACCEPT,0,0,0,31,0,0,0,0,0,0,0,0
apache-curl-htop,3,apache curl htop,ACCEPT,0,0,0,9,0,0,0,0,0,0,0,0
apache-curl-java,3,apache curl java,ACCEPT,0,0,0,13,0,0,0,0,0,0,0,0
apache-curl-jq,3,apache curl jq,ACCEPT,0,0,0,14,0,0,0,0,0,0,0,0
apache-curl-llvm,3,apache curl llvm,ACCEPT,0,0,0,11,0,0,0,0,0,0,0,0
apache-curl-memcached,3,apache curl memcached,ACCEPT,0,0,0,18,0,0,0,0,0,0,0,0
apache-curl-mta-msmtp,3,apache curl mta-msmtp,ACCEPT,0,0,0,9,0,0,0,0,0,0,0,0
apache-curl-mta-nullmailer,3,apache curl mta-nullmailer,ACCEPT,0,0,0,9,0,0,0,0,0,0,0,0
apache-curl-mysql,3,apache curl mysql,ACCEPT,0,0,0,14,0,0,0,0,0,0,0,0
apache-curl-nc-openbsd,3,apache curl nc-openbsd,ACCEPT,0,0,0,9,0,0,0,0,0,0,0,0
apache-curl-nc-traditional,3,apache curl nc-traditional,ACCEPT,0,0,0,9,0,0,0,0,0,0,0,0
apache-curl-nvidia-driver-535,3,apache curl nvidia-driver-535,ACCEPT,0,0,0,9,0,0,0,0,0,0,0,0
apache-curl-original-awk,3,apache curl original-awk,ACCEPT,0,0,0,9,0,0,0,0,0,0,0,0
apache-curl-pgclient,3,apache curl pgclient,ACCEPT,0,0,0,20,0,0,0,0,0,0,0,0
apache-curl-pipdemo,3,apache curl pipdemo,ACCEPT,0,0,0,12,0,0,0,0,0,0,0,0
apache-curl-postgres,3,apache curl postgres,ACCEPT,0,0,0,22,0,0,0,0,0,0,0,0
apache-curl-pytools,3,apache curl pytools,ACCEPT,0,0,0,12,0,0,0,0,0,0,0,0
apache-curl-pyyaml,3,apache curl pyyaml,ACCEPT,0,0,0,12,0,0,0,0,0,0,0,0
apache-curl-redis,3,apache curl redis,ACCEPT,0,0,0,9,0,0,0,0,0,0,0,0
apache-curl-rsync,3,apache curl rsync,ACCEPT,0,0,0,9,0,0,0,0,0,0,0,0
apache-curl-rust,3,apache curl rust,ACCEPT,0,0,0,25,0,0,0,0,0,0,0,0
apache-curl-socat,3,apache curl socat,ACCEPT,0,0,0,9,0,0,0,0,0,0,0,0
apache-curl-sqlite,3,apache curl sqlite,ACCEPT,0,0,0,10,0,0,0,0,0,0,0,0
apache-curl-tcpdump,3,apache curl tcpdump,ACCEPT,0,0,0,9,0,0,0,0,0,0,0,0
apache-curl-tmux,3,apache curl tmux,ACCEPT,0,0,0,9,0,0,0,0,0,0,0,0
apache-curl-vim,3,apache curl vim,ACCEPT,0,0,0,12,0,0,0,0,0,0,0,0
apache-curl-webserver,3,apache curl webserver,ACCEPT,0,0,0,14,0,0,0,0,0,0,0,0
apache-curl-wget,3,apache curl wget,ACCEPT,0,0,0,11,0,0,0,0,0,0,0,0
apache-curl-zstd,3,apache curl zstd,ACCEPT,0,0,0,9,0,0,0,0,0,0,0,0
apache-dnsutils,2,apache dnsutils,ACCEPT,0,0,0,3,0,0,0,0,0,0,0,0
apache-dnsutils-docker,3,apache dnsutils docker,ACCEPT,0,0,0,4,0,0,0,0,0,0,0,0
apache-dnsutils-emacs,3,apache dnsutils emacs,ACCEPT,0,0,0,8,0,0,0,0,0,0,0,0
apache-dnsutils-fake-cuda,3,apache dnsutils fake-cuda,REJECT,1,1,0,3,0,0,0,0,0,1,0,0
apache-dnsutils-fake-nvidia-driver,3,apache dnsutils fake-nvidia-driver,ACCEPT,0,0,0,3,0,0,0,0,0,0,0,0
apache-dnsutils-gawk,3,apache dnsutils gawk,ACCEPT,0,0,0,3,0,0,0,0,0,0,0,0
apache-dnsutils-gcc,3,apache dnsutils gcc,ACCEPT,0,0,0,8,0,0,0,0,0,0,0,0
apache-dnsutils-git,3,apache dnsutils git,ACCEPT,0,0,0,18,0,0,0,0,0,0,0,0
apache-dnsutils-htop,3,apache dnsutils htop,ACCEPT,0,0,0,3,0,0,0,0,0,0,0,0
apache-dnsutils-java,3,apache dnsutils java,ACCEPT,0,0,0,6,0,0,0,0,0,0,0,0
apache-dnsutils-jq,3,apache dnsutils jq,ACCEPT,0,0,0,8,0,0,0,0,0,0,0,0
apache-dnsutils-llvm,3,apache dnsutils llvm,ACCEPT,0,0,0,10,0,0,0,0,0,0,0,0
apache-dnsutils-memcached,3,apache dnsutils memcached,ACCEPT,0,0,0,10,0,0,0,0,0,0,0,0
apache-dnsutils-mta-msmtp,3,apache dnsutils mta-msmtp,ACCEPT,0,0,0,3,0,0,0,0,0,0,0,0
apache-dnsutils-mta-nullmailer,3,apache dnsutils mta-nullmailer,ACCEPT,0,0,0,3,0,0,0,0,0,0,0,0
apache-dnsutils-mysql,3,apache dnsutils mysql,ACCEPT,0,0,0,11,0,0,0,0,0,0,0,0
apache-dnsutils-nc-openbsd,3,apache dnsutils nc-openbsd,ACCEPT,0,0,0,5,0,0,0,0,0,0,0,0
apache-dnsutils-nc-traditional,3,apache dnsutils nc-traditional,ACCEPT,0,0,0,3,0,0,0,0,0,0,0,0
apache-dnsutils-nvidia-driver-535,3,apache dnsutils nvidia-driver-535,ACCEPT,0,0,0,3,0,0,0,0,0,0,0,0
apache-dnsutils-original-awk,3,apache dnsutils original-awk,ACCEPT,0,0,0,3,0,0,0,0,0,0,0,0
apache-dnsutils-pgclient,3,apache dnsutils pgclient,ACCEPT,0,0,0,11,0,0,0,0,0,0,0,0
apache-dnsutils-pipdemo,3,apache dnsutils pipdemo,ACCEPT,0,0,0,6,0,0,0,0,0,0,0,0
apache-dnsutils-postgres,3,apache dnsutils postgres,ACCEPT,0,0,0,18,0,0,0,0,0,0,0,0
apache-dnsutils-pytools,3,apache dnsutils pytools,ACCEPT,0,0,0,6,0,0,0,0,0,0,0,0
apache-dnsutils-pyyaml,3,apache dnsutils pyyaml,ACCEPT,0,0,0,6,0,0,0,0,0,0,0,0
apache-dnsutils-redis,3,apache dnsutils redis,ACCEPT,0,0,0,3,0,0,0,0,0,0,0,0
apache-dnsutils-rsync,3,apache dnsutils rsync,ACCEPT,0,0,0,3,0,0,0,0,0,0,0,0
apache-dnsutils-rust,3,apache dnsutils rust,ACCEPT,0,0,0,12,0,0,0,0,0,0,0,0
apache-dnsutils-socat,3,apache dnsutils socat,ACCEPT,0,0,0,3,0,0,0,0,0,0,0,0
apache-dnsutils-sqlite,3,apache dnsutils sqlite,ACCEPT,0,0,0,4,0,0,0,0,0,0,0,0
apache-dnsutils-tcpdump,3,apache dnsutils tcpdump,ACCEPT,0,0,0,3,0,0,0,0,0,0,0,0
apache-dnsutils-tmux,3,apache dnsutils tmux,ACCEPT,0,0,0,3,0,0,0,0,0,0,0,0
apache-dnsutils-vim,3,apache dnsutils vim,ACCEPT,0,0,0,6,0,0,0,0,0,0,0,0
apache-dnsutils-webserver,3,apache dnsutils webserver,ACCEPT,0,0,0,12,0,0,0,0,0,0,0,0
apache-dnsutils-wget,3,apache dnsutils wget,ACCEPT,0,0,0,4,0,0,0,0,0,0,0,0
apache-dnsutils-zstd,3,apache dnsutils zstd,ACCEPT,0,0,0,3,0,0,0,0,0,0,0,0
apache-docker,2,apache docker,ACCEPT,0,0,0,1,0,0,0,0,0,0,0,0
apache-docker-emacs,3,apache docker emacs,ACCEPT,0,0,0,5,0,0,0,0,0,0,0,0
apache-docker-fake-cuda,3,apache docker fake-cuda,REJECT,1,1,0,1,0,0,0,0,0,1,0,0
apache-docker-fake-nvidia-driver,3,apache docker fake-nvidia-driver,ACCEPT,0,0,0,1,0,0,0,0,0,0,0,0
apache-docker-gawk,3,apache docker gawk,ACCEPT,0,0,0,1,0,0,0,0,0,0,0,0
apache-docker-gcc,3,apache docker gcc,ACCEPT,0,0,0,6,0,0,0,0,0,0,0,0
apache-docker-git,3,apache docker git,ACCEPT,0,0,0,15,0,0,0,0,0,0,0,0
apache-docker-htop,3,apache docker htop,ACCEPT,0,0,0,1,0,0,0,0,0,0,0,0
apache-docker-java,3,apache docker java,ACCEPT,0,0,0,4,0,0,0,0,0,0,0,0
apache-docker-jq,3,apache docker jq,ACCEPT,0,0,0,6,0,0,0,0,0,0,0,0
apache-docker-llvm,3,apache docker llvm,ACCEPT,0,0,0,3,0,0,0,0,0,0,0,0
apache-docker-memcached,3,apache docker memcached,ACCEPT,0,0,0,8,0,0,0,0,0,0,0,0
apache-docker-mta-msmtp,3,apache docker mta-msmtp,ACCEPT,0,0,0,1,0,0,0,0,0,0,0,0
apache-docker-mta-nullmailer,3,apache docker mta-nullmailer,ACCEPT,0,0,0,1,0,0,0,0,0,0,0,0
apache-docker-mysql,3,apache docker mysql,ACCEPT,0,0,0,8,0,0,0,0,0,0,0,0
apache-docker-nc-openbsd,3,apache docker nc-openbsd,ACCEPT,0,0,0,1,0,0,0,0,0,0,0,0
apache-docker-nc-traditional,3,apache docker nc-traditional,ACCEPT,0,0,0,1,0,0,0,0,0,0,0,0
apache-docker-nvidia-driver-535,3,apache docker nvidia-driver-535,ACCEPT,0,0,0,1,0,0,0,0,0,0,0,0
apache-docker-original-awk,3,apache docker original-awk,ACCEPT,0,0,0,1,0,0,0,0,0,0,0,0
apache-docker-pgclient,3,apache docker pgclient,ACCEPT,0,0,0,10,0,0,0,0,0,0,0,0
apache-docker-pipdemo,3,apache docker pipdemo,ACCEPT,0,0,0,4,0,0,0,0,0,0,0,0
apache-docker-postgres,3,apache docker postgres,ACCEPT,0,0,0,12,0,0,0,0,0,0,0,0
apache-docker-pytools,3,apache docker pytools,ACCEPT,0,0,0,4,0,0,0,0,0,0,0,0
apache-docker-pyyaml,3,apache docker pyyaml,ACCEPT,0,0,0,4,0,0,0,0,0,0,0,0
apache-docker-redis,3,apache docker redis,ACCEPT,0,0,0,1,0,0,0,0,0,0,0,0
apache-docker-rsync,3,apache docker rsync,ACCEPT,0,0,0,1,0,0,0,0,0,0,0,0
apache-docker-rust,3,apache docker rust,ACCEPT,0,0,0,9,0,0,0,0,0,0,0,0
apache-docker-socat,3,apache docker socat,ACCEPT,0,0,0,1,0,0,0,0,0,0,0,0
apache-docker-sqlite,3,apache docker sqlite,ACCEPT,0,0,0,2,0,0,0,0,0,0,0,0
apache-docker-tcpdump,3,apache docker tcpdump,ACCEPT,0,0,0,1,0,0,0,0,0,0,0,0
apache-docker-tmux,3,apache docker tmux,ACCEPT,0,0,0,1,0,0,0,0,0,0,0,0
apache-docker-vim,3,apache docker vim,ACCEPT,0,0,0,4,0,0,0,0,0,0,0,0
apache-docker-webserver,3,apache docker webserver,ACCEPT,0,0,0,7,0,0,0,0,0,0,0,0
apache-docker-wget,3,apache docker wget,ACCEPT,0,0,0,2,0,0,0,0,0,0,0,0
apache-docker-zstd,3,apache docker zstd,ACCEPT,0,0,0,1,0,0,0,0,0,0,0,0
apache-emacs,2,apache emacs,ACCEPT,0,0,0,3,0,0,0,0,0,0,0,0
apache-emacs-fake-cuda,3,apache emacs fake-cuda,REJECT,1,1,0,3,0,0,0,0,0,1,0,0
apache-emacs-fake-nvidia-driver,3,apache emacs fake-nvidia-driver,ACCEPT,0,0,0,3,0,0,0,0,0,0,0,0
apache-emacs-gawk,3,apache emacs gawk,ACCEPT,0,0,0,3,0,0,0,0,0,0,0,0
apache-emacs-gcc,3,apache emacs gcc,ACCEPT,0,0,0,8,0,0,0,0,0,0,0,0
apache-emacs-git,3,apache emacs git,ACCEPT,0,0,0,17,0,0,0,0,0,0,0,0
apache-emacs-htop,3,apache emacs htop,ACCEPT,0,0,0,3,0,0,0,0,0,0,0,0
apache-emacs-java,3,apache emacs java,ACCEPT,0,0,0,10,0,0,0,0,0,0,0,0
apache-emacs-jq,3,apache emacs jq,ACCEPT,0,0,0,8,0,0,0,0,0,0,0,0
apache-emacs-llvm,3,apache emacs llvm,ACCEPT,0,0,0,7,0,0,0,0,0,0,0,0
apache-emacs-memcached,3,apache emacs memcached,ACCEPT,0,0,0,10,0,0,0,0,0,0,0,0
apache-emacs-mta-msmtp,3,apache emacs mta-msmtp,ACCEPT,0,0,0,3,0,0,0,0,0,0,0,0
apache-emacs-mta-nullmailer,3,apache emacs mta-nullmailer,ACCEPT,0,0,0,3,0,0,0,0,0,0,0,0
apache-emacs-mysql,3,apache emacs mysql,ACCEPT,0,0,0,8,0,0,0,0,0,0,0,0
apache-emacs-nc-openbsd,3,apache emacs nc-openbsd,ACCEPT,0,0,0,3,0,0,0,0,0,0,0,0
apache-emacs-nc-traditional,3,apache emacs nc-traditional,ACCEPT,0,0,0,3,0,0,0,0,0,0,0,0
apache-emacs-nvidia-driver-535,3,apache emacs nvidia-driver-535,ACCEPT,0,0,0,3,0,0,0,0,0,0,0,0
apache-emacs-original-awk,3,apache emacs original-awk,ACCEPT,0,0,0,3,0,0,0,0,0,0,0,0
apache-emacs-pgclient,3,apache emacs pgclient,ACCEPT,0,0,0,11,0,0,0,0,0,0,0,0
apache-emacs-pipdemo,3,apache emacs pipdemo,ACCEPT,0,0,0,6,0,0,0,0,0,0,0,0
apache-emacs-postgres,3,apache emacs postgres,ACCEPT,0,0,0,15,0,0,0,0,0,0,0,0
apache-emacs-pytools,3,apache emacs pytools,ACCEPT,0,0,0,6,0,0,0,0,0,0,0,0
apache-emacs-pyyaml,3,apache emacs pyyaml,ACCEPT,0,0,0,6,0,0,0,0,0,0,0,0
apache-emacs-redis,3,apache emacs redis,ACCEPT,0,0,0,3,0,0,0,0,0,0,0,0
apache-emacs-rsync,3,apache emacs rsync,ACCEPT,0,0,0,3,0,0,0,0,0,0,0,0
apache-emacs-rust,3,apache emacs rust,ACCEPT,0,0,0,11,0,0,0,0,0,0,0,0
apache-emacs-socat,3,apache emacs socat,ACCEPT,0,0,0,3,0,0,0,0,0,0,0,0
apache-emacs-sqlite,3,apache emacs sqlite,ACCEPT,0,0,0,4,0,0,0,0,0,0,0,0
apache-emacs-tcpdump,3,apache emacs tcpdump,ACCEPT,0,0,0,4,0,0,0,0,0,0,0,0
apache-emacs-tmux,3,apache emacs tmux,ACCEPT,0,0,0,3,0,0,0,0,0,0,0,0
apache-emacs-vim,3,apache emacs vim,ACCEPT,0,0,0,7,0,0,0,0,0,0,0,0
apache-emacs-webserver,3,apache emacs webserver,ACCEPT,0,0,0,9,0,0,0,0,0,0,0,0
apache-emacs-wget,3,apache emacs wget,ACCEPT,0,0,0,4,0,0,0,0,0,0,0,0
apache-emacs-zstd,3,apache emacs zstd,ACCEPT,0,0,0,3,0,0,0,0,0,0,0,0
apache-fake-cuda,2,apache fake-cuda,REJECT,1,1,0,0,0,0,0,0,0,1,0,0
apache-fake-cuda-fake-nvidia-driver,3,apache fake-cuda fake-nvidia-driver,ACCEPT,0,0,0,0,0,0,0,0,0,0,0,0
apache-fake-cuda-gawk,3,apache fake-cuda gawk,REJECT,1,1,0,0,0,0,0,0,0,1,0,0
apache-fake-cuda-gcc,3,apache fake-cuda gcc,REJECT,1,1,0,5,0,0,0,0,0,1,0,0
apache-fake-cuda-git,3,apache fake-cuda git,REJECT,1,1,0,14,0,0,0,0,0,1,0,0
apache-fake-cuda-htop,3,apache fake-cuda htop,REJECT,1,1,0,0,0,0,0,0,0,1,0,0
apache-fake-cuda-java,3,apache fake-cuda java,REJECT,1,1,0,3,0,0,0,0,0,1,0,0
apache-fake-cuda-jq,3,apache fake-cuda jq,REJECT,1,1,0,5,0,0,0,0,0,1,0,0
apache-fake-cuda-llvm,3,apache fake-cuda llvm,REJECT,1,1,0,2,0,0,0,0,0,1,0,0
apache-fake-cuda-memcached,3,apache fake-cuda memcached,REJECT,1,1,0,7,0,0,0,0,0,1,0,0
apache-fake-cuda-mta-msmtp,3,apache fake-cuda mta-msmtp,REJECT,1,1,0,0,0,0,0,0,0,1,0,0
apache-fake-cuda-mta-nullmailer,3,apache fake-cuda mta-nullmailer,REJECT,1,1,0,0,0,0,0,0,0,1,0,0
apache-fake-cuda-mysql,3,apache fake-cuda mysql,REJECT,1,1,0,5,0,0,0,0,0,1,0,0
apache-fake-cuda-nc-openbsd,3,apache fake-cuda nc-openbsd,REJECT,1,1,0,0,0,0,0,0,0,1,0,0
apache-fake-cuda-nc-traditional,3,apache fake-cuda nc-traditional,REJECT,1,1,0,0,0,0,0,0,0,1,0,0
apache-fake-cuda-nvidia-driver-535,3,apache fake-cuda nvidia-driver-535,REJECT,1,1,0,0,0,0,0,0,0,1,0,0
apache-fake-cuda-original-awk,3,apache fake-cuda original-awk,REJECT,1,1,0,0,0,0,0,0,0,1,0,0
apache-fake-cuda-pgclient,3,apache fake-cuda pgclient,REJECT,1,1,0,8,0,0,0,0,0,1,0,0
apache-fake-cuda-pipdemo,3,apache fake-cuda pipdemo,REJECT,1,1,0,3,0,0,0,0,0,1,0,0
apache-fake-cuda-postgres,3,apache fake-cuda postgres,REJECT,1,1,0,10,0,0,0,0,0,1,0,0
apache-fake-cuda-pytools,3,apache fake-cuda pytools,REJECT,1,1,0,3,0,0,0,0,0,1,0,0
apache-fake-cuda-pyyaml,3,apache fake-cuda pyyaml,REJECT,1,1,0,3,0,0,0,0,0,1,0,0
apache-fake-cuda-redis,3,apache fake-cuda redis,REJECT,1,1,0,0,0,0,0,0,0,1,0,0
apache-fake-cuda-rsync,3,apache fake-cuda rsync,REJECT,1,1,0,0,0,0,0,0,0,1,0,0
apache-fake-cuda-rust,3,apache fake-cuda rust,REJECT,1,1,0,8,0,0,0,0,0,1,0,0
apache-fake-cuda-socat,3,apache fake-cuda socat,REJECT,1,1,0,0,0,0,0,0,0,1,0,0
apache-fake-cuda-sqlite,3,apache fake-cuda sqlite,REJECT,1,1,0,1,0,0,0,0,0,1,0,0
apache-fake-cuda-tcpdump,3,apache fake-cuda tcpdump,REJECT,1,1,0,0,0,0,0,0,0,1,0,0
apache-fake-cuda-tmux,3,apache fake-cuda tmux,REJECT,1,1,0,0,0,0,0,0,0,1,0,0
apache-fake-cuda-vim,3,apache fake-cuda vim,REJECT,1,1,0,3,0,0,0,0,0,1,0,0
apache-fake-cuda-webserver,3,apache fake-cuda webserver,REJECT,1,1,0,4,0,0,0,0,0,1,0,0
apache-fake-cuda-wget,3,apache fake-cuda wget,REJECT,1,1,0,1,0,0,0,0,0,1,0,0
apache-fake-cuda-zstd,3,apache fake-cuda zstd,REJECT,1,1,0,0,0,0,0,0,0,1,0,0
apache-fake-nvidia-driver,2,apache fake-nvidia-driver,ACCEPT,0,0,0,0,0,0,0,0,0,0,0,0
apache-fake-nvidia-driver-gawk,3,apache fake-nvidia-driver gawk,ACCEPT,0,0,0,0,0,0,0,0,0,0,0,0
apache-fake-nvidia-driver-gcc,3,apache fake-nvidia-driver gcc,ACCEPT,0,0,0,5,0,0,0,0,0,0,0,0
apache-fake-nvidia-driver-git,3,apache fake-nvidia-driver git,ACCEPT,0,0,0,14,0,0,0,0,0,0,0,0
apache-fake-nvidia-driver-htop,3,apache fake-nvidia-driver htop,ACCEPT,0,0,0,0,0,0,0,0,0,0,0,0
apache-fake-nvidia-driver-java,3,apache fake-nvidia-driver java,ACCEPT,0,0,0,3,0,0,0,0,0,0,0,0
apache-fake-nvidia-driver-jq,3,apache fake-nvidia-driver jq,ACCEPT,0,0,0,5,0,0,0,0,0,0,0,0
apache-fake-nvidia-driver-llvm,3,apache fake-nvidia-driver llvm,ACCEPT,0,0,0,2,0,0,0,0,0,0,0,0
apache-fake-nvidia-driver-memcached,3,apache fake-nvidia-driver memcached,ACCEPT,0,0,0,7,0,0,0,0,0,0,0,0
apache-fake-nvidia-driver-mta-msmtp,3,apache fake-nvidia-driver mta-msmtp,ACCEPT,0,0,0,0,0,0,0,0,0,0,0,0
apache-fake-nvidia-driver-mta-nullmailer,3,apache fake-nvidia-driver mta-nullmailer,ACCEPT,0,0,0,0,0,0,0,0,0,0,0,0
apache-fake-nvidia-driver-mysql,3,apache fake-nvidia-driver mysql,ACCEPT,0,0,0,5,0,0,0,0,0,0,0,0
apache-fake-nvidia-driver-nc-openbsd,3,apache fake-nvidia-driver nc-openbsd,ACCEPT,0,0,0,0,0,0,0,0,0,0,0,0
apache-fake-nvidia-driver-nc-traditional,3,apache fake-nvidia-driver nc-traditional,ACCEPT,0,0,0,0,0,0,0,0,0,0,0,0
apache-fake-nvidia-driver-nvidia-driver-535,3,apache fake-nvidia-driver nvidia-driver-535,ACCEPT,0,0,0,0,0,0,0,0,0,0,0,0
apache-fake-nvidia-driver-original-awk,3,apache fake-nvidia-driver original-awk,ACCEPT,0,0,0,0,0,0,0,0,0,0,0,0
apache-fake-nvidia-driver-pgclient,3,apache fake-nvidia-driver pgclient,ACCEPT,0,0,0,8,0,0,0,0,0,0,0,0
apache-fake-nvidia-driver-pipdemo,3,apache fake-nvidia-driver pipdemo,ACCEPT,0,0,0,3,0,0,0,0,0,0,0,0
apache-fake-nvidia-driver-postgres,3,apache fake-nvidia-driver postgres,ACCEPT,0,0,0,10,0,0,0,0,0,0,0,0
apache-fake-nvidia-driver-pytools,3,apache fake-nvidia-driver pytools,ACCEPT,0,0,0,3,0,0,0,0,0,0,0,0
apache-fake-nvidia-driver-pyyaml,3,apache fake-nvidia-driver pyyaml,ACCEPT,0,0,0,3,0,0,0,0,0,0,0,0
apache-fake-nvidia-driver-redis,3,apache fake-nvidia-driver redis,ACCEPT,0,0,0,0,0,0,0,0,0,0,0,0
apache-fake-nvidia-driver-rsync,3,apache fake-nvidia-driver rsync,ACCEPT,0,0,0,0,0,0,0,0,0,0,0,0
apache-fake-nvidia-driver-rust,3,apache fake-nvidia-driver rust,ACCEPT,0,0,0,8,0,0,0,0,0,0,0,0
apache-fake-nvidia-driver-socat,3,apache fake-nvidia-driver socat,ACCEPT,0,0,0,0,0,0,0,0,0,0,0,0
apache-fake-nvidia-driver-sqlite,3,apache fake-nvidia-driver sqlite,ACCEPT,0,0,0,1,0,0,0,0,0,0,0,0
apache-fake-nvidia-driver-tcpdump,3,apache fake-nvidia-driver tcpdump,ACCEPT,0,0,0,0,0,0,0,0,0,0,0,0
apache-fake-nvidia-driver-tmux,3,apache fake-nvidia-driver tmux,ACCEPT,0,0,0,0,0,0,0,0,0,0,0,0
apache-fake-nvidia-driver-vim,3,apache fake-nvidia-driver vim,ACCEPT,0,0,0,3,0,0,0,0,0,0,0,0
apache-fake-nvidia-driver-webserver,3,apache fake-nvidia-driver webserver,ACCEPT,0,0,0,4,0,0,0,0,0,0,0,0
apache-fake-nvidia-driver-wget,3,apache fake-nvidia-driver wget,ACCEPT,0,0,0,1,0,0,0,0,0,0,0,0
apache-fake-nvidia-driver-zstd,3,apache fake-nvidia-driver zstd,ACCEPT,0,0,0,0,0,0,0,0,0,0,0,0
apache-gawk,2,apache gawk,ACCEPT,0,0,0,0,0,0,0,0,0,0,0,0
apache-gawk-gcc,3,apache gawk gcc,ACCEPT,0,0,0,6,0,0,0,0,0,0,0,0
apache-gawk-git,3,apache gawk git,ACCEPT,0,0,0,14,0,0,0,0,0,0,0,0
apache-gawk-htop,3,apache gawk htop,ACCEPT,0,0,0,0,0,0,0,0,0,0,0,0
apache-gawk-java,3,apache gawk java,ACCEPT,0,0,0,3,0,0,0,0,0,0,0,0
apache-gawk-jq,3,apache gawk jq,ACCEPT,0,0,0,5,0,0,0,0,0,0,0,0
apache-gawk-llvm,3,apache gawk llvm,ACCEPT,0,0,0,2,0,0,0,0,0,0,0,0
apache-gawk-memcached,3,apache gawk memcached,ACCEPT,0,0,0,7,0,0,0,0,0,0,0,0
apache-gawk-mta-msmtp,3,apache gawk mta-msmtp,ACCEPT,0,0,0,0,0,0,0,0,0,0,0,0
apache-gawk-mta-nullmailer,3,apache gawk mta-nullmailer,ACCEPT,0,0,0,0,0,0,0,0,0,0,0,0
apache-gawk-mysql,3,apache gawk mysql,ACCEPT,0,0,0,10,0,0,0,0,0,0,0,0
apache-gawk-nc-openbsd,3,apache gawk nc-openbsd,ACCEPT,0,0,0,0,0,0,0,0,0,0,0,0
apache-gawk-nc-traditional,3,apache gawk nc-traditional,ACCEPT,0,0,0,0,0,0,0,0,0,0,0,0
apache-gawk-nvidia-driver-535,3,apache gawk nvidia-driver-535,ACCEPT,0,0,0,0,0,0,0,0,0,0,0,0
apache-gawk-original-awk,3,apache gawk original-awk,ACCEPT,0,0,0,0,0,0,0,0,0,0,0,0
apache-gawk-pgclient,3,apache gawk pgclient,ACCEPT,0,0,0,10,0,0,0,0,0,0,0,0
apache-gawk-pipdemo,3,apache gawk pipdemo,ACCEPT,0,0,0,5,0,0,0,0,0,0,0,0
apache-gawk-postgres,3,apache gawk postgres,ACCEPT,0,0,0,12,0,0,0,0,0,0,0,0
apache-gawk-pytools,3,apache gawk pytools,ACCEPT,0,0,0,5,0,0,0,0,0,0,0,0
apache-gawk-pyyaml,3,apache gawk pyyaml,ACCEPT,0,0,0,5,0,0,0,0,0,0,0,0
apache-gawk-redis,3,apache gawk redis,ACCEPT,0,0,0,0,0,0,0,0,0,0,0,0
apache-gawk-rsync,3,apache gawk rsync,ACCEPT,0,0,0,0,0,0,0,0,0,0,0,0
apache-gawk-rust,3,apache gawk rust,ACCEPT,0,0,0,9,0,0,0,0,0,0,0,0
apache-gawk-socat,3,apache gawk socat,ACCEPT,0,0,0,0,0,0,0,0,0,0,0,0
apache-gawk-sqlite,3,apache gawk sqlite,ACCEPT,0,0,0,3,0,0,0,0,0,0,0,0
apache-gawk-tcpdump,3,apache gawk tcpdump,ACCEPT,0,0,0,0,0,0,0,0,0,0,0,0
apache-gawk-tmux,3,apache gawk tmux,ACCEPT,0,0,0,0,0,0,0,0,0,0,0,0
apache-gawk-vim,3,apache gawk vim,ACCEPT,0,0,0,5,0,0,0,0,0,0,0,0
apache-gawk-webserver,3,apache gawk webserver,ACCEPT,0,0,0,4,0,0,0,0,0,0,0,0
apache-gawk-wget,3,apache gawk wget,ACCEPT,0,0,0,1,0,0,0,0,0,0,0,0
apache-gawk-zstd,3,apache gawk zstd,ACCEPT,0,0,0,0,0,0,0,0,0,0,0,0
apache-gcc,2,apache gcc,ACCEPT,0,0,0,5,0,0,0,0,0,0,0,0
apache-gcc-git,3,apache gcc git,ACCEPT,0,0,0,24,0,0,0,0,0,0,0,0
apache-gcc-htop,3,apache gcc htop,ACCEPT,0,0,0,5,0,0,0,0,0,0,0,0
apache-gcc-java,3,apache gcc java,ACCEPT,0,0,0,8,0,0,0,0,0,0,0,0
apache-gcc-jq,3,apache gcc jq,ACCEPT,0,0,0,15,0,0,0,0,0,0,0,0
apache-gcc-llvm,3,apache gcc llvm,ACCEPT,0,0,0,31,0,0,0,0,0,0,0,0
apache-gcc-memcached,3,apache gcc memcached,ACCEPT,0,0,0,17,0,0,0,0,0,0,0,0
apache-gcc-mta-msmtp,3,apache gcc mta-msmtp,ACCEPT,0,0,0,5,0,0,0,0,0,0,0,0
apache-gcc-mta-nullmailer,3,apache gcc mta-nullmailer,ACCEPT,0,0,0,5,0,0,0,0,0,0,0,0
apache-gcc-mysql,3,apache gcc mysql,ACCEPT,0,0,0,16,0,0,0,0,0,0,0,0
apache-gcc-nc-openbsd,3,apache gcc nc-openbsd,ACCEPT,0,0,0,5,0,0,0,0,0,0,0,0
apache-gcc-nc-traditional,3,apache gcc nc-traditional,ACCEPT,0,0,0,5,0,0,0,0,0,0,0,0
apache-gcc-nvidia-driver-535,3,apache gcc nvidia-driver-535,ACCEPT,0,0,0,11,0,0,0,0,0,0,0,0
apache-gcc-original-awk,3,apache gcc original-awk,ACCEPT,0,0,0,5,0,0,0,0,0,0,0,0
apache-gcc-pgclient,3,apache gcc pgclient,ACCEPT,0,0,0,18,0,0,0,0,0,0,0,0
apache-gcc-pipdemo,3,apache gcc pipdemo,ACCEPT,0,0,0,8,0,0,0,0,0,0,0,0
apache-gcc-postgres,3,apache gcc postgres,ACCEPT,0,0,0,20,0,0,0,0,0,0,0,0
apache-gcc-pytools,3,apache gcc pytools,ACCEPT,0,0,0,9,0,0,0,0,0,0,0,0
apache-gcc-pyyaml,3,apache gcc pyyaml,ACCEPT,0,0,0,8,0,0,0,0,0,0,0,0
apache-gcc-redis,3,apache gcc redis,ACCEPT,0,0,0,6,0,0,0,0,0,0,0,0
apache-gcc-rsync,3,apache gcc rsync,ACCEPT,0,0,0,5,0,0,0,0,0,0,0,0
apache-gcc-rust,3,apache gcc rust,ACCEPT,0,0,0,44,0,0,0,0,0,0,0,0
apache-gcc-socat,3,apache gcc socat,ACCEPT,0,0,0,5,0,0,0,0,0,0,0,0
apache-gcc-sqlite,3,apache gcc sqlite,ACCEPT,0,0,0,6,0,0,0,0,0,0,0,0
apache-gcc-tcpdump,3,apache gcc tcpdump,ACCEPT,0,0,0,5,0,0,0,0,0,0,0,0
apache-gcc-tmux,3,apache gcc tmux,ACCEPT,0,0,0,5,0,0,0,0,0,0,0,0
apache-gcc-vim,3,apache gcc vim,ACCEPT,0,0,0,8,0,0,0,0,0,0,0,0
apache-gcc-webserver,3,apache gcc webserver,ACCEPT,0,0,0,9,0,0,0,0,0,0,0,0
apache-gcc-wget,3,apache gcc wget,ACCEPT,0,0,0,6,0,0,0,0,0,0,0,0
apache-gcc-zstd,3,apache gcc zstd,ACCEPT,0,0,0,5,0,0,0,0,0,0,0,0
apache-git,2,apache git,ACCEPT,0,0,0,14,0,0,0,0,0,0,0,0
apache-git-htop,3,apache git htop,ACCEPT,0,0,0,14,0,0,0,0,0,0,0,0
apache-git-java,3,apache git java,ACCEPT,0,0,0,19,0,0,0,0,0,0,0,0
apache-git-jq,3,apache git jq,ACCEPT,0,0,0,24,0,0,0,0,0,0,0,0
apache-git-llvm,3,apache git llvm,ACCEPT,0,0,0,16,0,0,0,0,0,0,0,0
apache-git-memcached,3,apache git memcached,ACCEPT,0,0,0,28,0,0,0,0,0,0,0,0
apache-git-mta-msmtp,3,apache git mta-msmtp,ACCEPT,0,0,0,14,0,0,0,0,0,0,0,0
apache-git-mta-nullmailer,3,apache git mta-nullmailer,ACCEPT,0,0,0,14,0,0,0,0,0,0,0,0
apache-git-mysql,3,apache git mysql,ACCEPT,0,0,0,24,0,0,0,0,0,0,0,0
apache-git-nc-openbsd,3,apache git nc-openbsd,ACCEPT,0,0,0,14,0,0,0,0,0,0,0,0
apache-git-nc-traditional,3,apache git nc-traditional,ACCEPT,0,0,0,14,0,0,0,0,0,0,0,0
apache-git-nvidia-driver-535,3,apache git nvidia-driver-535,ACCEPT,0,0,0,14,0,0,0,0,0,0,0,0
apache-git-original-awk,3,apache git original-awk,ACCEPT,0,0,0,14,0,0,0,0,0,0,0,0
apache-git-pgclient,3,apache git pgclient,ACCEPT,0,0,0,30,0,0,0,0,0,0,0,0
apache-git-pipdemo,3,apache git pipdemo,ACCEPT,0,0,0,18,0,0,0,0,0,0,0,0
apache-git-postgres,3,apache git postgres,ACCEPT,0,0,0,32,0,0,0,0,0,0,0,0
apache-git-pytools,3,apache git pytools,ACCEPT,0,0,0,18,0,0,0,0,0,0,0,0
apache-git-pyyaml,3,apache git pyyaml,ACCEPT,0,0,0,18,0,0,0,0,0,0,0,0
apache-git-redis,3,apache git redis,ACCEPT,0,0,0,14,0,0,0,0,0,0,0,0
apache-git-rsync,3,apache git rsync,ACCEPT,0,0,0,14,0,0,0,0,0,0,0,0
apache-git-rust,3,apache git rust,ACCEPT,0,0,0,31,0,0,0,0,0,0,0,0
apache-git-socat,3,apache git socat,ACCEPT,0,0,0,14,0,0,0,0,0,0,0,0
apache-git-sqlite,3,apache git sqlite,ACCEPT,0,0,0,15,0,0,0,0,0,0,0,0
apache-git-tcpdump,3,apache git tcpdump,ACCEPT,0,0,0,14,0,0,0,0,0,0,0,0
apache-git-tmux,3,apache git tmux,ACCEPT,0,0,0,14,0,0,0,0,0,0,0,0
apache-git-vim,3,apache git vim,ACCEPT,0,0,0,18,0,0,0,0,0,0,0,0
apache-git-webserver,3,apache git webserver,ACCEPT,0,0,0,20,0,0,0,0,0,0,0,0
apache-git-wget,3,apache git wget,ACCEPT,0,0,0,16,0,0,0,0,0,0,0,0
apache-git-zstd,3,apache git zstd,ACCEPT,0,0,0,14,0,0,0,0,0,0,0,0
apache-htop,2,apache htop,ACCEPT,0,0,0,0,0,0,0,0,0,0,0,0
apache-htop-java,3,apache htop java,ACCEPT,0,0,0,3,0,0,0,0,0,0,0,0
apache-htop-jq,3,apache htop jq,ACCEPT,0,0,0,5,0,0,0,0,0,0,0,0
apache-htop-llvm,3,apache htop llvm,ACCEPT,0,0,0,2,0,0,0,0,0,0,0,0
apache-htop-memcached,3,apache htop memcached,ACCEPT,0,0,0,7,0,0,0,0,0,0,0,0
apache-htop-mta-msmtp,3,apache htop mta-msmtp,ACCEPT,0,0,0,0,0,0,0,0,0,0,0,0
apache-htop-mta-nullmailer,3,apache htop mta-nullmailer,ACCEPT,0,0,0,0,0,0,0,0,0,0,0,0
apache-htop-mysql,3,apache htop mysql,ACCEPT,0,0,0,5,0,0,0,0,0,0,0,0
apache-htop-nc-openbsd,3,apache htop nc-openbsd,ACCEPT,0,0,0,0,0,0,0,0,0,0,0,0
apache-htop-nc-traditional,3,apache htop nc-traditional,ACCEPT,0,0,0,0,0,0,0,0,0,0,0,0
apache-htop-nvidia-driver-535,3,apache htop nvidia-driver-535,ACCEPT,0,0,0,0,0,0,0,0,0,0,0,0
apache-htop-original-awk,3,apache htop original-awk,ACCEPT,0,0,0,0,0,0,0,0,0,0,0,0
apache-htop-pgclient,3,apache htop pgclient,ACCEPT,0,0,0,8,0,0,0,0,0,0,0,0
apache-htop-pipdemo,3,apache htop pipdemo,ACCEPT,0,0,0,3,0,0,0,0,0,0,0,0
apache-htop-postgres,3,apache htop postgres,ACCEPT,0,0,0,10,0,0,0,0,0,0,0,0
apache-htop-pytools,3,apache htop pytools,ACCEPT,0,0,0,3,0,0,0,0,0,0,0,0
apache-htop-pyyaml,3,apache htop pyyaml,ACCEPT,0,0,0,3,0,0,0,0,0,0,0,0
apache-htop-redis,3,apache htop redis,ACCEPT,0,0,0,0,0,0,0,0,0,0,0,0
apache-htop-rsync,3,apache htop rsync,ACCEPT,0,0,0,0,0,0,0,0,0,0,0,0
apache-htop-rust,3,apache htop rust,ACCEPT,0,0,0,8,0,0,0,0,0,0,0,0
apache-htop-socat,3,apache htop socat,ACCEPT,0,0,0,0,0,0,0,0,0,0,0,0
apache-htop-sqlite,3,apache htop sqlite,ACCEPT,0,0,0,1,0,0,0,0,0,0,0,0
apache-htop-tcpdump,3,apache htop tcpdump,ACCEPT,0,0,0,0,0,0,0,0,0,0,0,0
apache-htop-tmux,3,apache htop tmux,ACCEPT,0,0,0,0,0,0,0,0,0,0,0,0
apache-htop-vim,3,apache htop vim,ACCEPT,0,0,0,3,0,0,0,0,0,0,0,0
apache-htop-webserver,3,apache htop webserver,ACCEPT,0,0,0,4,0,0,0,0,0,0,0,0
apache-htop-wget,3,apache htop wget,ACCEPT,0,0,0,1,0,0,0,0,0,0,0,0
apache-htop-zstd,3,apache htop zstd,ACCEPT,0,0,0,0,0,0,0,0,0,0,0,0
apache-java,2,apache java,ACCEPT,0,0,0,3,0,0,0,0,0,0,0,0
apache-java-jq,3,apache java jq,ACCEPT,0,0,0,8,0,0,0,0,0,0,0,0
apache-java-llvm,3,apache java llvm,ACCEPT,0,0,0,5,0,0,0,0,0,0,0,0
apache-java-memcached,3,apache java memcached,ACCEPT,0,0,0,10,0,0,0,0,0,0,0,0
apache-java-mta-msmtp,3,apache java mta-msmtp,ACCEPT,0,0,0,5,0,0,0,0,0,0,0,0
apache-java-mta-nullmailer,3,apache java mta-nullmailer,ACCEPT,0,0,0,3,0,0,0,0,0,0,0,0
apache-java-mysql,3,apache java mysql,ACCEPT,0,0,0,8,0,0,0,0,0,0,0,0
apache-java-nc-openbsd,3,apache java nc-openbsd,ACCEPT,0,0,0,3,0,0,0,0,0,0,0,0
apache-java-nc-traditional,3,apache java nc-traditional,ACCEPT,0,0,0,3,0,0,0,0,0,0,0,0
apache-java-nvidia-driver-535,3,apache java nvidia-driver-535,ACCEPT,0,0,0,3,0,0,0,0,0,0,0,0
apache-java-original-awk,3,apache java original-awk,ACCEPT,0,0,0,3,0,0,0,0,0,0,0,0
apache-java-pgclient,3,apache java pgclient,ACCEPT,0,0,0,11,0,0,0,0,0,0,0,0
apache-java-pipdemo,3,apache java pipdemo,ACCEPT,0,0,0,8,0,0,0,0,0,0,0,0
apache-java-postgres,3,apache java postgres,ACCEPT,0,0,0,14,0,0,0,0,0,0,0,0
apache-java-pytools,3,apache java pytools,ACCEPT,0,0,0,8,0,0,0,0,0,0,0,0
apache-java-pyyaml,3,apache java pyyaml,ACCEPT,0,0,0,8,0,0,0,0,0,0,0,0
apache-java-redis,3,apache java redis,ACCEPT,0,0,0,3,0,0,0,0,0,0,0,0
apache-java-rsync,3,apache java rsync,ACCEPT,0,0,0,3,0,0,0,0,0,0,0,0
apache-java-rust,3,apache java rust,ACCEPT,0,0,0,12,0,0,0,0,0,0,0,0
apache-java-socat,3,apache java socat,ACCEPT,0,0,0,3,0,0,0,0,0,0,0,0
apache-java-sqlite,3,apache java sqlite,ACCEPT,0,0,0,5,0,0,0,0,0,0,0,0
apache-java-tcpdump,3,apache java tcpdump,ACCEPT,0,0,0,4,0,0,0,0,0,0,0,0
apache-java-tmux,3,apache java tmux,ACCEPT,0,0,0,3,0,0,0,0,0,0,0,0
apache-java-vim,3,apache java vim,ACCEPT,0,0,0,8,0,0,0,0,0,0,0,0
apache-java-webserver,3,apache java webserver,ACCEPT,0,0,0,17,0,0,0,0,0,0,0,0
apache-java-wget,3,apache java wget,ACCEPT,0,0,0,4,0,0,0,0,0,0,0,0
apache-java-zstd,3,apache java zstd,ACCEPT,0,0,0,3,0,0,0,0,0,0,0,0
apache-jq,2,apache jq,ACCEPT,0,0,0,5,0,0,0,0,0,0,0,0
apache-jq-llvm,3,apache jq llvm,ACCEPT,0,0,0,7,0,0,0,0,0,0,0,0
apache-jq-memcached,3,apache jq memcached,ACCEPT,0,0,0,17,0,0,0,0,0,0,0,0
apache-jq-mta-msmtp,3,apache jq mta-msmtp,ACCEPT,0,0,0,5,0,0,0,0,0,0,0,0
apache-jq-mta-nullmailer,3,apache jq mta-nullmailer,ACCEPT,0,0,0,5,0,0,0,0,0,0,0,0
apache-jq-mysql,3,apache jq mysql,ACCEPT,0,0,0,15,0,0,0,0,0,0,0,0
apache-jq-nc-openbsd,3,apache jq nc-openbsd,ACCEPT,0,0,0,5,0,0,0,0,0,0,0,0
apache-jq-nc-traditional,3,apache jq nc-traditional,ACCEPT,0,0,0,5,0,0,0,0,0,0,0,0
apache-jq-nvidia-driver-535,3,apache jq nvidia-driver-535,ACCEPT,0,0,0,5,0,0,0,0,0,0,0,0
apache-jq-original-awk,3,apache jq original-awk,ACCEPT,0,0,0,5,0,0,0,0,0,0,0,0
apache-jq-pgclient,3,apache jq pgclient,ACCEPT,0,0,0,18,0,0,0,0,0,0,0,0
apache-jq-pipdemo,3,apache jq pipdemo,ACCEPT,0,0,0,8,0,0,0,0,0,0,0,0
apache-jq-postgres,3,apache jq postgres,ACCEPT,0,0,0,20,0,0,0,0,0,0,0,0
apache-jq-pytools,3,apache jq pytools,ACCEPT,0,0,0,8,0,0,0,0,0,0,0,0
apache-jq-pyyaml,3,apache jq pyyaml,ACCEPT,0,0,0,8,0,0,0,0,0,0,0,0
apache-jq-redis,3,apache jq redis,ACCEPT,0,0,0,5,0,0,0,0,0,0,0,0
apache-jq-rsync,3,apache jq rsync,ACCEPT,0,0,0,5,0,0,0,0,0,0,0,0
apache-jq-rust,3,apache jq rust,ACCEPT,0,0,0,13,0,0,0,0,0,0,0,0
apache-jq-socat,3,apache jq socat,ACCEPT,0,0,0,5,0,0,0,0,0,0,0,0
apache-jq-sqlite,3,apache jq sqlite,ACCEPT,0,0,0,6,0,0,0,0,0,0,0,0
apache-jq-tcpdump,3,apache jq tcpdump,ACCEPT,0,0,0,5,0,0,0,0,0,0,0,0
apache-jq-tmux,3,apache jq tmux,ACCEPT,0,0,0,5,0,0,0,0,0,0,0,0
apache-jq-vim,3,apache jq vim,ACCEPT,0,0,0,8,0,0,0,0,0,0,0,0
apache-jq-webserver,3,apache jq webserver,ACCEPT,0,0,0,9,0,0,0,0,0,0,0,0
apache-jq-wget,3,apache jq wget,ACCEPT,0,0,0,6,0,0,0,0,0,0,0,0
apache-jq-zstd,3,apache jq zstd,ACCEPT,0,0,0,5,0,0,0,0,0,0,0,0
apache-llvm,2,apache llvm,ACCEPT,0,0,0,2,0,0,0,0,0,0,0,0
apache-llvm-memcached,3,apache llvm memcached,ACCEPT,0,0,0,9,0,0,0,0,0,0,0,0
apache-llvm-mta-msmtp,3,apache llvm mta-msmtp,ACCEPT,0,0,0,2,0,0,0,0,0,0,0,0
apache-llvm-mta-nullmailer,3,apache llvm mta-nullmailer,ACCEPT,0,0,0,2,0,0,0,0,0,0,0,0
apache-llvm-mysql,3,apache llvm mysql,ACCEPT,0,0,0,10,0,0,0,0,0,0,0,0
apache-llvm-nc-openbsd,3,apache llvm nc-openbsd,ACCEPT,0,0,0,4,0,0,0,0,0,0,0,0
apache-llvm-nc-traditional,3,apache llvm nc-traditional,ACCEPT,0,0,0,2,0,0,0,0,0,0,0,0
apache-llvm-nvidia-driver-535,3,apache llvm nvidia-driver-535,ACCEPT,0,0,0,8,0,0,0,0,0,0,0,0
apache-llvm-original-awk,3,apache llvm original-awk,ACCEPT,0,0,0,2,0,0,0,0,0,0,0,0
apache-llvm-pgclient,3,apache llvm pgclient,ACCEPT,0,0,0,10,0,0,0,0,0,0,0,0
apache-llvm-pipdemo,3,apache llvm pipdemo,ACCEPT,0,0,0,5,0,0,0,0,0,0,0,0
apache-llvm-postgres,3,apache llvm postgres,ACCEPT,0,0,0,18,0,0,0,0,0,0,0,0
apache-llvm-pytools,3,apache llvm pytools,ACCEPT,0,0,0,6,0,0,0,0,0,0,0,0
apache-llvm-pyyaml,3,apache llvm pyyaml,ACCEPT,0,0,0,5,0,0,0,0,0,0,0,0
apache-llvm-redis,3,apache llvm redis,ACCEPT,0,0,0,3,0,0,0,0,0,0,0,0
apache-llvm-rsync,3,apache llvm rsync,ACCEPT,0,0,0,2,0,0,0,0,0,0,0,0
apache-llvm-rust,3,apache llvm rust,ACCEPT,0,0,0,33,0,0,0,0,0,0,0,0
apache-llvm-socat,3,apache llvm socat,ACCEPT,0,0,0,2,0,0,0,0,0,0,0,0
apache-llvm-sqlite,3,apache llvm sqlite,ACCEPT,0,0,0,3,0,0,0,0,0,0,0,0
apache-llvm-tcpdump,3,apache llvm tcpdump,ACCEPT,0,0,0,2,0,0,0,0,0,0,0,0
apache-llvm-tmux,3,apache llvm tmux,ACCEPT,0,0,0,2,0,0,0,0,0,0,0,0
apache-llvm-vim,3,apache llvm vim,ACCEPT,0,0,0,5,0,0,0,0,0,0,0,0
apache-llvm-webserver,3,apache llvm webserver,ACCEPT,0,0,0,10,0,0,0,0,0,0,0,0
apache-llvm-wget,3,apache llvm wget,ACCEPT,0,0,0,3,0,0,0,0,0,0,0,0
apache-llvm-zstd,3,apache llvm zstd,ACCEPT,0,0,0,2,0,0,0,0,0,0,0,0
apache-memcached,2,apache memcached,ACCEPT,0,0,0,7,0,0,0,0,0,0,0,0
apache-memcached-mta-msmtp,3,apache memcached mta-msmtp,ACCEPT,0,0,0,7,0,0,0,0,0,0,0,0
apache-memcached-mta-nullmailer,3,apache memcached mta-nullmailer,ACCEPT,0,0,0,7,0,0,0,0,0,0,0,0
apache-memcached-mysql,3,apache memcached mysql,ACCEPT,0,0,0,17,0,0,0,0,0,0,0,0
apache-memcached-nc-openbsd,3,apache memcached nc-openbsd,ACCEPT,0,0,0,7,0,0,0,0,0,0,0,0
apache-memcached-nc-traditional,3,apache memcached nc-traditional,ACCEPT,0,0,0,7,0,0,0,0,0,0,0,0
apache-memcached-nvidia-driver-535,3,apache memcached nvidia-driver-535,ACCEPT,0,0,0,7,0,0,0,0,0,0,0,0
apache-memcached-original-awk,3,apache memcached original-awk,ACCEPT,0,0,0,7,0,0,0,0,0,0,0,0
apache-memcached-pgclient,3,apache memcached pgclient,ACCEPT,0,0,0,22,0,0,0,0,0,0,0,0
apache-memcached-pipdemo,3,apache memcached pipdemo,ACCEPT,0,0,0,10,0,0,0,0,0,0,0,0
apache-memcached-postgres,3,apache memcached postgres,ACCEPT,0,0,0,24,0,0,0,0,0,0,0,0
apache-memcached-pytools,3,apache memcached pytools,ACCEPT,0,0,0,10,0,0,0,0,0,0,0,0
apache-memcached-pyyaml,3,apache memcached pyyaml,ACCEPT,0,0,0,10,0,0,0,0,0,0,0,0
apache-memcached-redis,3,apache memcached redis,ACCEPT,0,0,0,7,0,0,0,0,0,0,0,0
apache-memcached-rsync,3,apache memcached rsync,ACCEPT,0,0,0,7,0,0,0,0,0,0,0,0
apache-memcached-rust,3,apache memcached rust,ACCEPT,0,0,0,17,0,0,0,0,0,0,0,0
apache-memcached-socat,3,apache memcached socat,ACCEPT,0,0,0,7,0,0,0,0,0,0,0,0
apache-memcached-sqlite,3,apache memcached sqlite,ACCEPT,0,0,0,8,0,0,0,0,0,0,0,0
apache-memcached-tcpdump,3,apache memcached tcpdump,ACCEPT,0,0,0,7,0,0,0,0,0,0,0,0
apache-memcached-tmux,3,apache memcached tmux,ACCEPT,0,0,0,7,0,0,0,0,0,0,0,0
apache-memcached-vim,3,apache memcached vim,ACCEPT,0,0,0,10,0,0,0,0,0,0,0,0
apache-memcached-webserver,3,apache memcached webserver,ACCEPT,0,0,0,11,0,0,0,0,0,0,0,0
apache-memcached-wget,3,apache memcached wget,ACCEPT,0,0,0,8,0,0,0,0,0,0,0,0
apache-memcached-zstd,3,apache memcached zstd,ACCEPT,0,0,0,7,0,0,0,0,0,0,0,0
apache-mta-msmtp,2,apache mta-msmtp,ACCEPT,0,0,0,0,0,0,0,0,0,0,0,0
apache-mta-msmtp-mta-nullmailer,3,apache mta-msmtp mta-nullmailer,REJECT,1,2,0,0,0,2,0,4,0,0,0,0
apache-mta-msmtp-mysql,3,apache mta-msmtp mysql,ACCEPT,0,0,0,5,0,0,0,0,0,0,0,0
apache-mta-msmtp-nc-openbsd,3,apache mta-msmtp nc-openbsd,ACCEPT,0,0,0,0,0,0,0,0,0,0,0,0
apache-mta-msmtp-nc-traditional,3,apache mta-msmtp nc-traditional,ACCEPT,0,0,0,0,0,0,0,0,0,0,0,0
apache-mta-msmtp-nvidia-driver-535,3,apache mta-msmtp nvidia-driver-535,ACCEPT,0,0,0,0,0,0,0,0,0,0,0,0
apache-mta-msmtp-original-awk,3,apache mta-msmtp original-awk,ACCEPT,0,0,0,0,0,0,0,0,0,0,0,0
apache-mta-msmtp-pgclient,3,apache mta-msmtp pgclient,ACCEPT,0,0,0,8,0,0,0,0,0,0,0,0
apache-mta-msmtp-pipdemo,3,apache mta-msmtp pipdemo,ACCEPT,0,0,0,3,0,0,0,0,0,0,0,0
apache-mta-msmtp-postgres,3,apache mta-msmtp postgres,ACCEPT,0,0,0,11,0,0,0,0,0,0,0,0
apache-mta-msmtp-pytools,3,apache mta-msmtp pytools,ACCEPT,0,0,0,3,0,0,0,0,0,0,0,0
apache-mta-msmtp-pyyaml,3,apache mta-msmtp pyyaml,ACCEPT,0,0,0,3,0,0,0,0,0,0,0,0
apache-mta-msmtp-redis,3,apache mta-msmtp redis,ACCEPT,0,0,0,0,0,0,0,0,0,0,0,0
apache-mta-msmtp-rsync,3,apache mta-msmtp rsync,ACCEPT,0,0,0,0,0,0,0,0,0,0,0,0
apache-mta-msmtp-rust,3,apache mta-msmtp rust,ACCEPT,0,0,0,8,0,0,0,0,0,0,0,0
apache-mta-msmtp-socat,3,apache mta-msmtp socat,ACCEPT,0,0,0,0,0,0,0,0,0,0,0,0
apache-mta-msmtp-sqlite,3,apache mta-msmtp sqlite,ACCEPT,0,0,0,1,0,0,0,0,0,0,0,0
apache-mta-msmtp-tcpdump,3,apache mta-msmtp tcpdump,ACCEPT,0,0,0,0,0,0,0,0,0,0,0,0
apache-mta-msmtp-tmux,3,apache mta-msmtp tmux,ACCEPT,0,0,0,0,0,0,0,0,0,0,0,0
apache-mta-msmtp-vim,3,apache mta-msmtp vim,ACCEPT,0,0,0,3,0,0,0,0,0,0,0,0
apache-mta-msmtp-webserver,3,apache mta-msmtp webserver,ACCEPT,0,0,0,5,0,0,0,0,0,0,0,0
apache-mta-msmtp-wget,3,apache mta-msmtp wget,ACCEPT,0,0,0,1,0,0,0,0,0,0,0,0
apache-mta-msmtp-zstd,3,apache mta-msmtp zstd,ACCEPT,0,0,0,0,0,0,0,0,0,0,0,0
apache-mta-nullmailer,2,apache mta-nullmailer,ACCEPT,0,0,0,0,0,0,0,0,0,0,0,0
apache-mta-nullmailer-mysql,3,apache mta-nullmailer mysql,ACCEPT,0,0,0,5,0,0,0,0,0,0,0,0
apache-mta-nullmailer-nc-openbsd,3,apache mta-nullmailer nc-openbsd,ACCEPT,0,0,0,0,0,0,0,0,0,0,0,0
apache-mta-nullmailer-nc-traditional,3,apache mta-nullmailer nc-traditional,ACCEPT,0,0,0,0,0,0,0,0,0,0,0,0
apache-mta-nullmailer-nvidia-driver-535,3,apache mta-nullmailer nvidia-driver-535,ACCEPT,0,0,0,0,0,0,0,0,0,0,0,0
apache-mta-nullmailer-original-awk,3,apache mta-nullmailer original-awk,ACCEPT,0,0,0,0,0,0,0,0,0,0,0,0
apache-mta-nullmailer-pgclient,3,apache mta-nullmailer pgclient,ACCEPT,0,0,0,8,0,0,0,0,0,0,0,0
apache-mta-nullmailer-pipdemo,3,apache mta-nullmailer pipdemo,ACCEPT,0,0,0,3,0,0,0,0,0,0,0,0
apache-mta-nullmailer-postgres,3,apache mta-nullmailer postgres,ACCEPT,0,0,0,10,0,0,0,0,0,0,0,0
apache-mta-nullmailer-pytools,3,apache mta-nullmailer pytools,ACCEPT,0,0,0,3,0,0,0,0,0,0,0,0
apache-mta-nullmailer-pyyaml,3,apache mta-nullmailer pyyaml,ACCEPT,0,0,0,3,0,0,0,0,0,0,0,0
apache-mta-nullmailer-redis,3,apache mta-nullmailer redis,ACCEPT,0,0,0,0,0,0,0,0,0,0,0,0
apache-mta-nullmailer-rsync,3,apache mta-nullmailer rsync,ACCEPT,0,0,0,0,0,0,0,0,0,0,0,0
apache-mta-nullmailer-rust,3,apache mta-nullmailer rust,ACCEPT,0,0,0,8,0,0,0,0,0,0,0,0
apache-mta-nullmailer-socat,3,apache mta-nullmailer socat,ACCEPT,0,0,0,0,0,0,0,0,0,0,0,0
apache-mta-nullmailer-sqlite,3,apache mta-nullmailer sqlite,ACCEPT,0,0,0,1,0,0,0,0,0,0,0,0
apache-mta-nullmailer-tcpdump,3,apache mta-nullmailer tcpdump,ACCEPT,0,0,0,0,0,0,0,0,0,0,0,0
apache-mta-nullmailer-tmux,3,apache mta-nullmailer tmux,ACCEPT,0,0,0,0,0,0,0,0,0,0,0,0
apache-mta-nullmailer-vim,3,apache mta-nullmailer vim,ACCEPT,0,0,0,3,0,0,0,0,0,0,0,0
apache-mta-nullmailer-webserver,3,apache mta-nullmailer webserver,ACCEPT,0,0,0,4,0,0,0,0,0,0,0,0
apache-mta-nullmailer-wget,3,apache mta-nullmailer wget,ACCEPT,0,0,0,1,0,0,0,0,0,0,0,0
apache-mta-nullmailer-zstd,3,apache mta-nullmailer zstd,ACCEPT,0,0,0,0,0,0,0,0,0,0,0,0
apache-mysql,2,apache mysql,ACCEPT,0,0,0,5,0,0,0,0,0,0,0,0
apache-mysql-nc-openbsd,3,apache mysql nc-openbsd,ACCEPT,0,0,0,7,0,0,0,0,0,0,0,0
apache-mysql-nc-traditional,3,apache mysql nc-traditional,ACCEPT,0,0,0,5,0,0,0,0,0,0,0,0
apache-mysql-nvidia-driver-535,3,apache mysql nvidia-driver-535,ACCEPT,0,0,0,5,0,0,0,0,0,0,0,0
apache-mysql-original-awk,3,apache mysql original-awk,ACCEPT,0,0,0,5,0,0,0,0,0,0,0,0
apache-mysql-pgclient,3,apache mysql pgclient,ACCEPT,0,0,0,20,0,0,0,0,0,0,0,0
apache-mysql-pipdemo,3,apache mysql pipdemo,ACCEPT,0,0,0,10,0,0,0,0,0,0,0,0
apache-mysql-postgres,3,apache mysql postgres,ACCEPT,0,0,0,25,0,0,0,0,0,0,0,0
apache-mysql-pytools,3,apache mysql pytools,ACCEPT,0,0,0,10,0,0,0,0,0,0,0,0
apache-mysql-pyyaml,3,apache mysql pyyaml,ACCEPT,0,0,0,10,0,0,0,0,0,0,0,0
apache-mysql-redis,3,apache mysql redis,ACCEPT,0,0,0,5,0,0,0,0,0,0,0,0
apache-mysql-rsync,3,apache mysql rsync,ACCEPT,0,0,0,7,0,0,0,0,0,0,0,0
apache-mysql-rust,3,apache mysql rust,ACCEPT,0,0,0,14,0,0,0,0,0,0,0,0
apache-mysql-socat,3,apache mysql socat,ACCEPT,0,0,0,7,0,0,0,0,0,0,0,0
apache-mysql-sqlite,3,apache mysql sqlite,ACCEPT,0,0,0,8,0,0,0,0,0,0,0,0
apache-mysql-tcpdump,3,apache mysql tcpdump,ACCEPT,0,0,0,5,0,0,0,0,0,0,0,0
apache-mysql-tmux,3,apache mysql tmux,ACCEPT,0,0,0,5,0,0,0,0,0,0,0,0
apache-mysql-vim,3,apache mysql vim,ACCEPT,0,0,0,10,0,0,0,0,0,0,0,0
apache-mysql-webserver,3,apache mysql webserver,ACCEPT,0,0,0,17,0,0,0,0,0,0,0,0
apache-mysql-wget,3,apache mysql wget,ACCEPT,0,0,0,6,0,0,0,0,0,0,0,0
apache-mysql-zstd,3,apache mysql zstd,ACCEPT,0,0,0,5,0,0,0,0,0,0,0,0
apache-nc-openbsd,2,apache nc-openbsd,ACCEPT,0,0,0,0,0,0,0,0,0,0,0,0
apache-nc-openbsd-nc-traditional,3,apache nc-openbsd nc-traditional,ACCEPT,0,0,0,0,0,0,0,0,0,0,0,0
apache-nc-openbsd-nvidia-driver-535,3,apache nc-openbsd nvidia-driver-535,ACCEPT,0,0,0,0,0,0,0,0,0,0,0,0
apache-nc-openbsd-original-awk,3,apache nc-openbsd original-awk,ACCEPT,0,0,0,0,0,0,0,0,0,0,0,0
apache-nc-openbsd-pgclient,3,apache nc-openbsd pgclient,ACCEPT,0,0,0,8,0,0,0,0,0,0,0,0
apache-nc-openbsd-pipdemo,3,apache nc-openbsd pipdemo,ACCEPT,0,0,0,3,0,0,0,0,0,0,0,0
apache-nc-openbsd-postgres,3,apache nc-openbsd postgres,ACCEPT,0,0,0,12,0,0,0,0,0,0,0,0
apache-nc-openbsd-pytools,3,apache nc-openbsd pytools,ACCEPT,0,0,0,3,0,0,0,0,0,0,0,0
apache-nc-openbsd-pyyaml,3,apache nc-openbsd pyyaml,ACCEPT,0,0,0,3,0,0,0,0,0,0,0,0
apache-nc-openbsd-redis,3,apache nc-openbsd redis,ACCEPT,0,0,0,0,0,0,0,0,0,0,0,0
apache-nc-openbsd-rsync,3,apache nc-openbsd rsync,ACCEPT,0,0,0,0,0,0,0,0,0,0,0,0
apache-nc-openbsd-rust,3,apache nc-openbsd rust,ACCEPT,0,0,0,8,0,0,0,0,0,0,0,0
apache-nc-openbsd-socat,3,apache nc-openbsd socat,ACCEPT,0,0,0,0,0,0,0,0,0,0,0,0
apache-nc-openbsd-sqlite,3,apache nc-openbsd sqlite,ACCEPT,0,0,0,1,0,0,0,0,0,0,0,0
apache-nc-openbsd-tcpdump,3,apache nc-openbsd tcpdump,ACCEPT,0,0,0,0,0,0,0,0,0,0,0,0
apache-nc-openbsd-tmux,3,apache nc-openbsd tmux,ACCEPT,0,0,0,0,0,0,0,0,0,0,0,0
apache-nc-openbsd-vim,3,apache nc-openbsd vim,ACCEPT,0,0,0,3,0,0,0,0,0,0,0,0
apache-nc-openbsd-webserver,3,apache nc-openbsd webserver,ACCEPT,0,0,0,6,0,0,0,0,0,0,0,0
apache-nc-openbsd-wget,3,apache nc-openbsd wget,ACCEPT,0,0,0,1,0,0,0,0,0,0,0,0
apache-nc-openbsd-zstd,3,apache nc-openbsd zstd,ACCEPT,0,0,0,0,0,0,0,0,0,0,0,0
apache-nc-traditional,2,apache nc-traditional,ACCEPT,0,0,0,0,0,0,0,0,0,0,0,0
apache-nc-traditional-nvidia-driver-535,3,apache nc-traditional nvidia-driver-535,ACCEPT,0,0,0,0,0,0,0,0,0,0,0,0
apache-nc-traditional-original-awk,3,apache nc-traditional original-awk,ACCEPT,0,0,0,0,0,0,0,0,0,0,0,0
apache-nc-traditional-pgclient,3,apache nc-traditional pgclient,ACCEPT,0,0,0,8,0,0,0,0,0,0,0,0
apache-nc-traditional-pipdemo,3,apache nc-traditional pipdemo,ACCEPT,0,0,0,3,0,0,0,0,0,0,0,0
apache-nc-traditional-postgres,3,apache nc-traditional postgres,ACCEPT,0,0,0,10,0,0,0,0,0,0,0,0
apache-nc-traditional-pytools,3,apache nc-traditional pytools,ACCEPT,0,0,0,3,0,0,0,0,0,0,0,0
apache-nc-traditional-pyyaml,3,apache nc-traditional pyyaml,ACCEPT,0,0,0,3,0,0,0,0,0,0,0,0
apache-nc-traditional-redis,3,apache nc-traditional redis,ACCEPT,0,0,0,0,0,0,0,0,0,0,0,0
apache-nc-traditional-rsync,3,apache nc-traditional rsync,ACCEPT,0,0,0,0,0,0,0,0,0,0,0,0
apache-nc-traditional-rust,3,apache nc-traditional rust,ACCEPT,0,0,0,8,0,0,0,0,0,0,0,0
apache-nc-traditional-socat,3,apache nc-traditional socat,ACCEPT,0,0,0,0,0,0,0,0,0,0,0,0
apache-nc-traditional-sqlite,3,apache nc-traditional sqlite,ACCEPT,0,0,0,1,0,0,0,0,0,0,0,0
apache-nc-traditional-tcpdump,3,apache nc-traditional tcpdump,ACCEPT,0,0,0,0,0,0,0,0,0,0,0,0
apache-nc-traditional-tmux,3,apache nc-traditional tmux,ACCEPT,0,0,0,0,0,0,0,0,0,0,0,0
apache-nc-traditional-vim,3,apache nc-traditional vim,ACCEPT,0,0,0,3,0,0,0,0,0,0,0,0
apache-nc-traditional-webserver,3,apache nc-traditional webserver,ACCEPT,0,0,0,4,0,0,0,0,0,0,0,0
apache-nc-traditional-wget,3,apache nc-traditional wget,ACCEPT,0,0,0,1,0,0,0,0,0,0,0,0
apache-nc-traditional-zstd,3,apache nc-traditional zstd,ACCEPT,0,0,0,0,0,0,0,0,0,0,0,0
apache-nvidia-driver-535,2,apache nvidia-driver-535,ACCEPT,0,0,0,0,0,0,0,0,0,0,0,0
apache-nvidia-driver-535-original-awk,3,apache nvidia-driver-535 original-awk,ACCEPT,0,0,0,0,0,0,0,0,0,0,0,0
apache-nvidia-driver-535-pgclient,3,apache nvidia-driver-535 pgclient,ACCEPT,0,0,0,8,0,0,0,0,0,0,0,0
apache-nvidia-driver-535-pipdemo,3,apache nvidia-driver-535 pipdemo,ACCEPT,0,0,0,3,0,0,0,0,0,0,0,0
apache-nvidia-driver-535-postgres,3,apache nvidia-driver-535 postgres,ACCEPT,0,0,0,10,0,0,0,0,0,0,0,0
apache-nvidia-driver-535-pytools,3,apache nvidia-driver-535 pytools,ACCEPT,0,0,0,3,0,0,0,0,0,0,0,0
apache-nvidia-driver-535-pyyaml,3,apache nvidia-driver-535 pyyaml,ACCEPT,0,0,0,3,0,0,0,0,0,0,0,0
apache-nvidia-driver-535-redis,3,apache nvidia-driver-535 redis,ACCEPT,0,0,0,0,0,0,0,0,0,0,0,0
apache-nvidia-driver-535-rsync,3,apache nvidia-driver-535 rsync,ACCEPT,0,0,0,0,0,0,0,0,0,0,0,0
apache-nvidia-driver-535-rust,3,apache nvidia-driver-535 rust,ACCEPT,0,0,0,14,0,0,0,0,0,0,0,0
apache-nvidia-driver-535-socat,3,apache nvidia-driver-535 socat,ACCEPT,0,0,0,0,0,0,0,0,0,0,0,0
apache-nvidia-driver-535-sqlite,3,apache nvidia-driver-535 sqlite,ACCEPT,0,0,0,1,0,0,0,0,0,0,0,0
apache-nvidia-driver-535-tcpdump,3,apache nvidia-driver-535 tcpdump,ACCEPT,0,0,0,0,0,0,0,0,0,0,0,0
apache-nvidia-driver-535-tmux,3,apache nvidia-driver-535 tmux,ACCEPT,0,0,0,0,0,0,0,0,0,0,0,0
apache-nvidia-driver-535-vim,3,apache nvidia-driver-535 vim,ACCEPT,0,0,0,3,0,0,0,0,0,0,0,0
apache-nvidia-driver-535-webserver,3,apache nvidia-driver-535 webserver,ACCEPT,0,0,0,4,0,0,0,0,0,0,0,0
apache-nvidia-driver-535-wget,3,apache nvidia-driver-535 wget,ACCEPT,0,0,0,1,0,0,0,0,0,0,0,0
apache-nvidia-driver-535-zstd,3,apache nvidia-driver-535 zstd,ACCEPT,0,0,0,0,0,0,0,0,0,0,0,0
apache-original-awk,2,apache original-awk,ACCEPT,0,0,0,0,0,0,0,0,0,0,0,0
apache-original-awk-pgclient,3,apache original-awk pgclient,ACCEPT,0,0,0,8,0,0,0,0,0,0,0,0
apache-original-awk-pipdemo,3,apache original-awk pipdemo,ACCEPT,0,0,0,3,0,0,0,0,0,0,0,0
apache-original-awk-postgres,3,apache original-awk postgres,ACCEPT,0,0,0,10,0,0,0,0,0,0,0,0
apache-original-awk-pytools,3,apache original-awk pytools,ACCEPT,0,0,0,3,0,0,0,0,0,0,0,0
apache-original-awk-pyyaml,3,apache original-awk pyyaml,ACCEPT,0,0,0,3,0,0,0,0,0,0,0,0
apache-original-awk-redis,3,apache original-awk redis,ACCEPT,0,0,0,0,0,0,0,0,0,0,0,0
apache-original-awk-rsync,3,apache original-awk rsync,ACCEPT,0,0,0,0,0,0,0,0,0,0,0,0
apache-original-awk-rust,3,apache original-awk rust,ACCEPT,0,0,0,8,0,0,0,0,0,0,0,0
apache-original-awk-socat,3,apache original-awk socat,ACCEPT,0,0,0,0,0,0,0,0,0,0,0,0
apache-original-awk-sqlite,3,apache original-awk sqlite,ACCEPT,0,0,0,1,0,0,0,0,0,0,0,0
apache-original-awk-tcpdump,3,apache original-awk tcpdump,ACCEPT,0,0,0,0,0,0,0,0,0,0,0,0
apache-original-awk-tmux,3,apache original-awk tmux,ACCEPT,0,0,0,0,0,0,0,0,0,0,0,0
apache-original-awk-vim,3,apache original-awk vim,ACCEPT,0,0,0,3,0,0,0,0,0,0,0,0
apache-original-awk-webserver,3,apache original-awk webserver,ACCEPT,0,0,0,4,0,0,0,0,0,0,0,0
apache-original-awk-wget,3,apache original-awk wget,ACCEPT,0,0,0,1,0,0,0,0,0,0,0,0
apache-original-awk-zstd,3,apache original-awk zstd,ACCEPT,0,0,0,0,0,0,0,0,0,0,0,0
apache-pgclient,2,apache pgclient,ACCEPT,0,0,0,8,0,0,0,0,0,0,0,0
apache-pgclient-pipdemo,3,apache pgclient pipdemo,ACCEPT,0,0,0,13,0,0,0,0,0,0,0,0
apache-pgclient-postgres,3,apache pgclient postgres,ACCEPT,0,0,0,32,0,0,0,0,0,0,0,0
apache-pgclient-pytools,3,apache pgclient pytools,ACCEPT,0,0,0,13,0,0,0,0,0,0,0,0
apache-pgclient-pyyaml,3,apache pgclient pyyaml,ACCEPT,0,0,0,13,0,0,0,0,0,0,0,0
apache-pgclient-redis,3,apache pgclient redis,ACCEPT,0,0,0,8,0,0,0,0,0,0,0,0
apache-pgclient-rsync,3,apache pgclient rsync,ACCEPT,0,0,0,8,0,0,0,0,0,0,0,0
apache-pgclient-rust,3,apache pgclient rust,ACCEPT,0,0,0,19,0,0,0,0,0,0,0,0
apache-pgclient-socat,3,apache pgclient socat,ACCEPT,0,0,0,8,0,0,0,0,0,0,0,0
apache-pgclient-sqlite,3,apache pgclient sqlite,ACCEPT,0,0,0,11,0,0,0,0,0,0,0,0
apache-pgclient-tcpdump,3,apache pgclient tcpdump,ACCEPT,0,0,0,8,0,0,0,0,0,0,0,0
apache-pgclient-tmux,3,apache pgclient tmux,ACCEPT,0,0,0,8,0,0,0,0,0,0,0,0
apache-pgclient-vim,3,apache pgclient vim,ACCEPT,0,0,0,13,0,0,0,0,0,0,0,0
apache-pgclient-webserver,3,apache pgclient webserver,ACCEPT,0,0,0,12,0,0,0,0,0,0,0,0
apache-pgclient-wget,3,apache pgclient wget,ACCEPT,0,0,0,9,0,0,0,0,0,0,0,0
apache-pgclient-zstd,3,apache pgclient zstd,ACCEPT,0,0,0,8,0,0,0,0,0,0,0,0
apache-pipdemo,2,apache pipdemo,ACCEPT,0,0,0,3,0,0,0,0,0,0,0,0
apache-pipdemo-postgres,3,apache pipdemo postgres,ACCEPT,0,0,0,15,0,0,0,0,0,0,0,0
apache-pipdemo-pytools,3,apache pipdemo pytools,ACCEPT,0,0,0,25,0,0,0,0,0,0,0,0
apache-pipdemo-pyyaml,3,apache pipdemo pyyaml,ACCEPT,0,0,0,19,0,0,0,0,0,0,0,0
apache-pipdemo-redis,3,apache pipdemo redis,ACCEPT,0,0,0,3,0,0,0,0,0,0,0,0
apache-pipdemo-rsync,3,apache pipdemo rsync,ACCEPT,0,0,0,3,0,0,0,0,0,0,0,0
apache-pipdemo-rust,3,apache pipdemo rust,ACCEPT,0,0,0,11,0,0,0,0,0,0,0,0
apache-pipdemo-socat,3,apache pipdemo socat,ACCEPT,0,0,0,3,0,0,0,0,0,0,0,0
apache-pipdemo-sqlite,3,apache pipdemo sqlite,ACCEPT,0,0,0,7,0,0,0,0,0,0,0,0
apache-pipdemo-tcpdump,3,apache pipdemo tcpdump,ACCEPT,0,0,0,3,0,0,0,0,0,0,0,0
apache-pipdemo-tmux,3,apache pipdemo tmux,ACCEPT,0,0,0,3,0,0,0,0,0,0,0,0
apache-pipdemo-vim,3,apache pipdemo vim,ACCEPT,0,0,0,14,0,0,0,0,0,0,0,0
apache-pipdemo-webserver,3,apache pipdemo webserver,ACCEPT,0,0,0,8,0,0,0,0,0,0,0,0
apache-pipdemo-wget,3,apache pipdemo wget,ACCEPT,0,0,0,4,0,0,0,0,0,0,0,0
apache-pipdemo-zstd,3,apache pipdemo zstd,ACCEPT,0,0,0,3,0,0,0,0,0,0,0,0
apache-postgres,2,apache postgres,ACCEPT,0,0,0,10,0,0,0,0,0,0,0,0
apache-postgres-pytools,3,apache postgres pytools,ACCEPT,0,0,0,15,0,0,0,0,0,0,0,0
apache-postgres-pyyaml,3,apache postgres pyyaml,ACCEPT,0,0,0,15,0,0,0,0,0,0,0,0
apache-postgres-redis,3,apache postgres redis,ACCEPT,0,0,0,10,0,0,0,0,0,0,0,0
apache-postgres-rsync,3,apache postgres rsync,ACCEPT,0,0,0,10,0,0,0,0,0,0,0,0
apache-postgres-rust,3,apache postgres rust,ACCEPT,0,0,0,21,0,0,0,0,0,0,0,0
apache-postgres-socat,3,apache postgres socat,ACCEPT,0,0,0,10,0,0,0,0,0,0,0,0
apache-postgres-sqlite,3,apache postgres sqlite,ACCEPT,0,0,0,13,0,0,0,0,0,0,0,0
apache-postgres-tcpdump,3,apache postgres tcpdump,ACCEPT,0,0,0,10,0,0,0,0,0,0,0,0
apache-postgres-tmux,3,apache postgres tmux,ACCEPT,0,0,0,10,0,0,0,0,0,0,0,0
apache-postgres-vim,3,apache postgres vim,ACCEPT,0,0,0,15,0,0,0,0,0,0,0,0
apache-postgres-webserver,3,apache postgres webserver,ACCEPT,0,0,0,20,0,0,0,0,0,0,0,0
apache-postgres-wget,3,apache postgres wget,ACCEPT,0,0,0,11,0,0,0,0,0,0,0,0
apache-postgres-zstd,3,apache postgres zstd,ACCEPT,0,0,0,10,0,0,0,0,0,0,0,0
apache-pytools,2,apache pytools,ACCEPT,0,0,0,3,0,0,0,0,0,0,0,0
apache-pytools-pyyaml,3,apache pytools pyyaml,ACCEPT,0,0,0,19,0,0,0,0,0,0,0,0
apache-pytools-redis,3,apache pytools redis,ACCEPT,0,0,0,3,0,0,0,0,0,0,0,0
apache-pytools-rsync,3,apache pytools rsync,ACCEPT,0,0,0,3,0,0,0,0,0,0,0,0
apache-pytools-rust,3,apache pytools rust,ACCEPT,0,0,0,12,0,0,0,0,0,0,0,0
apache-pytools-socat,3,apache pytools socat,ACCEPT,0,0,0,3,0,0,0,0,0,0,0,0
apache-pytools-sqlite,3,apache pytools sqlite,ACCEPT,0,0,0,7,0,0,0,0,0,0,0,0
apache-pytools-tcpdump,3,apache pytools tcpdump,ACCEPT,0,0,0,3,0,0,0,0,0,0,0,0
apache-pytools-tmux,3,apache pytools tmux,ACCEPT,0,0,0,3,0,0,0,0,0,0,0,0
apache-pytools-vim,3,apache pytools vim,ACCEPT,0,0,0,14,0,0,0,0,0,0,0,0
apache-pytools-webserver,3,apache pytools webserver,ACCEPT,0,0,0,8,0,0,0,0,0,0,0,0
apache-pytools-wget,3,apache pytools wget,ACCEPT,0,0,0,4,0,0,0,0,0,0,0,0
apache-pytools-zstd,3,apache pytools zstd,ACCEPT,0,0,0,3,0,0,0,0,0,0,0,0
apache-pyyaml,2,apache pyyaml,ACCEPT,0,0,0,3,0,0,0,0,0,0,0,0
apache-pyyaml-redis,3,apache pyyaml redis,ACCEPT,0,0,0,3,0,0,0,0,0,0,0,0
apache-pyyaml-rsync,3,apache pyyaml rsync,ACCEPT,0,0,0,3,0,0,0,0,0,0,0,0
apache-pyyaml-rust,3,apache pyyaml rust,ACCEPT,0,0,0,11,0,0,0,0,0,0,0,0
apache-pyyaml-socat,3,apache pyyaml socat,ACCEPT,0,0,0,3,0,0,0,0,0,0,0,0
apache-pyyaml-sqlite,3,apache pyyaml sqlite,ACCEPT,0,0,0,7,0,0,0,0,0,0,0,0
apache-pyyaml-tcpdump,3,apache pyyaml tcpdump,ACCEPT,0,0,0,3,0,0,0,0,0,0,0,0
apache-pyyaml-tmux,3,apache pyyaml tmux,ACCEPT,0,0,0,3,0,0,0,0,0,0,0,0
apache-pyyaml-vim,3,apache pyyaml vim,ACCEPT,0,0,0,14,0,0,0,0,0,0,0,0
apache-pyyaml-webserver,3,apache pyyaml webserver,ACCEPT,0,0,0,8,0,0,0,0,0,0,0,0
apache-pyyaml-wget,3,apache pyyaml wget,ACCEPT,0,0,0,4,0,0,0,0,0,0,0,0
apache-pyyaml-zstd,3,apache pyyaml zstd,ACCEPT,0,0,0,3,0,0,0,0,0,0,0,0
apache-redis,2,apache redis,ACCEPT,0,0,0,0,0,0,0,0,0,0,0,0
apache-redis-rsync,3,apache redis rsync,ACCEPT,0,0,0,0,0,0,0,0,0,0,0,0
apache-redis-rust,3,apache redis rust,ACCEPT,0,0,0,9,0,0,0,0,0,0,0,0
apache-redis-socat,3,apache redis socat,ACCEPT,0,0,0,0,0,0,0,0,0,0,0,0
apache-redis-sqlite,3,apache redis sqlite,ACCEPT,0,0,0,1,0,0,0,0,0,0,0,0
apache-redis-tcpdump,3,apache redis tcpdump,ACCEPT,0,0,0,0,0,0,0,0,0,0,0,0
apache-redis-tmux,3,apache redis tmux,ACCEPT,0,0,0,0,0,0,0,0,0,0,0,0
apache-redis-vim,3,apache redis vim,ACCEPT,0,0,0,3,0,0,0,0,0,0,0,0
apache-redis-webserver,3,apache redis webserver,ACCEPT,0,0,0,4,0,0,0,0,0,0,0,0
apache-redis-wget,3,apache redis wget,ACCEPT,0,0,0,1,0,0,0,0,0,0,0,0
apache-redis-zstd,3,apache redis zstd,ACCEPT,0,0,0,0,0,0,0,0,0,0,0,0
apache-rsync,2,apache rsync,ACCEPT,0,0,0,0,0,0,0,0,0,0,0,0
apache-rsync-rust,3,apache rsync rust,ACCEPT,0,0,0,8,0,0,0,0,0,0,0,0
apache-rsync-socat,3,apache rsync socat,ACCEPT,0,0,0,0,0,0,0,0,0,0,0,0
apache-rsync-sqlite,3,apache rsync sqlite,ACCEPT,0,0,0,1,0,0,0,0,0,0,0,0
apache-rsync-tcpdump,3,apache rsync tcpdump,ACCEPT,0,0,0,0,0,0,0,0,0,0,0,0
apache-rsync-tmux,3,apache rsync tmux,ACCEPT,0,0,0,0,0,0,0,0,0,0,0,0
apache-rsync-vim,3,apache rsync vim,ACCEPT,0,0,0,3,0,0,0,0,0,0,0,0
apache-rsync-webserver,3,apache rsync webserver,ACCEPT,0,0,0,4,0,0,0,0,0,0,0,0
apache-rsync-wget,3,apache rsync wget,ACCEPT,0,0,0,1,0,0,0,0,0,0,0,0
apache-rsync-zstd,3,apache rsync zstd,ACCEPT,0,0,0,0,0,0,0,0,0,0,0,0
apache-rust,2,apache rust,ACCEPT,0,0,0,8,0,0,0,0,0,0,0,0
apache-rust-socat,3,apache rust socat,ACCEPT,0,0,0,8,0,0,0,0,0,0,0,0
apache-rust-sqlite,3,apache rust sqlite,ACCEPT,0,0,0,9,0,0,0,0,0,0,0,0
apache-rust-tcpdump,3,apache rust tcpdump,ACCEPT,0,0,0,8,0,0,0,0,0,0,0,0
apache-rust-tmux,3,apache rust tmux,ACCEPT,0,0,0,8,0,0,0,0,0,0,0,0
apache-rust-vim,3,apache rust vim,ACCEPT,0,0,0,11,0,0,0,0,0,0,0,0
apache-rust-webserver,3,apache rust webserver,ACCEPT,0,0,0,13,0,0,0,0,0,0,0,0
apache-rust-wget,3,apache rust wget,ACCEPT,0,0,0,10,0,0,0,0,0,0,0,0
apache-rust-zstd,3,apache rust zstd,ACCEPT,0,0,0,8,0,0,0,0,0,0,0,0
apache-socat,2,apache socat,ACCEPT,0,0,0,0,0,0,0,0,0,0,0,0
apache-socat-sqlite,3,apache socat sqlite,ACCEPT,0,0,0,1,0,0,0,0,0,0,0,0
apache-socat-tcpdump,3,apache socat tcpdump,ACCEPT,0,0,0,0,0,0,0,0,0,0,0,0
apache-socat-tmux,3,apache socat tmux,ACCEPT,0,0,0,0,0,0,0,0,0,0,0,0
apache-socat-vim,3,apache socat vim,ACCEPT,0,0,0,3,0,0,0,0,0,0,0,0
apache-socat-webserver,3,apache socat webserver,ACCEPT,0,0,0,4,0,0,0,0,0,0,0,0
apache-socat-wget,3,apache socat wget,ACCEPT,0,0,0,1,0,0,0,0,0,0,0,0
apache-socat-zstd,3,apache socat zstd,ACCEPT,0,0,0,0,0,0,0,0,0,0,0,0
apache-sqlite,2,apache sqlite,ACCEPT,0,0,0,1,0,0,0,0,0,0,0,0
apache-sqlite-tcpdump,3,apache sqlite tcpdump,ACCEPT,0,0,0,1,0,0,0,0,0,0,0,0
apache-sqlite-tmux,3,apache sqlite tmux,ACCEPT,0,0,0,1,0,0,0,0,0,0,0,0
apache-sqlite-vim,3,apache sqlite vim,ACCEPT,0,0,0,7,0,0,0,0,0,0,0,0
apache-sqlite-webserver,3,apache sqlite webserver,ACCEPT,0,0,0,5,0,0,0,0,0,0,0,0
apache-sqlite-wget,3,apache sqlite wget,ACCEPT,0,0,0,2,0,0,0,0,0,0,0,0
apache-sqlite-zstd,3,apache sqlite zstd,ACCEPT,0,0,0,1,0,0,0,0,0,0,0,0
apache-tcpdump,2,apache tcpdump,ACCEPT,0,0,0,0,0,0,0,0,0,0,0,0
apache-tcpdump-tmux,3,apache tcpdump tmux,ACCEPT,0,0,0,0,0,0,0,0,0,0,0,0
apache-tcpdump-vim,3,apache tcpdump vim,ACCEPT,0,0,0,3,0,0,0,0,0,0,0,0
apache-tcpdump-webserver,3,apache tcpdump webserver,ACCEPT,0,0,0,4,0,0,0,0,0,0,0,0
apache-tcpdump-wget,3,apache tcpdump wget,ACCEPT,0,0,0,1,0,0,0,0,0,0,0,0
apache-tcpdump-zstd,3,apache tcpdump zstd,ACCEPT,0,0,0,0,0,0,0,0,0,0,0,0
apache-tmux,2,apache tmux,ACCEPT,0,0,0,0,0,0,0,0,0,0,0,0
apache-tmux-vim,3,apache tmux vim,ACCEPT,0,0,0,3,0,0,0,0,0,0,0,0
apache-tmux-webserver,3,apache tmux webserver,ACCEPT,0,0,0,4,0,0,0,0,0,0,0,0
apache-tmux-wget,3,apache tmux wget,ACCEPT,0,0,0,1,0,0,0,0,0,0,0,0
apache-tmux-zstd,3,apache tmux zstd,ACCEPT,0,0,0,0,0,0,0,0,0,0,0,0
apache-vim,2,apache vim,ACCEPT,0,0,0,3,0,0,0,0,0,0,0,0
apache-vim-webserver,3,apache vim webserver,ACCEPT,0,0,0,8,0,0,0,0,0,0,0,0
apache-vim-wget,3,apache vim wget,ACCEPT,0,0,0,4,0,0,0,0,0,0,0,0
apache-vim-zstd,3,apache vim zstd,ACCEPT,0,0,0,3,0,0,0,0,0,0,0,0
apache-webserver,2,apache webserver,ACCEPT,0,0,0,4,0,0,0,0,0,0,0,0
apache-webserver-wget,3,apache webserver wget,ACCEPT,0,0,0,5,0,0,0,0,0,0,0,0
apache-webserver-zstd,3,apache webserver zstd,ACCEPT,0,0,0,4,0,0,0,0,0,0,0,0
apache-wget,2,apache wget,ACCEPT,0,0,0,1,0,0,0,0,0,0,0,0
apache-wget-zstd,3,apache wget zstd,ACCEPT,0,0,0,1,0,0,0,0,0,0,0,0
apache-zstd,2,apache zstd,ACCEPT,0,0,0,0,0,0,0,0,0,0,0,0
control-oldsnap-cuda-runtime,2,control-oldsnap cuda-runtime,REJECT,1,3,0,0,0,0,0,0,0,1,0,2
control-oldsnap-cuda-runtime-curl,3,control-oldsnap cuda-runtime curl,REJECT,1,8,0,5,5,0,0,0,0,1,0,2
control-oldsnap-cuda-runtime-dnsutils,3,control-oldsnap cuda-runtime dnsutils,REJECT,1,4,0,0,1,0,0,0,0,1,0,2
control-oldsnap-cuda-runtime-docker,3,control-oldsnap cuda-runtime docker,REJECT,1,3,0,0,0,0,0,0,0,1,0,2
control-oldsnap-cuda-runtime-emacs,3,control-oldsnap cuda-runtime emacs,REJECT,1,3,0,0,0,0,0,0,0,1,0,2
control-oldsnap-cuda-runtime-fake-cuda,3,control-oldsnap cuda-runtime fake-cuda,REJECT,1,4,0,0,0,0,0,0,0,2,0,2
control-oldsnap-cuda-runtime-fake-nvidia-driver,3,control-oldsnap cuda-runtime fake-nvidia-driver,REJECT,1,3,0,0,0,0,0,0,0,1,0,2
control-oldsnap-cuda-runtime-gawk,3,control-oldsnap cuda-runtime gawk,REJECT,1,3,0,0,0,0,0,0,0,1,0,2
control-oldsnap-cuda-runtime-gcc,3,control-oldsnap cuda-runtime gcc,REJECT,1,3,0,0,0,0,0,0,0,1,0,2
control-oldsnap-cuda-runtime-git,3,control-oldsnap cuda-runtime git,REJECT,1,6,0,5,3,0,0,0,0,1,0,2
control-oldsnap-cuda-runtime-htop,3,control-oldsnap cuda-runtime htop,REJECT,1,3,0,0,0,0,0,0,0,1,0,2
control-oldsnap-cuda-runtime-java,3,control-oldsnap cuda-runtime java,REJECT,1,3,0,1,0,0,0,0,0,1,0,2
control-oldsnap-cuda-runtime-jq,3,control-oldsnap cuda-runtime jq,REJECT,1,3,0,0,0,0,0,0,0,1,0,2
control-oldsnap-cuda-runtime-llvm,3,control-oldsnap cuda-runtime llvm,REJECT,1,3,0,0,0,0,0,0,0,1,0,2
control-oldsnap-cuda-runtime-memcached,3,control-oldsnap cuda-runtime memcached,REJECT,1,3,0,2,0,0,0,0,0,1,0,2
control-oldsnap-cuda-runtime-mta-msmtp,3,control-oldsnap cuda-runtime mta-msmtp,REJECT,1,3,0,0,0,0,0,0,0,1,0,2
control-oldsnap-cuda-runtime-mta-nullmailer,3,control-oldsnap cuda-runtime mta-nullmailer,REJECT,1,3,0,0,0,0,0,0,0,1,0,2
control-oldsnap-cuda-runtime-mysql,3,control-oldsnap cuda-runtime mysql,REJECT,1,3,0,0,0,0,0,0,0,1,0,2
control-oldsnap-cuda-runtime-nc-openbsd,3,control-oldsnap cuda-runtime nc-openbsd,REJECT,1,3,0,0,0,0,0,0,0,1,0,2
control-oldsnap-cuda-runtime-nc-traditional,3,control-oldsnap cuda-runtime nc-traditional,REJECT,1,3,0,0,0,0,0,0,0,1,0,2
control-oldsnap-cuda-runtime-nvidia-driver-535,3,control-oldsnap cuda-runtime nvidia-driver-535,REJECT,1,2,0,0,0,0,0,0,0,0,0,2
control-oldsnap-cuda-runtime-original-awk,3,control-oldsnap cuda-runtime original-awk,REJECT,1,3,0,0,0,0,0,0,0,1,0,2
control-oldsnap-cuda-runtime-pgclient,3,control-oldsnap cuda-runtime pgclient,REJECT,1,4,0,2,1,0,0,0,0,1,0,2
control-oldsnap-cuda-runtime-pipdemo,3,control-oldsnap cuda-runtime pipdemo,REJECT,1,3,0,0,0,0,0,0,0,1,0,2
control-oldsnap-cuda-runtime-postgres,3,control-oldsnap cuda-runtime postgres,REJECT,1,4,0,2,1,0,0,0,0,1,0,2
control-oldsnap-cuda-runtime-pytools,3,control-oldsnap cuda-runtime pytools,REJECT,1,3,0,0,0,0,0,0,0,1,0,2
control-oldsnap-cuda-runtime-pyyaml,3,control-oldsnap cuda-runtime pyyaml,REJECT,1,3,0,0,0,0,0,0,0,1,0,2
control-oldsnap-cuda-runtime-redis,3,control-oldsnap cuda-runtime redis,REJECT,1,3,0,0,0,0,0,0,0,1,0,2
control-oldsnap-cuda-runtime-rsync,3,control-oldsnap cuda-runtime rsync,REJECT,1,3,0,0,0,0,0,0,0,1,0,2
control-oldsnap-cuda-runtime-rust,3,control-oldsnap cuda-runtime rust,REJECT,1,6,0,5,3,0,0,0,0,1,0,2
control-oldsnap-cuda-runtime-socat,3,control-oldsnap cuda-runtime socat,REJECT,1,3,0,0,0,0,0,0,0,1,0,2
control-oldsnap-cuda-runtime-sqlite,3,control-oldsnap cuda-runtime sqlite,REJECT,1,3,0,0,0,0,0,0,0,1,0,2
control-oldsnap-cuda-runtime-tcpdump,3,control-oldsnap cuda-runtime tcpdump,REJECT,1,3,0,0,0,0,0,0,0,1,0,2
control-oldsnap-cuda-runtime-tmux,3,control-oldsnap cuda-runtime tmux,REJECT,1,3,0,0,0,0,0,0,0,1,0,2
control-oldsnap-cuda-runtime-vim,3,control-oldsnap cuda-runtime vim,REJECT,1,3,0,0,0,0,0,0,0,1,0,2
control-oldsnap-cuda-runtime-webserver,3,control-oldsnap cuda-runtime webserver,REJECT,1,3,0,1,0,0,0,0,0,1,0,2
control-oldsnap-cuda-runtime-wget,3,control-oldsnap cuda-runtime wget,REJECT,1,3,0,1,0,0,0,0,0,1,0,2
control-oldsnap-cuda-runtime-zstd,3,control-oldsnap cuda-runtime zstd,REJECT,1,3,0,0,0,0,0,0,0,1,0,2
control-oldsnap-curl,2,control-oldsnap curl,REJECT,1,7,0,5,5,0,0,0,0,0,0,2
control-oldsnap-curl-dnsutils,3,control-oldsnap curl dnsutils,REJECT,1,8,0,6,6,0,0,0,0,0,0,2
control-oldsnap-curl-docker,3,control-oldsnap curl docker,REJECT,1,7,0,5,5,0,0,0,0,0,0,2
control-oldsnap-curl-emacs,3,control-oldsnap curl emacs,REJECT,1,7,0,5,5,0,0,0,0,0,0,2
control-oldsnap-curl-fake-cuda,3,control-oldsnap curl fake-cuda,REJECT,1,8,0,5,5,0,0,0,0,1,0,2
control-oldsnap-curl-fake-nvidia-driver,3,control-oldsnap curl fake-nvidia-driver,REJECT,1,7,0,5,5,0,0,0,0,0,0,2
control-oldsnap-curl-gawk,3,control-oldsnap curl gawk,REJECT,1,7,0,5,5,0,0,0,0,0,0,2
control-oldsnap-curl-gcc,3,control-oldsnap curl gcc,REJECT,1,7,0,5,5,0,0,0,0,0,0,2
control-oldsnap-curl-git,3,control-oldsnap curl git,REJECT,1,10,0,18,8,0,0,0,0,0,0,2
control-oldsnap-curl-htop,3,control-oldsnap curl htop,REJECT,1,7,0,5,5,0,0,0,0,0,0,2
control-oldsnap-curl-java,3,control-oldsnap curl java,REJECT,1,7,0,7,5,0,0,0,0,0,0,2
control-oldsnap-curl-jq,3,control-oldsnap curl jq,REJECT,1,7,0,5,5,0,0,0,0,0,0,2
control-oldsnap-curl-llvm,3,control-oldsnap curl llvm,REJECT,1,7,0,5,5,0,0,0,0,0,0,2
control-oldsnap-curl-memcached,3,control-oldsnap curl memcached,REJECT,1,7,0,9,5,0,0,0,0,0,0,2
control-oldsnap-curl-mta-msmtp,3,control-oldsnap curl mta-msmtp,REJECT,1,7,0,5,5,0,0,0,0,0,0,2
control-oldsnap-curl-mta-nullmailer,3,control-oldsnap curl mta-nullmailer,REJECT,1,7,0,5,5,0,0,0,0,0,0,2
control-oldsnap-curl-mysql,3,control-oldsnap curl mysql,REJECT,1,7,0,5,5,0,0,0,0,0,0,2
control-oldsnap-curl-nc-openbsd,3,control-oldsnap curl nc-openbsd,REJECT,1,7,0,5,5,0,0,0,0,0,0,2
control-oldsnap-curl-nc-traditional,3,control-oldsnap curl nc-traditional,REJECT,1,7,0,5,5,0,0,0,0,0,0,2
control-oldsnap-curl-nvidia-driver-535,3,control-oldsnap curl nvidia-driver-535,REJECT,1,7,0,5,5,0,0,0,0,0,0,2
control-oldsnap-curl-original-awk,3,control-oldsnap curl original-awk,REJECT,1,7,0,5,5,0,0,0,0,0,0,2
control-oldsnap-curl-pgclient,3,control-oldsnap curl pgclient,REJECT,1,8,0,10,6,0,0,0,0,0,0,2
control-oldsnap-curl-pipdemo,3,control-oldsnap curl pipdemo,REJECT,1,7,0,5,5,0,0,0,0,0,0,2
control-oldsnap-curl-postgres,3,control-oldsnap curl postgres,REJECT,1,8,0,10,6,0,0,0,0,0,0,2
control-oldsnap-curl-pytools,3,control-oldsnap curl pytools,REJECT,1,7,0,5,5,0,0,0,0,0,0,2
control-oldsnap-curl-pyyaml,3,control-oldsnap curl pyyaml,REJECT,1,7,0,5,5,0,0,0,0,0,0,2
control-oldsnap-curl-redis,3,control-oldsnap curl redis,REJECT,1,7,0,5,5,0,0,0,0,0,0,2
control-oldsnap-curl-rsync,3,control-oldsnap curl rsync,REJECT,1,7,0,5,5,0,0,0,0,0,0,2
control-oldsnap-curl-rust,3,control-oldsnap curl rust,REJECT,1,10,0,18,8,0,0,0,0,0,0,2
control-oldsnap-curl-socat,3,control-oldsnap curl socat,REJECT,1,7,0,5,5,0,0,0,0,0,0,2
control-oldsnap-curl-sqlite,3,control-oldsnap curl sqlite,REJECT,1,7,0,5,5,0,0,0,0,0,0,2
control-oldsnap-curl-tcpdump,3,control-oldsnap curl tcpdump,REJECT,1,7,0,5,5,0,0,0,0,0,0,2
control-oldsnap-curl-tmux,3,control-oldsnap curl tmux,REJECT,1,7,0,5,5,0,0,0,0,0,0,2
control-oldsnap-curl-vim,3,control-oldsnap curl vim,REJECT,1,7,0,5,5,0,0,0,0,0,0,2
control-oldsnap-curl-webserver,3,control-oldsnap curl webserver,REJECT,1,7,0,7,5,0,0,0,0,0,0,2
control-oldsnap-curl-wget,3,control-oldsnap curl wget,REJECT,1,7,0,7,5,0,0,0,0,0,0,2
control-oldsnap-curl-zstd,3,control-oldsnap curl zstd,REJECT,1,7,0,5,5,0,0,0,0,0,0,2
control-oldsnap-dnsutils,2,control-oldsnap dnsutils,REJECT,1,3,0,0,1,0,0,0,0,0,0,2
control-oldsnap-dnsutils-docker,3,control-oldsnap dnsutils docker,REJECT,1,3,0,0,1,0,0,0,0,0,0,2
control-oldsnap-dnsutils-emacs,3,control-oldsnap dnsutils emacs,REJECT,1,3,0,2,1,0,0,0,0,0,0,2
control-oldsnap-dnsutils-fake-cuda,3,control-oldsnap dnsutils fake-cuda,REJECT,1,4,0,0,1,0,0,0,0,1,0,2
control-oldsnap-dnsutils-fake-nvidia-driver,3,control-oldsnap dnsutils fake-nvidia-driver,REJECT,1,3,0,0,1,0,0,0,0,0,0,2
control-oldsnap-dnsutils-gawk,3,control-oldsnap dnsutils gawk,REJECT,1,3,0,0,1,0,0,0,0,0,0,2
control-oldsnap-dnsutils-gcc,3,control-oldsnap dnsutils gcc,REJECT,1,3,0,0,1,0,0,0,0,0,0,2
control-oldsnap-dnsutils-git,3,control-oldsnap dnsutils git,REJECT,1,6,0,6,4,0,0,0,0,0,0,2
control-oldsnap-dnsutils-htop,3,control-oldsnap dnsutils htop,REJECT,1,3,0,0,1,0,0,0,0,0,0,2
control-oldsnap-dnsutils-java,3,control-oldsnap dnsutils java,REJECT,1,3,0,1,1,0,0,0,0,0,0,2
control-oldsnap-dnsutils-jq,3,control-oldsnap dnsutils jq,REJECT,1,3,0,0,1,0,0,0,0,0,0,2
control-oldsnap-dnsutils-llvm,3,control-oldsnap dnsutils llvm,REJECT,1,3,0,5,1,0,0,0,0,0,0,2
control-oldsnap-dnsutils-memcached,3,control-oldsnap dnsutils memcached,REJECT,1,3,0,2,1,0,0,0,0,0,0,2
control-oldsnap-dnsutils-mta-msmtp,3,control-oldsnap dnsutils mta-msmtp,REJECT,1,3,0,0,1,0,0,0,0,0,0,2
control-oldsnap-dnsutils-mta-nullmailer,3,control-oldsnap dnsutils mta-nullmailer,REJECT,1,3,0,0,1,0,0,0,0,0,0,2
control-oldsnap-dnsutils-mysql,3,control-oldsnap dnsutils mysql,REJECT,1,3,0,3,1,0,0,0,0,0,0,2
control-oldsnap-dnsutils-nc-openbsd,3,control-oldsnap dnsutils nc-openbsd,REJECT,1,3,0,2,1,0,0,0,0,0,0,2
control-oldsnap-dnsutils-nc-traditional,3,control-oldsnap dnsutils nc-traditional,REJECT,1,3,0,0,1,0,0,0,0,0,0,2
control-oldsnap-dnsutils-nvidia-driver-535,3,control-oldsnap dnsutils nvidia-driver-535,REJECT,1,3,0,0,1,0,0,0,0,0,0,2
control-oldsnap-dnsutils-original-awk,3,control-oldsnap dnsutils original-awk,REJECT,1,3,0,0,1,0,0,0,0,0,0,2
control-oldsnap-dnsutils-pgclient,3,control-oldsnap dnsutils pgclient,REJECT,1,4,0,2,2,0,0,0,0,0,0,2
control-oldsnap-dnsutils-pipdemo,3,control-oldsnap dnsutils pipdemo,REJECT,1,3,0,0,1,0,0,0,0,0,0,2
control-oldsnap-dnsutils-postgres,3,control-oldsnap dnsutils postgres,REJECT,1,4,0,7,2,0,0,0,0,0,0,2
control-oldsnap-dnsutils-pytools,3,control-oldsnap dnsutils pytools,REJECT,1,3,0,0,1,0,0,0,0,0,0,2
control-oldsnap-dnsutils-pyyaml,3,control-oldsnap dnsutils pyyaml,REJECT,1,3,0,0,1,0,0,0,0,0,0,2
control-oldsnap-dnsutils-redis,3,control-oldsnap dnsutils redis,REJECT,1,3,0,0,1,0,0,0,0,0,0,2
control-oldsnap-dnsutils-rsync,3,control-oldsnap dnsutils rsync,REJECT,1,3,0,0,1,0,0,0,0,0,0,2
control-oldsnap-dnsutils-rust,3,control-oldsnap dnsutils rust,REJECT,1,6,0,6,4,0,0,0,0,0,0,2
control-oldsnap-dnsutils-socat,3,control-oldsnap dnsutils socat,REJECT,1,3,0,0,1,0,0,0,0,0,0,2
control-oldsnap-dnsutils-sqlite,3,control-oldsnap dnsutils sqlite,REJECT,1,3,0,0,1,0,0,0,0,0,0,2
control-oldsnap-dnsutils-tcpdump,3,control-oldsnap dnsutils tcpdump,REJECT,1,3,0,0,1,0,0,0,0,0,0,2
control-oldsnap-dnsutils-tmux,3,control-oldsnap dnsutils tmux,REJECT,1,3,0,0,1,0,0,0,0,0,0,2
control-oldsnap-dnsutils-vim,3,control-oldsnap dnsutils vim,REJECT,1,3,0,0,1,0,0,0,0,0,0,2
control-oldsnap-dnsutils-webserver,3,control-oldsnap dnsutils webserver,REJECT,1,3,0,6,1,0,0,0,0,0,0,2
control-oldsnap-dnsutils-wget,3,control-oldsnap dnsutils wget,REJECT,1,3,0,1,1,0,0,0,0,0,0,2
control-oldsnap-dnsutils-zstd,3,control-oldsnap dnsutils zstd,REJECT,1,3,0,0,1,0,0,0,0,0,0,2
control-oldsnap-docker,2,control-oldsnap docker,REJECT,1,2,0,0,0,0,0,0,0,0,0,2
control-oldsnap-docker-emacs,3,control-oldsnap docker emacs,REJECT,1,2,0,1,0,0,0,0,0,0,0,2
control-oldsnap-docker-fake-cuda,3,control-oldsnap docker fake-cuda,REJECT,1,3,0,0,0,0,0,0,0,1,0,2
control-oldsnap-docker-fake-nvidia-driver,3,control-oldsnap docker fake-nvidia-driver,REJECT,1,2,0,0,0,0,0,0,0,0,0,2
control-oldsnap-docker-gawk,3,control-oldsnap docker gawk,REJECT,1,2,0,0,0,0,0,0,0,0,0,2
control-oldsnap-docker-gcc,3,control-oldsnap docker gcc,REJECT,1,2,0,0,0,0,0,0,0,0,0,2
control-oldsnap-docker-git,3,control-oldsnap docker git,REJECT,1,5,0,5,3,0,0,0,0,0,0,2
control-oldsnap-docker-htop,3,control-oldsnap docker htop,REJECT,1,2,0,0,0,0,0,0,0,0,0,2
control-oldsnap-docker-java,3,control-oldsnap docker java,REJECT,1,2,0,1,0,0,0,0,0,0,0,2
control-oldsnap-docker-jq,3,control-oldsnap docker jq,REJECT,1,2,0,0,0,0,0,0,0,0,0,2
control-oldsnap-docker-llvm,3,control-oldsnap docker llvm,REJECT,1,2,0,0,0,0,0,0,0,0,0,2
control-oldsnap-docker-memcached,3,control-oldsnap docker memcached,REJECT,1,2,0,2,0,0,0,0,0,0,0,2
control-oldsnap-docker-mta-msmtp,3,control-oldsnap docker mta-msmtp,REJECT,1,2,0,0,0,0,0,0,0,0,0,2
control-oldsnap-docker-mta-nullmailer,3,control-oldsnap docker mta-nullmailer,REJECT,1,2,0,0,0,0,0,0,0,0,0,2
control-oldsnap-docker-mysql,3,control-oldsnap docker mysql,REJECT,1,2,0,2,0,0,0,0,0,0,0,2
control-oldsnap-docker-nc-openbsd,3,control-oldsnap docker nc-openbsd,REJECT,1,2,0,0,0,0,0,0,0,0,0,2
control-oldsnap-docker-nc-traditional,3,control-oldsnap docker nc-traditional,REJECT,1,2,0,0,0,0,0,0,0,0,0,2
control-oldsnap-docker-nvidia-driver-535,3,control-oldsnap docker nvidia-driver-535,REJECT,1,2,0,0,0,0,0,0,0,0,0,2
control-oldsnap-docker-original-awk,3,control-oldsnap docker original-awk,REJECT,1,2,0,0,0,0,0,0,0,0,0,2
control-oldsnap-docker-pgclient,3,control-oldsnap docker pgclient,REJECT,1,3,0,3,1,0,0,0,0,0,0,2
control-oldsnap-docker-pipdemo,3,control-oldsnap docker pipdemo,REJECT,1,2,0,0,0,0,0,0,0,0,0,2
control-oldsnap-docker-postgres,3,control-oldsnap docker postgres,REJECT,1,3,0,3,1,0,0,0,0,0,0,2
control-oldsnap-docker-pytools,3,control-oldsnap docker pytools,REJECT,1,2,0,0,0,0,0,0,0,0,0,2
control-oldsnap-docker-pyyaml,3,control-oldsnap docker pyyaml,REJECT,1,2,0,0,0,0,0,0,0,0,0,2
control-oldsnap-docker-redis,3,control-oldsnap docker redis,REJECT,1,2,0,0,0,0,0,0,0,0,0,2
control-oldsnap-docker-rsync,3,control-oldsnap docker rsync,REJECT,1,2,0,0,0,0,0,0,0,0,0,2
control-oldsnap-docker-rust,3,control-oldsnap docker rust,REJECT,1,5,0,5,3,0,0,0,0,0,0,2
control-oldsnap-docker-socat,3,control-oldsnap docker socat,REJECT,1,2,0,0,0,0,0,0,0,0,0,2
control-oldsnap-docker-sqlite,3,control-oldsnap docker sqlite,REJECT,1,2,0,0,0,0,0,0,0,0,0,2
control-oldsnap-docker-tcpdump,3,control-oldsnap docker tcpdump,REJECT,1,2,0,0,0,0,0,0,0,0,0,2
control-oldsnap-docker-tmux,3,control-oldsnap docker tmux,REJECT,1,2,0,0,0,0,0,0,0,0,0,2
control-oldsnap-docker-vim,3,control-oldsnap docker vim,REJECT,1,2,0,0,0,0,0,0,0,0,0,2
control-oldsnap-docker-webserver,3,control-oldsnap docker webserver,REJECT,1,2,0,3,0,0,0,0,0,0,0,2
control-oldsnap-docker-wget,3,control-oldsnap docker wget,REJECT,1,2,0,1,0,0,0,0,0,0,0,2
control-oldsnap-docker-zstd,3,control-oldsnap docker zstd,REJECT,1,2,0,0,0,0,0,0,0,0,0,2
control-oldsnap-emacs,2,control-oldsnap emacs,REJECT,1,2,0,0,0,0,0,0,0,0,0,2
control-oldsnap-emacs-fake-cuda,3,control-oldsnap emacs fake-cuda,REJECT,1,3,0,0,0,0,0,0,0,1,0,2
control-oldsnap-emacs-fake-nvidia-driver,3,control-oldsnap emacs fake-nvidia-driver,REJECT,1,2,0,0,0,0,0,0,0,0,0,2
control-oldsnap-emacs-gawk,3,control-oldsnap emacs gawk,REJECT,1,2,0,0,0,0,0,0,0,0,0,2
control-oldsnap-emacs-gcc,3,control-oldsnap emacs gcc,REJECT,1,2,0,0,0,0,0,0,0,0,0,2
control-oldsnap-emacs-git,3,control-oldsnap emacs git,REJECT,1,5,0,5,3,0,0,0,0,0,0,2
control-oldsnap-emacs-htop,3,control-oldsnap emacs htop,REJECT,1,2,0,0,0,0,0,0,0,0,0,2
control-oldsnap-emacs-java,3,control-oldsnap emacs java,REJECT,1,2,0,5,0,0,0,0,0,0,0,2
control-oldsnap-emacs-jq,3,control-oldsnap emacs jq,REJECT,1,2,0,0,0,0,0,0,0,0,0,2
control-oldsnap-emacs-llvm,3,control-oldsnap emacs llvm,REJECT,1,2,0,2,0,0,0,0,0,0,0,2
control-oldsnap-emacs-memcached,3,control-oldsnap emacs memcached,REJECT,1,2,0,2,0,0,0,0,0,0,0,2
control-oldsnap-emacs-mta-msmtp,3,control-oldsnap emacs mta-msmtp,REJECT,1,2,0,0,0,0,0,0,0,0,0,2
control-oldsnap-emacs-mta-nullmailer,3,control-oldsnap emacs mta-nullmailer,REJECT,1,2,0,0,0,0,0,0,0,0,0,2
control-oldsnap-emacs-mysql,3,control-oldsnap emacs mysql,REJECT,1,2,0,0,0,0,0,0,0,0,0,2
control-oldsnap-emacs-nc-openbsd,3,control-oldsnap emacs nc-openbsd,REJECT,1,2,0,0,0,0,0,0,0,0,0,2
control-oldsnap-emacs-nc-traditional,3,control-oldsnap emacs nc-traditional,REJECT,1,2,0,0,0,0,0,0,0,0,0,2
control-oldsnap-emacs-nvidia-driver-535,3,control-oldsnap emacs nvidia-driver-535,REJECT,1,2,0,0,0,0,0,0,0,0,0,2
control-oldsnap-emacs-original-awk,3,control-oldsnap emacs original-awk,REJECT,1,2,0,0,0,0,0,0,0,0,0,2
control-oldsnap-emacs-pgclient,3,control-oldsnap emacs pgclient,REJECT,1,3,0,2,1,0,0,0,0,0,0,2
control-oldsnap-emacs-pipdemo,3,control-oldsnap emacs pipdemo,REJECT,1,2,0,0,0,0,0,0,0,0,0,2
control-oldsnap-emacs-postgres,3,control-oldsnap emacs postgres,REJECT,1,3,0,4,1,0,0,0,0,0,0,2
control-oldsnap-emacs-pytools,3,control-oldsnap emacs pytools,REJECT,1,2,0,0,0,0,0,0,0,0,0,2
control-oldsnap-emacs-pyyaml,3,control-oldsnap emacs pyyaml,REJECT,1,2,0,0,0,0,0,0,0,0,0,2
control-oldsnap-emacs-redis,3,control-oldsnap emacs redis,REJECT,1,2,0,0,0,0,0,0,0,0,0,2
control-oldsnap-emacs-rsync,3,control-oldsnap emacs rsync,REJECT,1,2,0,0,0,0,0,0,0,0,0,2
control-oldsnap-emacs-rust,3,control-oldsnap emacs rust,REJECT,1,5,0,5,3,0,0,0,0,0,0,2
control-oldsnap-emacs-socat,3,control-oldsnap emacs socat,REJECT,1,2,0,0,0,0,0,0,0,0,0,2
control-oldsnap-emacs-sqlite,3,control-oldsnap emacs sqlite,REJECT,1,2,0,0,0,0,0,0,0,0,0,2
control-oldsnap-emacs-tcpdump,3,control-oldsnap emacs tcpdump,REJECT,1,2,0,1,0,0,0,0,0,0,0,2
control-oldsnap-emacs-tmux,3,control-oldsnap emacs tmux,REJECT,1,2,0,0,0,0,0,0,0,0,0,2
control-oldsnap-emacs-vim,3,control-oldsnap emacs vim,REJECT,1,2,0,1,0,0,0,0,0,0,0,2
control-oldsnap-emacs-webserver,3,control-oldsnap emacs webserver,REJECT,1,2,0,3,0,0,0,0,0,0,0,2
control-oldsnap-emacs-wget,3,control-oldsnap emacs wget,REJECT,1,2,0,1,0,0,0,0,0,0,0,2
control-oldsnap-emacs-zstd,3,control-oldsnap emacs zstd,REJECT,1,2,0,0,0,0,0,0,0,0,0,2
control-oldsnap-fake-cuda,2,control-oldsnap fake-cuda,REJECT,1,3,0,0,0,0,0,0,0,1,0,2
control-oldsnap-fake-cuda-fake-nvidia-driver,3,control-oldsnap fake-cuda fake-nvidia-driver,REJECT,1,2,0,0,0,0,0,0,0,0,0,2
control-oldsnap-fake-cuda-gawk,3,control-oldsnap fake-cuda gawk,REJECT,1,3,0,0,0,0,0,0,0,1,0,2
control-oldsnap-fake-cuda-gcc,3,control-oldsnap fake-cuda gcc,REJECT,1,3,0,0,0,0,0,0,0,1,0,2
control-oldsnap-fake-cuda-git,3,control-oldsnap fake-cuda git,REJECT,1,6,0,5,3,0,0,0,0,1,0,2
control-oldsnap-fake-cuda-htop,3,control-oldsnap fake-cuda htop,REJECT,1,3,0,0,0,0,0,0,0,1,0,2
control-oldsnap-fake-cuda-java,3,control-oldsnap fake-cuda java,REJECT,1,3,0,1,0,0,0,0,0,1,0,2
control-oldsnap-fake-cuda-jq,3,control-oldsnap fake-cuda jq,REJECT,1,3,0,0,0,0,0,0,0,1,0,2
control-oldsnap-fake-cuda-llvm,3,control-oldsnap fake-cuda llvm,REJECT,1,3,0,0,0,0,0,0,0,1,0,2
control-oldsnap-fake-cuda-memcached,3,control-oldsnap fake-cuda memcached,REJECT,1,3,0,2,0,0,0,0,0,1,0,2
control-oldsnap-fake-cuda-mta-msmtp,3,control-oldsnap fake-cuda mta-msmtp,REJECT,1,3,0,0,0,0,0,0,0,1,0,2
control-oldsnap-fake-cuda-mta-nullmailer,3,control-oldsnap fake-cuda mta-nullmailer,REJECT,1,3,0,0,0,0,0,0,0,1,0,2
control-oldsnap-fake-cuda-mysql,3,control-oldsnap fake-cuda mysql,REJECT,1,3,0,0,0,0,0,0,0,1,0,2
control-oldsnap-fake-cuda-nc-openbsd,3,control-oldsnap fake-cuda nc-openbsd,REJECT,1,3,0,0,0,0,0,0,0,1,0,2
control-oldsnap-fake-cuda-nc-traditional,3,control-oldsnap fake-cuda nc-traditional,REJECT,1,3,0,0,0,0,0,0,0,1,0,2
control-oldsnap-fake-cuda-nvidia-driver-535,3,control-oldsnap fake-cuda nvidia-driver-535,REJECT,1,3,0,0,0,0,0,0,0,1,0,2
control-oldsnap-fake-cuda-original-awk,3,control-oldsnap fake-cuda original-awk,REJECT,1,3,0,0,0,0,0,0,0,1,0,2
control-oldsnap-fake-cuda-pgclient,3,control-oldsnap fake-cuda pgclient,REJECT,1,4,0,2,1,0,0,0,0,1,0,2
control-oldsnap-fake-cuda-pipdemo,3,control-oldsnap fake-cuda pipdemo,REJECT,1,3,0,0,0,0,0,0,0,1,0,2
control-oldsnap-fake-cuda-postgres,3,control-oldsnap fake-cuda postgres,REJECT,1,4,0,2,1,0,0,0,0,1,0,2
control-oldsnap-fake-cuda-pytools,3,control-oldsnap fake-cuda pytools,REJECT,1,3,0,0,0,0,0,0,0,1,0,2
control-oldsnap-fake-cuda-pyyaml,3,control-oldsnap fake-cuda pyyaml,REJECT,1,3,0,0,0,0,0,0,0,1,0,2
control-oldsnap-fake-cuda-redis,3,control-oldsnap fake-cuda redis,REJECT,1,3,0,0,0,0,0,0,0,1,0,2
control-oldsnap-fake-cuda-rsync,3,control-oldsnap fake-cuda rsync,REJECT,1,3,0,0,0,0,0,0,0,1,0,2
control-oldsnap-fake-cuda-rust,3,control-oldsnap fake-cuda rust,REJECT,1,6,0,5,3,0,0,0,0,1,0,2
control-oldsnap-fake-cuda-socat,3,control-oldsnap fake-cuda socat,REJECT,1,3,0,0,0,0,0,0,0,1,0,2
control-oldsnap-fake-cuda-sqlite,3,control-oldsnap fake-cuda sqlite,REJECT,1,3,0,0,0,0,0,0,0,1,0,2
control-oldsnap-fake-cuda-tcpdump,3,control-oldsnap fake-cuda tcpdump,REJECT,1,3,0,0,0,0,0,0,0,1,0,2
control-oldsnap-fake-cuda-tmux,3,control-oldsnap fake-cuda tmux,REJECT,1,3,0,0,0,0,0,0,0,1,0,2
control-oldsnap-fake-cuda-vim,3,control-oldsnap fake-cuda vim,REJECT,1,3,0,0,0,0,0,0,0,1,0,2
control-oldsnap-fake-cuda-webserver,3,control-oldsnap fake-cuda webserver,REJECT,1,3,0,1,0,0,0,0,0,1,0,2
control-oldsnap-fake-cuda-wget,3,control-oldsnap fake-cuda wget,REJECT,1,3,0,1,0,0,0,0,0,1,0,2
control-oldsnap-fake-cuda-zstd,3,control-oldsnap fake-cuda zstd,REJECT,1,3,0,0,0,0,0,0,0,1,0,2
control-oldsnap-fake-nvidia-driver,2,control-oldsnap fake-nvidia-driver,REJECT,1,2,0,0,0,0,0,0,0,0,0,2
control-oldsnap-fake-nvidia-driver-gawk,3,control-oldsnap fake-nvidia-driver gawk,REJECT,1,2,0,0,0,0,0,0,0,0,0,2
control-oldsnap-fake-nvidia-driver-gcc,3,control-oldsnap fake-nvidia-driver gcc,REJECT,1,2,0,0,0,0,0,0,0,0,0,2
control-oldsnap-fake-nvidia-driver-git,3,control-oldsnap fake-nvidia-driver git,REJECT,1,5,0,5,3,0,0,0,0,0,0,2
control-oldsnap-fake-nvidia-driver-htop,3,control-oldsnap fake-nvidia-driver htop,REJECT,1,2,0,0,0,0,0,0,0,0,0,2
control-oldsnap-fake-nvidia-driver-java,3,control-oldsnap fake-nvidia-driver java,REJECT,1,2,0,1,0,0,0,0,0,0,0,2
control-oldsnap-fake-nvidia-driver-jq,3,control-oldsnap fake-nvidia-driver jq,REJECT,1,2,0,0,0,0,0,0,0,0,0,2
control-oldsnap-fake-nvidia-driver-llvm,3,control-oldsnap fake-nvidia-driver llvm,REJECT,1,2,0,0,0,0,0,0,0,0,0,2
control-oldsnap-fake-nvidia-driver-memcached,3,control-oldsnap fake-nvidia-driver memcached,REJECT,1,2,0,2,0,0,0,0,0,0,0,2
control-oldsnap-fake-nvidia-driver-mta-msmtp,3,control-oldsnap fake-nvidia-driver mta-msmtp,REJECT,1,2,0,0,0,0,0,0,0,0,0,2
control-oldsnap-fake-nvidia-driver-mta-nullmailer,3,control-oldsnap fake-nvidia-driver mta-nullmailer,REJECT,1,2,0,0,0,0,0,0,0,0,0,2
control-oldsnap-fake-nvidia-driver-mysql,3,control-oldsnap fake-nvidia-driver mysql,REJECT,1,2,0,0,0,0,0,0,0,0,0,2
control-oldsnap-fake-nvidia-driver-nc-openbsd,3,control-oldsnap fake-nvidia-driver nc-openbsd,REJECT,1,2,0,0,0,0,0,0,0,0,0,2
control-oldsnap-fake-nvidia-driver-nc-traditional,3,control-oldsnap fake-nvidia-driver nc-traditional,REJECT,1,2,0,0,0,0,0,0,0,0,0,2
control-oldsnap-fake-nvidia-driver-nvidia-driver-535,3,control-oldsnap fake-nvidia-driver nvidia-driver-535,REJECT,1,2,0,0,0,0,0,0,0,0,0,2
control-oldsnap-fake-nvidia-driver-original-awk,3,control-oldsnap fake-nvidia-driver original-awk,REJECT,1,2,0,0,0,0,0,0,0,0,0,2
control-oldsnap-fake-nvidia-driver-pgclient,3,control-oldsnap fake-nvidia-driver pgclient,REJECT,1,3,0,2,1,0,0,0,0,0,0,2
control-oldsnap-fake-nvidia-driver-pipdemo,3,control-oldsnap fake-nvidia-driver pipdemo,REJECT,1,2,0,0,0,0,0,0,0,0,0,2
control-oldsnap-fake-nvidia-driver-postgres,3,control-oldsnap fake-nvidia-driver postgres,REJECT,1,3,0,2,1,0,0,0,0,0,0,2
control-oldsnap-fake-nvidia-driver-pytools,3,control-oldsnap fake-nvidia-driver pytools,REJECT,1,2,0,0,0,0,0,0,0,0,0,2
control-oldsnap-fake-nvidia-driver-pyyaml,3,control-oldsnap fake-nvidia-driver pyyaml,REJECT,1,2,0,0,0,0,0,0,0,0,0,2
control-oldsnap-fake-nvidia-driver-redis,3,control-oldsnap fake-nvidia-driver redis,REJECT,1,2,0,0,0,0,0,0,0,0,0,2
control-oldsnap-fake-nvidia-driver-rsync,3,control-oldsnap fake-nvidia-driver rsync,REJECT,1,2,0,0,0,0,0,0,0,0,0,2
control-oldsnap-fake-nvidia-driver-rust,3,control-oldsnap fake-nvidia-driver rust,REJECT,1,5,0,5,3,0,0,0,0,0,0,2
control-oldsnap-fake-nvidia-driver-socat,3,control-oldsnap fake-nvidia-driver socat,REJECT,1,2,0,0,0,0,0,0,0,0,0,2
control-oldsnap-fake-nvidia-driver-sqlite,3,control-oldsnap fake-nvidia-driver sqlite,REJECT,1,2,0,0,0,0,0,0,0,0,0,2
control-oldsnap-fake-nvidia-driver-tcpdump,3,control-oldsnap fake-nvidia-driver tcpdump,REJECT,1,2,0,0,0,0,0,0,0,0,0,2
control-oldsnap-fake-nvidia-driver-tmux,3,control-oldsnap fake-nvidia-driver tmux,REJECT,1,2,0,0,0,0,0,0,0,0,0,2
control-oldsnap-fake-nvidia-driver-vim,3,control-oldsnap fake-nvidia-driver vim,REJECT,1,2,0,0,0,0,0,0,0,0,0,2
control-oldsnap-fake-nvidia-driver-webserver,3,control-oldsnap fake-nvidia-driver webserver,REJECT,1,2,0,1,0,0,0,0,0,0,0,2
control-oldsnap-fake-nvidia-driver-wget,3,control-oldsnap fake-nvidia-driver wget,REJECT,1,2,0,1,0,0,0,0,0,0,0,2
control-oldsnap-fake-nvidia-driver-zstd,3,control-oldsnap fake-nvidia-driver zstd,REJECT,1,2,0,0,0,0,0,0,0,0,0,2
control-oldsnap-gawk,2,control-oldsnap gawk,REJECT,1,2,0,0,0,0,0,0,0,0,0,2
control-oldsnap-gawk-gcc,3,control-oldsnap gawk gcc,REJECT,1,2,0,1,0,0,0,0,0,0,0,2
control-oldsnap-gawk-git,3,control-oldsnap gawk git,REJECT,1,5,0,5,3,0,0,0,0,0,0,2
control-oldsnap-gawk-htop,3,control-oldsnap gawk htop,REJECT,1,2,0,0,0,0,0,0,0,0,0,2
control-oldsnap-gawk-java,3,control-oldsnap gawk java,REJECT,1,2,0,1,0,0,0,0,0,0,0,2
control-oldsnap-gawk-jq,3,control-oldsnap gawk jq,REJECT,1,2,0,0,0,0,0,0,0,0,0,2
control-oldsnap-gawk-llvm,3,control-oldsnap gawk llvm,REJECT,1,2,0,0,0,0,0,0,0,0,0,2
control-oldsnap-gawk-memcached,3,control-oldsnap gawk memcached,REJECT,1,2,0,2,0,0,0,0,0,0,0,2
control-oldsnap-gawk-mta-msmtp,3,control-oldsnap gawk mta-msmtp,REJECT,1,2,0,0,0,0,0,0,0,0,0,2
control-oldsnap-gawk-mta-nullmailer,3,control-oldsnap gawk mta-nullmailer,REJECT,1,2,0,0,0,0,0,0,0,0,0,2
control-oldsnap-gawk-mysql,3,control-oldsnap gawk mysql,REJECT,1,2,0,5,0,0,0,0,0,0,0,2
control-oldsnap-gawk-nc-openbsd,3,control-oldsnap gawk nc-openbsd,REJECT,1,2,0,0,0,0,0,0,0,0,0,2
control-oldsnap-gawk-nc-traditional,3,control-oldsnap gawk nc-traditional,REJECT,1,2,0,0,0,0,0,0,0,0,0,2
control-oldsnap-gawk-nvidia-driver-535,3,control-oldsnap gawk nvidia-driver-535,REJECT,1,2,0,0,0,0,0,0,0,0,0,2
control-oldsnap-gawk-original-awk,3,control-oldsnap gawk original-awk,REJECT,1,2,0,0,0,0,0,0,0,0,0,2
control-oldsnap-gawk-pgclient,3,control-oldsnap gawk pgclient,REJECT,1,3,0,4,1,0,0,0,0,0,0,2
control-oldsnap-gawk-pipdemo,3,control-oldsnap gawk pipdemo,REJECT,1,2,0,2,0,0,0,0,0,0,0,2
control-oldsnap-gawk-postgres,3,control-oldsnap gawk postgres,REJECT,1,3,0,4,1,0,0,0,0,0,0,2
control-oldsnap-gawk-pytools,3,control-oldsnap gawk pytools,REJECT,1,2,0,2,0,0,0,0,0,0,0,2
control-oldsnap-gawk-pyyaml,3,control-oldsnap gawk pyyaml,REJECT,1,2,0,2,0,0,0,0,0,0,0,2
control-oldsnap-gawk-redis,3,control-oldsnap gawk redis,REJECT,1,2,0,0,0,0,0,0,0,0,0,2
control-oldsnap-gawk-rsync,3,control-oldsnap gawk rsync,REJECT,1,2,0,0,0,0,0,0,0,0,0,2
control-oldsnap-gawk-rust,3,control-oldsnap gawk rust,REJECT,1,5,0,6,3,0,0,0,0,0,0,2
control-oldsnap-gawk-socat,3,control-oldsnap gawk socat,REJECT,1,2,0,0,0,0,0,0,0,0,0,2
control-oldsnap-gawk-sqlite,3,control-oldsnap gawk sqlite,REJECT,1,2,0,2,0,0,0,0,0,0,0,2
control-oldsnap-gawk-tcpdump,3,control-oldsnap gawk tcpdump,REJECT,1,2,0,0,0,0,0,0,0,0,0,2
control-oldsnap-gawk-tmux,3,control-oldsnap gawk tmux,REJECT,1,2,0,0,0,0,0,0,0,0,0,2
control-oldsnap-gawk-vim,3,control-oldsnap gawk vim,REJECT,1,2,0,2,0,0,0,0,0,0,0,2
control-oldsnap-gawk-webserver,3,control-oldsnap gawk webserver,REJECT,1,2,0,1,0,0,0,0,0,0,0,2
control-oldsnap-gawk-wget,3,control-oldsnap gawk wget,REJECT,1,2,0,1,0,0,0,0,0,0,0,2
control-oldsnap-gawk-zstd,3,control-oldsnap gawk zstd,REJECT,1,2,0,0,0,0,0,0,0,0,0,2
control-oldsnap-gcc,2,control-oldsnap gcc,REJECT,1,2,0,0,0,0,0,0,0,0,0,2
control-oldsnap-gcc-git,3,control-oldsnap gcc git,REJECT,1,5,0,10,3,0,0,0,0,0,0,2
control-oldsnap-gcc-htop,3,control-oldsnap gcc htop,REJECT,1,2,0,0,0,0,0,0,0,0,0,2
control-oldsnap-gcc-java,3,control-oldsnap gcc java,REJECT,1,2,0,1,0,0,0,0,0,0,0,2
control-oldsnap-gcc-jq,3,control-oldsnap gcc jq,REJECT,1,2,0,5,0,0,0,0,0,0,0,2
control-oldsnap-gcc-llvm,3,control-oldsnap gcc llvm,REJECT,1,2,0,24,0,0,0,0,0,0,0,2
control-oldsnap-gcc-memcached,3,control-oldsnap gcc memcached,REJECT,1,2,0,7,0,0,0,0,0,0,0,2
control-oldsnap-gcc-mta-msmtp,3,control-oldsnap gcc mta-msmtp,REJECT,1,2,0,0,0,0,0,0,0,0,0,2
control-oldsnap-gcc-mta-nullmailer,3,control-oldsnap gcc mta-nullmailer,REJECT,1,2,0,0,0,0,0,0,0,0,0,2
control-oldsnap-gcc-mysql,3,control-oldsnap gcc mysql,REJECT,1,2,0,6,0,0,0,0,0,0,0,2
control-oldsnap-gcc-nc-openbsd,3,control-oldsnap gcc nc-openbsd,REJECT,1,2,0,0,0,0,0,0,0,0,0,2
control-oldsnap-gcc-nc-traditional,3,control-oldsnap gcc nc-traditional,REJECT,1,2,0,0,0,0,0,0,0,0,0,2
control-oldsnap-gcc-nvidia-driver-535,3,control-oldsnap gcc nvidia-driver-535,REJECT,1,2,0,6,0,0,0,0,0,0,0,2
control-oldsnap-gcc-original-awk,3,control-oldsnap gcc original-awk,REJECT,1,2,0,0,0,0,0,0,0,0,0,2
control-oldsnap-gcc-pgclient,3,control-oldsnap gcc pgclient,REJECT,1,3,0,7,1,0,0,0,0,0,0,2
control-oldsnap-gcc-pipdemo,3,control-oldsnap gcc pipdemo,REJECT,1,2,0,0,0,0,0,0,0,0,0,2
control-oldsnap-gcc-postgres,3,control-oldsnap gcc postgres,REJECT,1,3,0,7,1,0,0,0,0,0,0,2
control-oldsnap-gcc-pytools,3,control-oldsnap gcc pytools,REJECT,1,2,0,1,0,0,0,0,0,0,0,2
control-oldsnap-gcc-pyyaml,3,control-oldsnap gcc pyyaml,REJECT,1,2,0,0,0,0,0,0,0,0,0,2
control-oldsnap-gcc-redis,3,control-oldsnap gcc redis,REJECT,1,2,0,1,0,0,0,0,0,0,0,2
control-oldsnap-gcc-rsync,3,control-oldsnap gcc rsync,REJECT,1,2,0,0,0,0,0,0,0,0,0,2
control-oldsnap-gcc-rust,3,control-oldsnap gcc rust,REJECT,1,5,0,36,3,0,0,0,0,0,0,2
control-oldsnap-gcc-socat,3,control-oldsnap gcc socat,REJECT,1,2,0,0,0,0,0,0,0,0,0,2
control-oldsnap-gcc-sqlite,3,control-oldsnap gcc sqlite,REJECT,1,2,0,0,0,0,0,0,0,0,0,2
control-oldsnap-gcc-tcpdump,3,control-oldsnap gcc tcpdump,REJECT,1,2,0,0,0,0,0,0,0,0,0,2
control-oldsnap-gcc-tmux,3,control-oldsnap gcc tmux,REJECT,1,2,0,0,0,0,0,0,0,0,0,2
control-oldsnap-gcc-vim,3,control-oldsnap gcc vim,REJECT,1,2,0,0,0,0,0,0,0,0,0,2
control-oldsnap-gcc-webserver,3,control-oldsnap gcc webserver,REJECT,1,2,0,1,0,0,0,0,0,0,0,2
control-oldsnap-gcc-wget,3,control-oldsnap gcc wget,REJECT,1,2,0,1,0,0,0,0,0,0,0,2
control-oldsnap-gcc-zstd,3,control-oldsnap gcc zstd,REJECT,1,2,0,0,0,0,0,0,0,0,0,2
control-oldsnap-git,2,control-oldsnap git,REJECT,1,5,0,5,3,0,0,0,0,0,0,2
control-oldsnap-git-htop,3,control-oldsnap git htop,REJECT,1,5,0,5,3,0,0,0,0,0,0,2
control-oldsnap-git-java,3,control-oldsnap git java,REJECT,1,5,0,8,3,0,0,0,0,0,0,2
control-oldsnap-git-jq,3,control-oldsnap git jq,REJECT,1,5,0,10,3,0,0,0,0,0,0,2
control-oldsnap-git-llvm,3,control-oldsnap git llvm,REJECT,1,5,0,5,3,0,0,0,0,0,0,2
control-oldsnap-git-memcached,3,control-oldsnap git memcached,REJECT,1,5,0,14,3,0,0,0,0,0,0,2
control-oldsnap-git-mta-msmtp,3,control-oldsnap git mta-msmtp,REJECT,1,5,0,5,3,0,0,0,0,0,0,2
control-oldsnap-git-mta-nullmailer,3,control-oldsnap git mta-nullmailer,REJECT,1,5,0,5,3,0,0,0,0,0,0,2
control-oldsnap-git-mysql,3,control-oldsnap git mysql,REJECT,1,5,0,10,3,0,0,0,0,0,0,2
control-oldsnap-git-nc-openbsd,3,control-oldsnap git nc-openbsd,REJECT,1,5,0,5,3,0,0,0,0,0,0,2
control-oldsnap-git-nc-traditional,3,control-oldsnap git nc-traditional,REJECT,1,5,0,5,3,0,0,0,0,0,0,2
control-oldsnap-git-nvidia-driver-535,3,control-oldsnap git nvidia-driver-535,REJECT,1,5,0,5,3,0,0,0,0,0,0,2
control-oldsnap-git-original-awk,3,control-oldsnap git original-awk,REJECT,1,5,0,5,3,0,0,0,0,0,0,2
control-oldsnap-git-pgclient,3,control-oldsnap git pgclient,REJECT,1,6,0,15,4,0,0,0,0,0,0,2
control-oldsnap-git-pipdemo,3,control-oldsnap git pipdemo,REJECT,1,5,0,6,3,0,0,0,0,0,0,2
control-oldsnap-git-postgres,3,control-oldsnap git postgres,REJECT,1,6,0,15,4,0,0,0,0,0,0,2
control-oldsnap-git-pytools,3,control-oldsnap git pytools,REJECT,1,5,0,6,3,0,0,0,0,0,0,2
control-oldsnap-git-pyyaml,3,control-oldsnap git pyyaml,REJECT,1,5,0,6,3,0,0,0,0,0,0,2
control-oldsnap-git-redis,3,control-oldsnap git redis,REJECT,1,5,0,5,3,0,0,0,0,0,0,2
control-oldsnap-git-rsync,3,control-oldsnap git rsync,REJECT,1,5,0,5,3,0,0,0,0,0,0,2
control-oldsnap-git-rust,3,control-oldsnap git rust,REJECT,1,8,0,19,6,0,0,0,0,0,0,2
control-oldsnap-git-socat,3,control-oldsnap git socat,REJECT,1,5,0,5,3,0,0,0,0,0,0,2
control-oldsnap-git-sqlite,3,control-oldsnap git sqlite,REJECT,1,5,0,5,3,0,0,0,0,0,0,2
control-oldsnap-git-tcpdump,3,control-oldsnap git tcpdump,REJECT,1,5,0,5,3,0,0,0,0,0,0,2
control-oldsnap-git-tmux,3,control-oldsnap git tmux,REJECT,1,5,0,5,3,0,0,0,0,0,0,2
control-oldsnap-git-vim,3,control-oldsnap git vim,REJECT,1,5,0,6,3,0,0,0,0,0,0,2
control-oldsnap-git-webserver,3,control-oldsnap git webserver,REJECT,1,5,0,8,3,0,0,0,0,0,0,2
control-oldsnap-git-wget,3,control-oldsnap git wget,REJECT,1,5,0,7,3,0,0,0,0,0,0,2
control-oldsnap-git-zstd,3,control-oldsnap git zstd,REJECT,1,5,0,5,3,0,0,0,0,0,0,2
control-oldsnap-htop,2,control-oldsnap htop,REJECT,1,2,0,0,0,0,0,0,0,0,0,2
control-oldsnap-htop-java,3,control-oldsnap htop java,REJECT,1,2,0,1,0,0,0,0,0,0,0,2
control-oldsnap-htop-jq,3,control-oldsnap htop jq,REJECT,1,2,0,0,0,0,0,0,0,0,0,2
control-oldsnap-htop-llvm,3,control-oldsnap htop llvm,REJECT,1,2,0,0,0,0,0,0,0,0,0,2
control-oldsnap-htop-memcached,3,control-oldsnap htop memcached,REJECT,1,2,0,2,0,0,0,0,0,0,0,2
control-oldsnap-htop-mta-msmtp,3,control-oldsnap htop mta-msmtp,REJECT,1,2,0,0,0,0,0,0,0,0,0,2
control-oldsnap-htop-mta-nullmailer,3,control-oldsnap htop mta-nullmailer,REJECT,1,2,0,0,0,0,0,0,0,0,0,2
control-oldsnap-htop-mysql,3,control-oldsnap htop mysql,REJECT,1,2,0,0,0,0,0,0,0,0,0,2
control-oldsnap-htop-nc-openbsd,3,control-oldsnap htop nc-openbsd,REJECT,1,2,0,0,0,0,0,0,0,0,0,2
control-oldsnap-htop-nc-traditional,3,control-oldsnap htop nc-traditional,REJECT,1,2,0,0,0,0,0,0,0,0,0,2
control-oldsnap-htop-nvidia-driver-535,3,control-oldsnap htop nvidia-driver-535,REJECT,1,2,0,0,0,0,0,0,0,0,0,2
control-oldsnap-htop-original-awk,3,control-oldsnap htop original-awk,REJECT,1,2,0,0,0,0,0,0,0,0,0,2
control-oldsnap-htop-pgclient,3,control-oldsnap htop pgclient,REJECT,1,3,0,2,1,0,0,0,0,0,0,2
control-oldsnap-htop-pipdemo,3,control-oldsnap htop pipdemo,REJECT,1,2,0,0,0,0,0,0,0,0,0,2
control-oldsnap-htop-postgres,3,control-oldsnap htop postgres,REJECT,1,3,0,2,1,0,0,0,0,0,0,2
control-oldsnap-htop-pytools,3,control-oldsnap htop pytools,REJECT,1,2,0,0,0,0,0,0,0,0,0,2
control-oldsnap-htop-pyyaml,3,control-oldsnap htop pyyaml,REJECT,1,2,0,0,0,0,0,0,0,0,0,2
control-oldsnap-htop-redis,3,control-oldsnap htop redis,REJECT,1,2,0,0,0,0,0,0,0,0,0,2
control-oldsnap-htop-rsync,3,control-oldsnap htop rsync,REJECT,1,2,0,0,0,0,0,0,0,0,0,2
control-oldsnap-htop-rust,3,control-oldsnap htop rust,REJECT,1,5,0,5,3,0,0,0,0,0,0,2
control-oldsnap-htop-socat,3,control-oldsnap htop socat,REJECT,1,2,0,0,0,0,0,0,0,0,0,2
control-oldsnap-htop-sqlite,3,control-oldsnap htop sqlite,REJECT,1,2,0,0,0,0,0,0,0,0,0,2
control-oldsnap-htop-tcpdump,3,control-oldsnap htop tcpdump,REJECT,1,2,0,0,0,0,0,0,0,0,0,2
control-oldsnap-htop-tmux,3,control-oldsnap htop tmux,REJECT,1,2,0,0,0,0,0,0,0,0,0,2
control-oldsnap-htop-vim,3,control-oldsnap htop vim,REJECT,1,2,0,0,0,0,0,0,0,0,0,2
control-oldsnap-htop-webserver,3,control-oldsnap htop webserver,REJECT,1,2,0,1,0,0,0,0,0,0,0,2
control-oldsnap-htop-wget,3,control-oldsnap htop wget,REJECT,1,2,0,1,0,0,0,0,0,0,0,2
control-oldsnap-htop-zstd,3,control-oldsnap htop zstd,REJECT,1,2,0,0,0,0,0,0,0,0,0,2
control-oldsnap-java,2,control-oldsnap java,REJECT,1,2,0,1,0,0,0,0,0,0,0,2
control-oldsnap-java-jq,3,control-oldsnap java jq,REJECT,1,2,0,1,0,0,0,0,0,0,0,2
control-oldsnap-java-llvm,3,control-oldsnap java llvm,REJECT,1,2,0,1,0,0,0,0,0,0,0,2
control-oldsnap-java-memcached,3,control-oldsnap java memcached,REJECT,1,2,0,3,0,0,0,0,0,0,0,2
control-oldsnap-java-mta-msmtp,3,control-oldsnap java mta-msmtp,REJECT,1,2,0,3,0,0,0,0,0,0,0,2
control-oldsnap-java-mta-nullmailer,3,control-oldsnap java mta-nullmailer,REJECT,1,2,0,1,0,0,0,0,0,0,0,2
control-oldsnap-java-mysql,3,control-oldsnap java mysql,REJECT,1,2,0,1,0,0,0,0,0,0,0,2
control-oldsnap-java-nc-openbsd,3,control-oldsnap java nc-openbsd,REJECT,1,2,0,1,0,0,0,0,0,0,0,2
control-oldsnap-java-nc-traditional,3,control-oldsnap java nc-traditional,REJECT,1,2,0,1,0,0,0,0,0,0,0,2
control-oldsnap-java-nvidia-driver-535,3,control-oldsnap java nvidia-driver-535,REJECT,1,2,0,1,0,0,0,0,0,0,0,2
control-oldsnap-java-original-awk,3,control-oldsnap java original-awk,REJECT,1,2,0,1,0,0,0,0,0,0,0,2
control-oldsnap-java-pgclient,3,control-oldsnap java pgclient,REJECT,1,3,0,3,1,0,0,0,0,0,0,2
control-oldsnap-java-pipdemo,3,control-oldsnap java pipdemo,REJECT,1,2,0,3,0,0,0,0,0,0,0,2
control-oldsnap-java-postgres,3,control-oldsnap java postgres,REJECT,1,3,0,4,1,0,0,0,0,0,0,2
control-oldsnap-java-pytools,3,control-oldsnap java pytools,REJECT,1,2,0,3,0,0,0,0,0,0,0,2
control-oldsnap-java-pyyaml,3,control-oldsnap java pyyaml,REJECT,1,2,0,3,0,0,0,0,0,0,0,2
control-oldsnap-java-redis,3,control-oldsnap java redis,REJECT,1,2,0,1,0,0,0,0,0,0,0,2
control-oldsnap-java-rsync,3,control-oldsnap java rsync,REJECT,1,2,0,1,0,0,0,0,0,0,0,2
control-oldsnap-java-rust,3,control-oldsnap java rust,REJECT,1,5,0,7,3,0,0,0,0,0,0,2
control-oldsnap-java-socat,3,control-oldsnap java socat,REJECT,1,2,0,1,0,0,0,0,0,0,0,2
control-oldsnap-java-sqlite,3,control-oldsnap java sqlite,REJECT,1,2,0,2,0,0,0,0,0,0,0,2
control-oldsnap-java-tcpdump,3,control-oldsnap java tcpdump,REJECT,1,2,0,2,0,0,0,0,0,0,0,2
control-oldsnap-java-tmux,3,control-oldsnap java tmux,REJECT,1,2,0,1,0,0,0,0,0,0,0,2
control-oldsnap-java-vim,3,control-oldsnap java vim,REJECT,1,2,0,3,0,0,0,0,0,0,0,2
control-oldsnap-java-webserver,3,control-oldsnap java webserver,REJECT,1,2,0,12,0,0,0,0,0,0,0,2
control-oldsnap-java-wget,3,control-oldsnap java wget,REJECT,1,2,0,2,0,0,0,0,0,0,0,2
control-oldsnap-java-zstd,3,control-oldsnap java zstd,REJECT,1,2,0,1,0,0,0,0,0,0,0,2
control-oldsnap-jq,2,control-oldsnap jq,REJECT,1,2,0,0,0,0,0,0,0,0,0,2
control-oldsnap-jq-llvm,3,control-oldsnap jq llvm,REJECT,1,2,0,0,0,0,0,0,0,0,0,2
control-oldsnap-jq-memcached,3,control-oldsnap jq memcached,REJECT,1,2,0,7,0,0,0,0,0,0,0,2
control-oldsnap-jq-mta-msmtp,3,control-oldsnap jq mta-msmtp,REJECT,1,2,0,0,0,0,0,0,0,0,0,2
control-oldsnap-jq-mta-nullmailer,3,control-oldsnap jq mta-nullmailer,REJECT,1,2,0,0,0,0,0,0,0,0,0,2
control-oldsnap-jq-mysql,3,control-oldsnap jq mysql,REJECT,1,2,0,5,0,0,0,0,0,0,0,2
control-oldsnap-jq-nc-openbsd,3,control-oldsnap jq nc-openbsd,REJECT,1,2,0,0,0,0,0,0,0,0,0,2
control-oldsnap-jq-nc-traditional,3,control-oldsnap jq nc-traditional,REJECT,1,2,0,0,0,0,0,0,0,0,0,2
control-oldsnap-jq-nvidia-driver-535,3,control-oldsnap jq nvidia-driver-535,REJECT,1,2,0,0,0,0,0,0,0,0,0,2
control-oldsnap-jq-original-awk,3,control-oldsnap jq original-awk,REJECT,1,2,0,0,0,0,0,0,0,0,0,2
control-oldsnap-jq-pgclient,3,control-oldsnap jq pgclient,REJECT,1,3,0,7,1,0,0,0,0,0,0,2
control-oldsnap-jq-pipdemo,3,control-oldsnap jq pipdemo,REJECT,1,2,0,0,0,0,0,0,0,0,0,2
control-oldsnap-jq-postgres,3,control-oldsnap jq postgres,REJECT,1,3,0,7,1,0,0,0,0,0,0,2
control-oldsnap-jq-pytools,3,control-oldsnap jq pytools,REJECT,1,2,0,0,0,0,0,0,0,0,0,2
control-oldsnap-jq-pyyaml,3,control-oldsnap jq pyyaml,REJECT,1,2,0,0,0,0,0,0,0,0,0,2
control-oldsnap-jq-redis,3,control-oldsnap jq redis,REJECT,1,2,0,0,0,0,0,0,0,0,0,2
control-oldsnap-jq-rsync,3,control-oldsnap jq rsync,REJECT,1,2,0,0,0,0,0,0,0,0,0,2
control-oldsnap-jq-rust,3,control-oldsnap jq rust,REJECT,1,5,0,5,3,0,0,0,0,0,0,2
control-oldsnap-jq-socat,3,control-oldsnap jq socat,REJECT,1,2,0,0,0,0,0,0,0,0,0,2
control-oldsnap-jq-sqlite,3,control-oldsnap jq sqlite,REJECT,1,2,0,0,0,0,0,0,0,0,0,2
control-oldsnap-jq-tcpdump,3,control-oldsnap jq tcpdump,REJECT,1,2,0,0,0,0,0,0,0,0,0,2
control-oldsnap-jq-tmux,3,control-oldsnap jq tmux,REJECT,1,2,0,0,0,0,0,0,0,0,0,2
control-oldsnap-jq-vim,3,control-oldsnap jq vim,REJECT,1,2,0,0,0,0,0,0,0,0,0,2
control-oldsnap-jq-webserver,3,control-oldsnap jq webserver,REJECT,1,2,0,1,0,0,0,0,0,0,0,2
control-oldsnap-jq-wget,3,control-oldsnap jq wget,REJECT,1,2,0,1,0,0,0,0,0,0,0,2
control-oldsnap-jq-zstd,3,control-oldsnap jq zstd,REJECT,1,2,0,0,0,0,0,0,0,0,0,2
control-oldsnap-llvm,2,control-oldsnap llvm,REJECT,1,2,0,0,0,0,0,0,0,0,0,2
control-oldsnap-llvm-memcached,3,control-oldsnap llvm memcached,REJECT,1,2,0,2,0,0,0,0,0,0,0,2
control-oldsnap-llvm-mta-msmtp,3,control-oldsnap llvm mta-msmtp,REJECT,1,2,0,0,0,0,0,0,0,0,0,2
control-oldsnap-llvm-mta-nullmailer,3,control-oldsnap llvm mta-nullmailer,REJECT,1,2,0,0,0,0,0,0,0,0,0,2
control-oldsnap-llvm-mysql,3,control-oldsnap llvm mysql,REJECT,1,2,0,3,0,0,0,0,0,0,0,2
control-oldsnap-llvm-nc-openbsd,3,control-oldsnap llvm nc-openbsd,REJECT,1,2,0,2,0,0,0,0,0,0,0,2
control-oldsnap-llvm-nc-traditional,3,control-oldsnap llvm nc-traditional,REJECT,1,2,0,0,0,0,0,0,0,0,0,2
control-oldsnap-llvm-nvidia-driver-535,3,control-oldsnap llvm nvidia-driver-535,REJECT,1,2,0,6,0,0,0,0,0,0,0,2
control-oldsnap-llvm-original-awk,3,control-oldsnap llvm original-awk,REJECT,1,2,0,0,0,0,0,0,0,0,0,2
control-oldsnap-llvm-pgclient,3,control-oldsnap llvm pgclient,REJECT,1,3,0,2,1,0,0,0,0,0,0,2
control-oldsnap-llvm-pipdemo,3,control-oldsnap llvm pipdemo,REJECT,1,2,0,0,0,0,0,0,0,0,0,2
control-oldsnap-llvm-postgres,3,control-oldsnap llvm postgres,REJECT,1,3,0,8,1,0,0,0,0,0,0,2
control-oldsnap-llvm-pytools,3,control-oldsnap llvm pytools,REJECT,1,2,0,1,0,0,0,0,0,0,0,2
control-oldsnap-llvm-pyyaml,3,control-oldsnap llvm pyyaml,REJECT,1,2,0,0,0,0,0,0,0,0,0,2
control-oldsnap-llvm-redis,3,control-oldsnap llvm redis,REJECT,1,2,0,1,0,0,0,0,0,0,0,2
control-oldsnap-llvm-rsync,3,control-oldsnap llvm rsync,REJECT,1,2,0,0,0,0,0,0,0,0,0,2
control-oldsnap-llvm-rust,3,control-oldsnap llvm rust,REJECT,1,5,0,28,3,0,0,0,0,0,0,2
control-oldsnap-llvm-socat,3,control-oldsnap llvm socat,REJECT,1,2,0,0,0,0,0,0,0,0,0,2
control-oldsnap-llvm-sqlite,3,control-oldsnap llvm sqlite,REJECT,1,2,0,0,0,0,0,0,0,0,0,2
control-oldsnap-llvm-tcpdump,3,control-oldsnap llvm tcpdump,REJECT,1,2,0,0,0,0,0,0,0,0,0,2
control-oldsnap-llvm-tmux,3,control-oldsnap llvm tmux,REJECT,1,2,0,0,0,0,0,0,0,0,0,2
control-oldsnap-llvm-vim,3,control-oldsnap llvm vim,REJECT,1,2,0,0,0,0,0,0,0,0,0,2
control-oldsnap-llvm-webserver,3,control-oldsnap llvm webserver,REJECT,1,2,0,5,0,0,0,0,0,0,0,2
control-oldsnap-llvm-wget,3,control-oldsnap llvm wget,REJECT,1,2,0,1,0,0,0,0,0,0,0,2
control-oldsnap-llvm-zstd,3,control-oldsnap llvm zstd,REJECT,1,2,0,0,0,0,0,0,0,0,0,2
control-oldsnap-memcached,2,control-oldsnap memcached,REJECT,1,2,0,2,0,0,0,0,0,0,0,2
control-oldsnap-memcached-mta-msmtp,3,control-oldsnap memcached mta-msmtp,REJECT,1,2,0,2,0,0,0,0,0,0,0,2
control-oldsnap-memcached-mta-nullmailer,3,control-oldsnap memcached mta-nullmailer,REJECT,1,2,0,2,0,0,0,0,0,0,0,2
control-oldsnap-memcached-mysql,3,control-oldsnap memcached mysql,REJECT,1,2,0,7,0,0,0,0,0,0,0,2
control-oldsnap-memcached-nc-openbsd,3,control-oldsnap memcached nc-openbsd,REJECT,1,2,0,2,0,0,0,0,0,0,0,2
control-oldsnap-memcached-nc-traditional,3,control-oldsnap memcached nc-traditional,REJECT,1,2,0,2,0,0,0,0,0,0,0,2
control-oldsnap-memcached-nvidia-driver-535,3,control-oldsnap memcached nvidia-driver-535,REJECT,1,2,0,2,0,0,0,0,0,0,0,2
control-oldsnap-memcached-original-awk,3,control-oldsnap memcached original-awk,REJECT,1,2,0,2,0,0,0,0,0,0,0,2
control-oldsnap-memcached-pgclient,3,control-oldsnap memcached pgclient,REJECT,1,3,0,11,1,0,0,0,0,0,0,2
control-oldsnap-memcached-pipdemo,3,control-oldsnap memcached pipdemo,REJECT,1,2,0,2,0,0,0,0,0,0,0,2
control-oldsnap-memcached-postgres,3,control-oldsnap memcached postgres,REJECT,1,3,0,11,1,0,0,0,0,0,0,2
control-oldsnap-memcached-pytools,3,control-oldsnap memcached pytools,REJECT,1,2,0,2,0,0,0,0,0,0,0,2
control-oldsnap-memcached-pyyaml,3,control-oldsnap memcached pyyaml,REJECT,1,2,0,2,0,0,0,0,0,0,0,2
control-oldsnap-memcached-redis,3,control-oldsnap memcached redis,REJECT,1,2,0,2,0,0,0,0,0,0,0,2
control-oldsnap-memcached-rsync,3,control-oldsnap memcached rsync,REJECT,1,2,0,2,0,0,0,0,0,0,0,2
control-oldsnap-memcached-rust,3,control-oldsnap memcached rust,REJECT,1,5,0,9,3,0,0,0,0,0,0,2
control-oldsnap-memcached-socat,3,control-oldsnap memcached socat,REJECT,1,2,0,2,0,0,0,0,0,0,0,2
control-oldsnap-memcached-sqlite,3,control-oldsnap memcached sqlite,REJECT,1,2,0,2,0,0,0,0,0,0,0,2
control-oldsnap-memcached-tcpdump,3,control-oldsnap memcached tcpdump,REJECT,1,2,0,2,0,0,0,0,0,0,0,2
control-oldsnap-memcached-tmux,3,control-oldsnap memcached tmux,REJECT,1,2,0,2,0,0,0,0,0,0,0,2
control-oldsnap-memcached-vim,3,control-oldsnap memcached vim,REJECT,1,2,0,2,0,0,0,0,0,0,0,2
control-oldsnap-memcached-webserver,3,control-oldsnap memcached webserver,REJECT,1,2,0,3,0,0,0,0,0,0,0,2
control-oldsnap-memcached-wget,3,control-oldsnap memcached wget,REJECT,1,2,0,3,0,0,0,0,0,0,0,2
control-oldsnap-memcached-zstd,3,control-oldsnap memcached zstd,REJECT,1,2,0,2,0,0,0,0,0,0,0,2
control-oldsnap-mta-msmtp,2,control-oldsnap mta-msmtp,REJECT,1,2,0,0,0,0,0,0,0,0,0,2
control-oldsnap-mta-msmtp-mta-nullmailer,3,control-oldsnap mta-msmtp mta-nullmailer,REJECT,1,4,0,0,0,2,0,4,0,0,0,2
control-oldsnap-mta-msmtp-mysql,3,control-oldsnap mta-msmtp mysql,REJECT,1,2,0,0,0,0,0,0,0,0,0,2
control-oldsnap-mta-msmtp-nc-openbsd,3,control-oldsnap mta-msmtp nc-openbsd,REJECT,1,2,0,0,0,0,0,0,0,0,0,2
control-oldsnap-mta-msmtp-nc-traditional,3,control-oldsnap mta-msmtp nc-traditional,REJECT,1,2,0,0,0,0,0,0,0,0,0,2
control-oldsnap-mta-msmtp-nvidia-driver-535,3,control-oldsnap mta-msmtp nvidia-driver-535,REJECT,1,2,0,0,0,0,0,0,0,0,0,2
control-oldsnap-mta-msmtp-original-awk,3,control-oldsnap mta-msmtp original-awk,REJECT,1,2,0,0,0,0,0,0,0,0,0,2
control-oldsnap-mta-msmtp-pgclient,3,control-oldsnap mta-msmtp pgclient,REJECT,1,3,0,2,1,0,0,0,0,0,0,2
control-oldsnap-mta-msmtp-pipdemo,3,control-oldsnap mta-msmtp pipdemo,REJECT,1,2,0,0,0,0,0,0,0,0,0,2
control-oldsnap-mta-msmtp-postgres,3,control-oldsnap mta-msmtp postgres,REJECT,1,3,0,3,1,0,0,0,0,0,0,2
control-oldsnap-mta-msmtp-pytools,3,control-oldsnap mta-msmtp pytools,REJECT,1,2,0,0,0,0,0,0,0,0,0,2
control-oldsnap-mta-msmtp-pyyaml,3,control-oldsnap mta-msmtp pyyaml,REJECT,1,2,0,0,0,0,0,0,0,0,0,2
control-oldsnap-mta-msmtp-redis,3,control-oldsnap mta-msmtp redis,REJECT,1,2,0,0,0,0,0,0,0,0,0,2
control-oldsnap-mta-msmtp-rsync,3,control-oldsnap mta-msmtp rsync,REJECT,1,2,0,0,0,0,0,0,0,0,0,2
control-oldsnap-mta-msmtp-rust,3,control-oldsnap mta-msmtp rust,REJECT,1,5,0,5,3,0,0,0,0,0,0,2
control-oldsnap-mta-msmtp-socat,3,control-oldsnap mta-msmtp socat,REJECT,1,2,0,0,0,0,0,0,0,0,0,2
control-oldsnap-mta-msmtp-sqlite,3,control-oldsnap mta-msmtp sqlite,REJECT,1,2,0,0,0,0,0,0,0,0,0,2
control-oldsnap-mta-msmtp-tcpdump,3,control-oldsnap mta-msmtp tcpdump,REJECT,1,2,0,0,0,0,0,0,0,0,0,2
control-oldsnap-mta-msmtp-tmux,3,control-oldsnap mta-msmtp tmux,REJECT,1,2,0,0,0,0,0,0,0,0,0,2
control-oldsnap-mta-msmtp-vim,3,control-oldsnap mta-msmtp vim,REJECT,1,2,0,0,0,0,0,0,0,0,0,2
control-oldsnap-mta-msmtp-webserver,3,control-oldsnap mta-msmtp webserver,REJECT,1,2,0,2,0,0,0,0,0,0,0,2
control-oldsnap-mta-msmtp-wget,3,control-oldsnap mta-msmtp wget,REJECT,1,2,0,1,0,0,0,0,0,0,0,2
control-oldsnap-mta-msmtp-zstd,3,control-oldsnap mta-msmtp zstd,REJECT,1,2,0,0,0,0,0,0,0,0,0,2
control-oldsnap-mta-nullmailer,2,control-oldsnap mta-nullmailer,REJECT,1,2,0,0,0,0,0,0,0,0,0,2
control-oldsnap-mta-nullmailer-mysql,3,control-oldsnap mta-nullmailer mysql,REJECT,1,2,0,0,0,0,0,0,0,0,0,2
control-oldsnap-mta-nullmailer-nc-openbsd,3,control-oldsnap mta-nullmailer nc-openbsd,REJECT,1,2,0,0,0,0,0,0,0,0,0,2
control-oldsnap-mta-nullmailer-nc-traditional,3,control-oldsnap mta-nullmailer nc-traditional,REJECT,1,2,0,0,0,0,0,0,0,0,0,2
control-oldsnap-mta-nullmailer-nvidia-driver-535,3,control-oldsnap mta-nullmailer nvidia-driver-535,REJECT,1,2,0,0,0,0,0,0,0,0,0,2
control-oldsnap-mta-nullmailer-original-awk,3,control-oldsnap mta-nullmailer original-awk,REJECT,1,2,0,0,0,0,0,0,0,0,0,2
control-oldsnap-mta-nullmailer-pgclient,3,control-oldsnap mta-nullmailer pgclient,REJECT,1,3,0,2,1,0,0,0,0,0,0,2
control-oldsnap-mta-nullmailer-pipdemo,3,control-oldsnap mta-nullmailer pipdemo,REJECT,1,2,0,0,0,0,0,0,0,0,0,2
control-oldsnap-mta-nullmailer-postgres,3,control-oldsnap mta-nullmailer postgres,REJECT,1,3,0,2,1,0,0,0,0,0,0,2
control-oldsnap-mta-nullmailer-pytools,3,control-oldsnap mta-nullmailer pytools,REJECT,1,2,0,0,0,0,0,0,0,0,0,2
control-oldsnap-mta-nullmailer-pyyaml,3,control-oldsnap mta-nullmailer pyyaml,REJECT,1,2,0,0,0,0,0,0,0,0,0,2
control-oldsnap-mta-nullmailer-redis,3,control-oldsnap mta-nullmailer redis,REJECT,1,2,0,0,0,0,0,0,0,0,0,2
control-oldsnap-mta-nullmailer-rsync,3,control-oldsnap mta-nullmailer rsync,REJECT,1,2,0,0,0,0,0,0,0,0,0,2
control-oldsnap-mta-nullmailer-rust,3,control-oldsnap mta-nullmailer rust,REJECT,1,5,0,5,3,0,0,0,0,0,0,2
control-oldsnap-mta-nullmailer-socat,3,control-oldsnap mta-nullmailer socat,REJECT,1,2,0,0,0,0,0,0,0,0,0,2
control-oldsnap-mta-nullmailer-sqlite,3,control-oldsnap mta-nullmailer sqlite,REJECT,1,2,0,0,0,0,0,0,0,0,0,2
control-oldsnap-mta-nullmailer-tcpdump,3,control-oldsnap mta-nullmailer tcpdump,REJECT,1,2,0,0,0,0,0,0,0,0,0,2
control-oldsnap-mta-nullmailer-tmux,3,control-oldsnap mta-nullmailer tmux,REJECT,1,2,0,0,0,0,0,0,0,0,0,2
control-oldsnap-mta-nullmailer-vim,3,control-oldsnap mta-nullmailer vim,REJECT,1,2,0,0,0,0,0,0,0,0,0,2
control-oldsnap-mta-nullmailer-webserver,3,control-oldsnap mta-nullmailer webserver,REJECT,1,2,0,1,0,0,0,0,0,0,0,2
control-oldsnap-mta-nullmailer-wget,3,control-oldsnap mta-nullmailer wget,REJECT,1,2,0,1,0,0,0,0,0,0,0,2
control-oldsnap-mta-nullmailer-zstd,3,control-oldsnap mta-nullmailer zstd,REJECT,1,2,0,0,0,0,0,0,0,0,0,2
control-oldsnap-mysql,2,control-oldsnap mysql,REJECT,1,2,0,0,0,0,0,0,0,0,0,2
control-oldsnap-mysql-nc-openbsd,3,control-oldsnap mysql nc-openbsd,REJECT,1,2,0,2,0,0,0,0,0,0,0,2
control-oldsnap-mysql-nc-traditional,3,control-oldsnap mysql nc-traditional,REJECT,1,2,0,0,0,0,0,0,0,0,0,2
control-oldsnap-mysql-nvidia-driver-535,3,control-oldsnap mysql nvidia-driver-535,REJECT,1,2,0,0,0,0,0,0,0,0,0,2
control-oldsnap-mysql-original-awk,3,control-oldsnap mysql original-awk,REJECT,1,2,0,0,0,0,0,0,0,0,0,2
control-oldsnap-mysql-pgclient,3,control-oldsnap mysql pgclient,REJECT,1,3,0,9,1,0,0,0,0,0,0,2
control-oldsnap-mysql-pipdemo,3,control-oldsnap mysql pipdemo,REJECT,1,2,0,2,0,0,0,0,0,0,0,2
control-oldsnap-mysql-postgres,3,control-oldsnap mysql postgres,REJECT,1,3,0,12,1,0,0,0,0,0,0,2
control-oldsnap-mysql-pytools,3,control-oldsnap mysql pytools,REJECT,1,2,0,2,0,0,0,0,0,0,0,2
control-oldsnap-mysql-pyyaml,3,control-oldsnap mysql pyyaml,REJECT,1,2,0,2,0,0,0,0,0,0,0,2
control-oldsnap-mysql-redis,3,control-oldsnap mysql redis,REJECT,1,2,0,0,0,0,0,0,0,0,0,2
control-oldsnap-mysql-rsync,3,control-oldsnap mysql rsync,REJECT,1,2,0,2,0,0,0,0,0,0,0,2
control-oldsnap-mysql-rust,3,control-oldsnap mysql rust,REJECT,1,5,0,6,3,0,0,0,0,0,0,2
control-oldsnap-mysql-socat,3,control-oldsnap mysql socat,REJECT,1,2,0,2,0,0,0,0,0,0,0,2
control-oldsnap-mysql-sqlite,3,control-oldsnap mysql sqlite,REJECT,1,2,0,2,0,0,0,0,0,0,0,2
control-oldsnap-mysql-tcpdump,3,control-oldsnap mysql tcpdump,REJECT,1,2,0,0,0,0,0,0,0,0,0,2
control-oldsnap-mysql-tmux,3,control-oldsnap mysql tmux,REJECT,1,2,0,0,0,0,0,0,0,0,0,2
control-oldsnap-mysql-vim,3,control-oldsnap mysql vim,REJECT,1,2,0,2,0,0,0,0,0,0,0,2
control-oldsnap-mysql-webserver,3,control-oldsnap mysql webserver,REJECT,1,2,0,9,0,0,0,0,0,0,0,2
control-oldsnap-mysql-wget,3,control-oldsnap mysql wget,REJECT,1,2,0,1,0,0,0,0,0,0,0,2
control-oldsnap-mysql-zstd,3,control-oldsnap mysql zstd,REJECT,1,2,0,0,0,0,0,0,0,0,0,2
control-oldsnap-nc-openbsd,2,control-oldsnap nc-openbsd,REJECT,1,2,0,0,0,0,0,0,0,0,0,2
control-oldsnap-nc-openbsd-nc-traditional,3,control-oldsnap nc-openbsd nc-traditional,REJECT,1,2,0,0,0,0,0,0,0,0,0,2
control-oldsnap-nc-openbsd-nvidia-driver-535,3,control-oldsnap nc-openbsd nvidia-driver-535,REJECT,1,2,0,0,0,0,0,0,0,0,0,2
control-oldsnap-nc-openbsd-original-awk,3,control-oldsnap nc-openbsd original-awk,REJECT,1,2,0,0,0,0,0,0,0,0,0,2
control-oldsnap-nc-openbsd-pgclient,3,control-oldsnap nc-openbsd pgclient,REJECT,1,3,0,2,1,0,0,0,0,0,0,2
control-oldsnap-nc-openbsd-pipdemo,3,control-oldsnap nc-openbsd pipdemo,REJECT,1,2,0,0,0,0,0,0,0,0,0,2
control-oldsnap-nc-openbsd-postgres,3,control-oldsnap nc-openbsd postgres,REJECT,1,3,0,4,1,0,0,0,0,0,0,2
control-oldsnap-nc-openbsd-pytools,3,control-oldsnap nc-openbsd pytools,REJECT,1,2,0,0,0,0,0,0,0,0,0,2
control-oldsnap-nc-openbsd-pyyaml,3,control-oldsnap nc-openbsd pyyaml,REJECT,1,2,0,0,0,0,0,0,0,0,0,2
control-oldsnap-nc-openbsd-redis,3,control-oldsnap nc-openbsd redis,REJECT,1,2,0,0,0,0,0,0,0,0,0,2
control-oldsnap-nc-openbsd-rsync,3,control-oldsnap nc-openbsd rsync,REJECT,1,2,0,0,0,0,0,0,0,0,0,2
control-oldsnap-nc-openbsd-rust,3,control-oldsnap nc-openbsd rust,REJECT,1,5,0,5,3,0,0,0,0,0,0,2
control-oldsnap-nc-openbsd-socat,3,control-oldsnap nc-openbsd socat,REJECT,1,2,0,0,0,0,0,0,0,0,0,2
control-oldsnap-nc-openbsd-sqlite,3,control-oldsnap nc-openbsd sqlite,REJECT,1,2,0,0,0,0,0,0,0,0,0,2
control-oldsnap-nc-openbsd-tcpdump,3,control-oldsnap nc-openbsd tcpdump,REJECT,1,2,0,0,0,0,0,0,0,0,0,2
control-oldsnap-nc-openbsd-tmux,3,control-oldsnap nc-openbsd tmux,REJECT,1,2,0,0,0,0,0,0,0,0,0,2
control-oldsnap-nc-openbsd-vim,3,control-oldsnap nc-openbsd vim,REJECT,1,2,0,0,0,0,0,0,0,0,0,2
control-oldsnap-nc-openbsd-webserver,3,control-oldsnap nc-openbsd webserver,REJECT,1,2,0,3,0,0,0,0,0,0,0,2
control-oldsnap-nc-openbsd-wget,3,control-oldsnap nc-openbsd wget,REJECT,1,2,0,1,0,0,0,0,0,0,0,2
control-oldsnap-nc-openbsd-zstd,3,control-oldsnap nc-openbsd zstd,REJECT,1,2,0,0,0,0,0,0,0,0,0,2
control-oldsnap-nc-traditional,2,control-oldsnap nc-traditional,REJECT,1,2,0,0,0,0,0,0,0,0,0,2
control-oldsnap-nc-traditional-nvidia-driver-535,3,control-oldsnap nc-traditional nvidia-driver-535,REJECT,1,2,0,0,0,0,0,0,0,0,0,2
control-oldsnap-nc-traditional-original-awk,3,control-oldsnap nc-traditional original-awk,REJECT,1,2,0,0,0,0,0,0,0,0,0,2
control-oldsnap-nc-traditional-pgclient,3,control-oldsnap nc-traditional pgclient,REJECT,1,3,0,2,1,0,0,0,0,0,0,2
control-oldsnap-nc-traditional-pipdemo,3,control-oldsnap nc-traditional pipdemo,REJECT,1,2,0,0,0,0,0,0,0,0,0,2
control-oldsnap-nc-traditional-postgres,3,control-oldsnap nc-traditional postgres,REJECT,1,3,0,2,1,0,0,0,0,0,0,2
control-oldsnap-nc-traditional-pytools,3,control-oldsnap nc-traditional pytools,REJECT,1,2,0,0,0,0,0,0,0,0,0,2
control-oldsnap-nc-traditional-pyyaml,3,control-oldsnap nc-traditional pyyaml,REJECT,1,2,0,0,0,0,0,0,0,0,0,2
control-oldsnap-nc-traditional-redis,3,control-oldsnap nc-traditional redis,REJECT,1,2,0,0,0,0,0,0,0,0,0,2
control-oldsnap-nc-traditional-rsync,3,control-oldsnap nc-traditional rsync,REJECT,1,2,0,0,0,0,0,0,0,0,0,2
control-oldsnap-nc-traditional-rust,3,control-oldsnap nc-traditional rust,REJECT,1,5,0,5,3,0,0,0,0,0,0,2
control-oldsnap-nc-traditional-socat,3,control-oldsnap nc-traditional socat,REJECT,1,2,0,0,0,0,0,0,0,0,0,2
control-oldsnap-nc-traditional-sqlite,3,control-oldsnap nc-traditional sqlite,REJECT,1,2,0,0,0,0,0,0,0,0,0,2
control-oldsnap-nc-traditional-tcpdump,3,control-oldsnap nc-traditional tcpdump,REJECT,1,2,0,0,0,0,0,0,0,0,0,2
control-oldsnap-nc-traditional-tmux,3,control-oldsnap nc-traditional tmux,REJECT,1,2,0,0,0,0,0,0,0,0,0,2
control-oldsnap-nc-traditional-vim,3,control-oldsnap nc-traditional vim,REJECT,1,2,0,0,0,0,0,0,0,0,0,2
control-oldsnap-nc-traditional-webserver,3,control-oldsnap nc-traditional webserver,REJECT,1,2,0,1,0,0,0,0,0,0,0,2
control-oldsnap-nc-traditional-wget,3,control-oldsnap nc-traditional wget,REJECT,1,2,0,1,0,0,0,0,0,0,0,2
control-oldsnap-nc-traditional-zstd,3,control-oldsnap nc-traditional zstd,REJECT,1,2,0,0,0,0,0,0,0,0,0,2
control-oldsnap-nvidia-driver-535,2,control-oldsnap nvidia-driver-535,REJECT,1,2,0,0,0,0,0,0,0,0,0,2
control-oldsnap-nvidia-driver-535-original-awk,3,control-oldsnap nvidia-driver-535 original-awk,REJECT,1,2,0,0,0,0,0,0,0,0,0,2
control-oldsnap-nvidia-driver-535-pgclient,3,control-oldsnap nvidia-driver-535 pgclient,REJECT,1,3,0,2,1,0,0,0,0,0,0,2
control-oldsnap-nvidia-driver-535-pipdemo,3,control-oldsnap nvidia-driver-535 pipdemo,REJECT,1,2,0,0,0,0,0,0,0,0,0,2
control-oldsnap-nvidia-driver-535-postgres,3,control-oldsnap nvidia-driver-535 postgres,REJECT,1,3,0,2,1,0,0,0,0,0,0,2
control-oldsnap-nvidia-driver-535-pytools,3,control-oldsnap nvidia-driver-535 pytools,REJECT,1,2,0,0,0,0,0,0,0,0,0,2
control-oldsnap-nvidia-driver-535-pyyaml,3,control-oldsnap nvidia-driver-535 pyyaml,REJECT,1,2,0,0,0,0,0,0,0,0,0,2
control-oldsnap-nvidia-driver-535-redis,3,control-oldsnap nvidia-driver-535 redis,REJECT,1,2,0,0,0,0,0,0,0,0,0,2
control-oldsnap-nvidia-driver-535-rsync,3,control-oldsnap nvidia-driver-535 rsync,REJECT,1,2,0,0,0,0,0,0,0,0,0,2
control-oldsnap-nvidia-driver-535-rust,3,control-oldsnap nvidia-driver-535 rust,REJECT,1,5,0,11,3,0,0,0,0,0,0,2
control-oldsnap-nvidia-driver-535-socat,3,control-oldsnap nvidia-driver-535 socat,REJECT,1,2,0,0,0,0,0,0,0,0,0,2
control-oldsnap-nvidia-driver-535-sqlite,3,control-oldsnap nvidia-driver-535 sqlite,REJECT,1,2,0,0,0,0,0,0,0,0,0,2
control-oldsnap-nvidia-driver-535-tcpdump,3,control-oldsnap nvidia-driver-535 tcpdump,REJECT,1,2,0,0,0,0,0,0,0,0,0,2
control-oldsnap-nvidia-driver-535-tmux,3,control-oldsnap nvidia-driver-535 tmux,REJECT,1,2,0,0,0,0,0,0,0,0,0,2
control-oldsnap-nvidia-driver-535-vim,3,control-oldsnap nvidia-driver-535 vim,REJECT,1,2,0,0,0,0,0,0,0,0,0,2
control-oldsnap-nvidia-driver-535-webserver,3,control-oldsnap nvidia-driver-535 webserver,REJECT,1,2,0,1,0,0,0,0,0,0,0,2
control-oldsnap-nvidia-driver-535-wget,3,control-oldsnap nvidia-driver-535 wget,REJECT,1,2,0,1,0,0,0,0,0,0,0,2
control-oldsnap-nvidia-driver-535-zstd,3,control-oldsnap nvidia-driver-535 zstd,REJECT,1,2,0,0,0,0,0,0,0,0,0,2
control-oldsnap-original-awk,2,control-oldsnap original-awk,REJECT,1,2,0,0,0,0,0,0,0,0,0,2
control-oldsnap-original-awk-pgclient,3,control-oldsnap original-awk pgclient,REJECT,1,3,0,2,1,0,0,0,0,0,0,2
control-oldsnap-original-awk-pipdemo,3,control-oldsnap original-awk pipdemo,REJECT,1,2,0,0,0,0,0,0,0,0,0,2
control-oldsnap-original-awk-postgres,3,control-oldsnap original-awk postgres,REJECT,1,3,0,2,1,0,0,0,0,0,0,2
control-oldsnap-original-awk-pytools,3,control-oldsnap original-awk pytools,REJECT,1,2,0,0,0,0,0,0,0,0,0,2
control-oldsnap-original-awk-pyyaml,3,control-oldsnap original-awk pyyaml,REJECT,1,2,0,0,0,0,0,0,0,0,0,2
control-oldsnap-original-awk-redis,3,control-oldsnap original-awk redis,REJECT,1,2,0,0,0,0,0,0,0,0,0,2
control-oldsnap-original-awk-rsync,3,control-oldsnap original-awk rsync,REJECT,1,2,0,0,0,0,0,0,0,0,0,2
control-oldsnap-original-awk-rust,3,control-oldsnap original-awk rust,REJECT,1,5,0,5,3,0,0,0,0,0,0,2
control-oldsnap-original-awk-socat,3,control-oldsnap original-awk socat,REJECT,1,2,0,0,0,0,0,0,0,0,0,2
control-oldsnap-original-awk-sqlite,3,control-oldsnap original-awk sqlite,REJECT,1,2,0,0,0,0,0,0,0,0,0,2
control-oldsnap-original-awk-tcpdump,3,control-oldsnap original-awk tcpdump,REJECT,1,2,0,0,0,0,0,0,0,0,0,2
control-oldsnap-original-awk-tmux,3,control-oldsnap original-awk tmux,REJECT,1,2,0,0,0,0,0,0,0,0,0,2
control-oldsnap-original-awk-vim,3,control-oldsnap original-awk vim,REJECT,1,2,0,0,0,0,0,0,0,0,0,2
control-oldsnap-original-awk-webserver,3,control-oldsnap original-awk webserver,REJECT,1,2,0,1,0,0,0,0,0,0,0,2
control-oldsnap-original-awk-wget,3,control-oldsnap original-awk wget,REJECT,1,2,0,1,0,0,0,0,0,0,0,2
control-oldsnap-original-awk-zstd,3,control-oldsnap original-awk zstd,REJECT,1,2,0,0,0,0,0,0,0,0,0,2
control-oldsnap-pgclient,2,control-oldsnap pgclient,REJECT,1,3,0,2,1,0,0,0,0,0,0,2
control-oldsnap-pgclient-pipdemo,3,control-oldsnap pgclient pipdemo,REJECT,1,3,0,4,1,0,0,0,0,0,0,2
control-oldsnap-pgclient-postgres,3,control-oldsnap pgclient postgres,REJECT,1,4,0,18,2,0,0,0,0,0,0,2
control-oldsnap-pgclient-pytools,3,control-oldsnap pgclient pytools,REJECT,1,3,0,4,1,0,0,0,0,0,0,2
control-oldsnap-pgclient-pyyaml,3,control-oldsnap pgclient pyyaml,REJECT,1,3,0,4,1,0,0,0,0,0,0,2
control-oldsnap-pgclient-redis,3,control-oldsnap pgclient redis,REJECT,1,3,0,2,1,0,0,0,0,0,0,2
control-oldsnap-pgclient-rsync,3,control-oldsnap pgclient rsync,REJECT,1,3,0,2,1,0,0,0,0,0,0,2
control-oldsnap-pgclient-rust,3,control-oldsnap pgclient rust,REJECT,1,6,0,10,4,0,0,0,0,0,0,2
control-oldsnap-pgclient-socat,3,control-oldsnap pgclient socat,REJECT,1,3,0,2,1,0,0,0,0,0,0,2
control-oldsnap-pgclient-sqlite,3,control-oldsnap pgclient sqlite,REJECT,1,3,0,4,1,0,0,0,0,0,0,2
control-oldsnap-pgclient-tcpdump,3,control-oldsnap pgclient tcpdump,REJECT,1,3,0,2,1,0,0,0,0,0,0,2
control-oldsnap-pgclient-tmux,3,control-oldsnap pgclient tmux,REJECT,1,3,0,2,1,0,0,0,0,0,0,2
control-oldsnap-pgclient-vim,3,control-oldsnap pgclient vim,REJECT,1,3,0,4,1,0,0,0,0,0,0,2
control-oldsnap-pgclient-webserver,3,control-oldsnap pgclient webserver,REJECT,1,3,0,3,1,0,0,0,0,0,0,2
control-oldsnap-pgclient-wget,3,control-oldsnap pgclient wget,REJECT,1,3,0,3,1,0,0,0,0,0,0,2
control-oldsnap-pgclient-zstd,3,control-oldsnap pgclient zstd,REJECT,1,3,0,2,1,0,0,0,0,0,0,2
control-oldsnap-pipdemo,2,control-oldsnap pipdemo,REJECT,1,2,0,0,0,0,0,0,0,0,0,2
control-oldsnap-pipdemo-postgres,3,control-oldsnap pipdemo postgres,REJECT,1,3,0,4,1,0,0,0,0,0,0,2
control-oldsnap-pipdemo-pytools,3,control-oldsnap pipdemo pytools,REJECT,1,2,0,19,0,0,0,0,0,0,0,2
control-oldsnap-pipdemo-pyyaml,3,control-oldsnap pipdemo pyyaml,REJECT,1,2,0,13,0,0,0,0,0,0,0,2
control-oldsnap-pipdemo-redis,3,control-oldsnap pipdemo redis,REJECT,1,2,0,0,0,0,0,0,0,0,0,2
control-oldsnap-pipdemo-rsync,3,control-oldsnap pipdemo rsync,REJECT,1,2,0,0,0,0,0,0,0,0,0,2
control-oldsnap-pipdemo-rust,3,control-oldsnap pipdemo rust,REJECT,1,5,0,5,3,0,0,0,0,0,0,2
control-oldsnap-pipdemo-socat,3,control-oldsnap pipdemo socat,REJECT,1,2,0,0,0,0,0,0,0,0,0,2
control-oldsnap-pipdemo-sqlite,3,control-oldsnap pipdemo sqlite,REJECT,1,2,0,3,0,0,0,0,0,0,0,2
control-oldsnap-pipdemo-tcpdump,3,control-oldsnap pipdemo tcpdump,REJECT,1,2,0,0,0,0,0,0,0,0,0,2
control-oldsnap-pipdemo-tmux,3,control-oldsnap pipdemo tmux,REJECT,1,2,0,0,0,0,0,0,0,0,0,2
control-oldsnap-pipdemo-vim,3,control-oldsnap pipdemo vim,REJECT,1,2,0,8,0,0,0,0,0,0,0,2
control-oldsnap-pipdemo-webserver,3,control-oldsnap pipdemo webserver,REJECT,1,2,0,2,0,0,0,0,0,0,0,2
control-oldsnap-pipdemo-wget,3,control-oldsnap pipdemo wget,REJECT,1,2,0,1,0,0,0,0,0,0,0,2
control-oldsnap-pipdemo-zstd,3,control-oldsnap pipdemo zstd,REJECT,1,2,0,0,0,0,0,0,0,0,0,2
control-oldsnap-postgres,2,control-oldsnap postgres,REJECT,1,3,0,2,1,0,0,0,0,0,0,2
control-oldsnap-postgres-pytools,3,control-oldsnap postgres pytools,REJECT,1,3,0,4,1,0,0,0,0,0,0,2
control-oldsnap-postgres-pyyaml,3,control-oldsnap postgres pyyaml,REJECT,1,3,0,4,1,0,0,0,0,0,0,2
control-oldsnap-postgres-redis,3,control-oldsnap postgres redis,REJECT,1,3,0,2,1,0,0,0,0,0,0,2
control-oldsnap-postgres-rsync,3,control-oldsnap postgres rsync,REJECT,1,3,0,2,1,0,0,0,0,0,0,2
control-oldsnap-postgres-rust,3,control-oldsnap postgres rust,REJECT,1,6,0,10,4,0,0,0,0,0,0,2
control-oldsnap-postgres-socat,3,control-oldsnap postgres socat,REJECT,1,3,0,2,1,0,0,0,0,0,0,2
control-oldsnap-postgres-sqlite,3,control-oldsnap postgres sqlite,REJECT,1,3,0,4,1,0,0,0,0,0,0,2
control-oldsnap-postgres-tcpdump,3,control-oldsnap postgres tcpdump,REJECT,1,3,0,2,1,0,0,0,0,0,0,2
control-oldsnap-postgres-tmux,3,control-oldsnap postgres tmux,REJECT,1,3,0,2,1,0,0,0,0,0,0,2
control-oldsnap-postgres-vim,3,control-oldsnap postgres vim,REJECT,1,3,0,4,1,0,0,0,0,0,0,2
control-oldsnap-postgres-webserver,3,control-oldsnap postgres webserver,REJECT,1,3,0,9,1,0,0,0,0,0,0,2
control-oldsnap-postgres-wget,3,control-oldsnap postgres wget,REJECT,1,3,0,3,1,0,0,0,0,0,0,2
control-oldsnap-postgres-zstd,3,control-oldsnap postgres zstd,REJECT,1,3,0,2,1,0,0,0,0,0,0,2
control-oldsnap-pytools,2,control-oldsnap pytools,REJECT,1,2,0,0,0,0,0,0,0,0,0,2
control-oldsnap-pytools-pyyaml,3,control-oldsnap pytools pyyaml,REJECT,1,2,0,13,0,0,0,0,0,0,0,2
control-oldsnap-pytools-redis,3,control-oldsnap pytools redis,REJECT,1,2,0,0,0,0,0,0,0,0,0,2
control-oldsnap-pytools-rsync,3,control-oldsnap pytools rsync,REJECT,1,2,0,0,0,0,0,0,0,0,0,2
control-oldsnap-pytools-rust,3,control-oldsnap pytools rust,REJECT,1,5,0,6,3,0,0,0,0,0,0,2
control-oldsnap-pytools-socat,3,control-oldsnap pytools socat,REJECT,1,2,0,0,0,0,0,0,0,0,0,2
control-oldsnap-pytools-sqlite,3,control-oldsnap pytools sqlite,REJECT,1,2,0,3,0,0,0,0,0,0,0,2
control-oldsnap-pytools-tcpdump,3,control-oldsnap pytools tcpdump,REJECT,1,2,0,0,0,0,0,0,0,0,0,2
control-oldsnap-pytools-tmux,3,control-oldsnap pytools tmux,REJECT,1,2,0,0,0,0,0,0,0,0,0,2
control-oldsnap-pytools-vim,3,control-oldsnap pytools vim,REJECT,1,2,0,8,0,0,0,0,0,0,0,2
control-oldsnap-pytools-webserver,3,control-oldsnap pytools webserver,REJECT,1,2,0,2,0,0,0,0,0,0,0,2
control-oldsnap-pytools-wget,3,control-oldsnap pytools wget,REJECT,1,2,0,1,0,0,0,0,0,0,0,2
control-oldsnap-pytools-zstd,3,control-oldsnap pytools zstd,REJECT,1,2,0,0,0,0,0,0,0,0,0,2
control-oldsnap-pyyaml,2,control-oldsnap pyyaml,REJECT,1,2,0,0,0,0,0,0,0,0,0,2
control-oldsnap-pyyaml-redis,3,control-oldsnap pyyaml redis,REJECT,1,2,0,0,0,0,0,0,0,0,0,2
control-oldsnap-pyyaml-rsync,3,control-oldsnap pyyaml rsync,REJECT,1,2,0,0,0,0,0,0,0,0,0,2
control-oldsnap-pyyaml-rust,3,control-oldsnap pyyaml rust,REJECT,1,5,0,5,3,0,0,0,0,0,0,2
control-oldsnap-pyyaml-socat,3,control-oldsnap pyyaml socat,REJECT,1,2,0,0,0,0,0,0,0,0,0,2
control-oldsnap-pyyaml-sqlite,3,control-oldsnap pyyaml sqlite,REJECT,1,2,0,3,0,0,0,0,0,0,0,2
control-oldsnap-pyyaml-tcpdump,3,control-oldsnap pyyaml tcpdump,REJECT,1,2,0,0,0,0,0,0,0,0,0,2
control-oldsnap-pyyaml-tmux,3,control-oldsnap pyyaml tmux,REJECT,1,2,0,0,0,0,0,0,0,0,0,2
control-oldsnap-pyyaml-vim,3,control-oldsnap pyyaml vim,REJECT,1,2,0,8,0,0,0,0,0,0,0,2
control-oldsnap-pyyaml-webserver,3,control-oldsnap pyyaml webserver,REJECT,1,2,0,2,0,0,0,0,0,0,0,2
control-oldsnap-pyyaml-wget,3,control-oldsnap pyyaml wget,REJECT,1,2,0,1,0,0,0,0,0,0,0,2
control-oldsnap-pyyaml-zstd,3,control-oldsnap pyyaml zstd,REJECT,1,2,0,0,0,0,0,0,0,0,0,2
control-oldsnap-redis,2,control-oldsnap redis,REJECT,1,2,0,0,0,0,0,0,0,0,0,2
control-oldsnap-redis-rsync,3,control-oldsnap redis rsync,REJECT,1,2,0,0,0,0,0,0,0,0,0,2
control-oldsnap-redis-rust,3,control-oldsnap redis rust,REJECT,1,5,0,6,3,0,0,0,0,0,0,2
control-oldsnap-redis-socat,3,control-oldsnap redis socat,REJECT,1,2,0,0,0,0,0,0,0,0,0,2
control-oldsnap-redis-sqlite,3,control-oldsnap redis sqlite,REJECT,1,2,0,0,0,0,0,0,0,0,0,2
control-oldsnap-redis-tcpdump,3,control-oldsnap redis tcpdump,REJECT,1,2,0,0,0,0,0,0,0,0,0,2
control-oldsnap-redis-tmux,3,control-oldsnap redis tmux,REJECT,1,2,0,0,0,0,0,0,0,0,0,2
control-oldsnap-redis-vim,3,control-oldsnap redis vim,REJECT,1,2,0,0,0,0,0,0,0,0,0,2
control-oldsnap-redis-webserver,3,control-oldsnap redis webserver,REJECT,1,2,0,1,0,0,0,0,0,0,0,2
control-oldsnap-redis-wget,3,control-oldsnap redis wget,REJECT,1,2,0,1,0,0,0,0,0,0,0,2
control-oldsnap-redis-zstd,3,control-oldsnap redis zstd,REJECT,1,2,0,0,0,0,0,0,0,0,0,2
control-oldsnap-rsync,2,control-oldsnap rsync,REJECT,1,2,0,0,0,0,0,0,0,0,0,2
control-oldsnap-rsync-rust,3,control-oldsnap rsync rust,REJECT,1,5,0,5,3,0,0,0,0,0,0,2
control-oldsnap-rsync-socat,3,control-oldsnap rsync socat,REJECT,1,2,0,0,0,0,0,0,0,0,0,2
control-oldsnap-rsync-sqlite,3,control-oldsnap rsync sqlite,REJECT,1,2,0,0,0,0,0,0,0,0,0,2
control-oldsnap-rsync-tcpdump,3,control-oldsnap rsync tcpdump,REJECT,1,2,0,0,0,0,0,0,0,0,0,2
control-oldsnap-rsync-tmux,3,control-oldsnap rsync tmux,REJECT,1,2,0,0,0,0,0,0,0,0,0,2
control-oldsnap-rsync-vim,3,control-oldsnap rsync vim,REJECT,1,2,0,0,0,0,0,0,0,0,0,2
control-oldsnap-rsync-webserver,3,control-oldsnap rsync webserver,REJECT,1,2,0,1,0,0,0,0,0,0,0,2
control-oldsnap-rsync-wget,3,control-oldsnap rsync wget,REJECT,1,2,0,1,0,0,0,0,0,0,0,2
control-oldsnap-rsync-zstd,3,control-oldsnap rsync zstd,REJECT,1,2,0,0,0,0,0,0,0,0,0,2
control-oldsnap-rust,2,control-oldsnap rust,REJECT,1,5,0,5,3,0,0,0,0,0,0,2
control-oldsnap-rust-socat,3,control-oldsnap rust socat,REJECT,1,5,0,5,3,0,0,0,0,0,0,2
control-oldsnap-rust-sqlite,3,control-oldsnap rust sqlite,REJECT,1,5,0,5,3,0,0,0,0,0,0,2
control-oldsnap-rust-tcpdump,3,control-oldsnap rust tcpdump,REJECT,1,5,0,5,3,0,0,0,0,0,0,2
control-oldsnap-rust-tmux,3,control-oldsnap rust tmux,REJECT,1,5,0,5,3,0,0,0,0,0,0,2
control-oldsnap-rust-vim,3,control-oldsnap rust vim,REJECT,1,5,0,5,3,0,0,0,0,0,0,2
control-oldsnap-rust-webserver,3,control-oldsnap rust webserver,REJECT,1,5,0,7,3,0,0,0,0,0,0,2
control-oldsnap-rust-wget,3,control-oldsnap rust wget,REJECT,1,5,0,7,3,0,0,0,0,0,0,2
control-oldsnap-rust-zstd,3,control-oldsnap rust zstd,REJECT,1,5,0,5,3,0,0,0,0,0,0,2
control-oldsnap-socat,2,control-oldsnap socat,REJECT,1,2,0,0,0,0,0,0,0,0,0,2
control-oldsnap-socat-sqlite,3,control-oldsnap socat sqlite,REJECT,1,2,0,0,0,0,0,0,0,0,0,2
control-oldsnap-socat-tcpdump,3,control-oldsnap socat tcpdump,REJECT,1,2,0,0,0,0,0,0,0,0,0,2
control-oldsnap-socat-tmux,3,control-oldsnap socat tmux,REJECT,1,2,0,0,0,0,0,0,0,0,0,2
control-oldsnap-socat-vim,3,control-oldsnap socat vim,REJECT,1,2,0,0,0,0,0,0,0,0,0,2
control-oldsnap-socat-webserver,3,control-oldsnap socat webserver,REJECT,1,2,0,1,0,0,0,0,0,0,0,2
control-oldsnap-socat-wget,3,control-oldsnap socat wget,REJECT,1,2,0,1,0,0,0,0,0,0,0,2
control-oldsnap-socat-zstd,3,control-oldsnap socat zstd,REJECT,1,2,0,0,0,0,0,0,0,0,0,2
control-oldsnap-sqlite,2,control-oldsnap sqlite,REJECT,1,2,0,0,0,0,0,0,0,0,0,2
control-oldsnap-sqlite-tcpdump,3,control-oldsnap sqlite tcpdump,REJECT,1,2,0,0,0,0,0,0,0,0,0,2
control-oldsnap-sqlite-tmux,3,control-oldsnap sqlite tmux,REJECT,1,2,0,0,0,0,0,0,0,0,0,2
control-oldsnap-sqlite-vim,3,control-oldsnap sqlite vim,REJECT,1,2,0,3,0,0,0,0,0,0,0,2
control-oldsnap-sqlite-webserver,3,control-oldsnap sqlite webserver,REJECT,1,2,0,1,0,0,0,0,0,0,0,2
control-oldsnap-sqlite-wget,3,control-oldsnap sqlite wget,REJECT,1,2,0,1,0,0,0,0,0,0,0,2
control-oldsnap-sqlite-zstd,3,control-oldsnap sqlite zstd,REJECT,1,2,0,0,0,0,0,0,0,0,0,2
control-oldsnap-tcpdump,2,control-oldsnap tcpdump,REJECT,1,2,0,0,0,0,0,0,0,0,0,2
control-oldsnap-tcpdump-tmux,3,control-oldsnap tcpdump tmux,REJECT,1,2,0,0,0,0,0,0,0,0,0,2
control-oldsnap-tcpdump-vim,3,control-oldsnap tcpdump vim,REJECT,1,2,0,0,0,0,0,0,0,0,0,2
control-oldsnap-tcpdump-webserver,3,control-oldsnap tcpdump webserver,REJECT,1,2,0,1,0,0,0,0,0,0,0,2
control-oldsnap-tcpdump-wget,3,control-oldsnap tcpdump wget,REJECT,1,2,0,1,0,0,0,0,0,0,0,2
control-oldsnap-tcpdump-zstd,3,control-oldsnap tcpdump zstd,REJECT,1,2,0,0,0,0,0,0,0,0,0,2
control-oldsnap-tmux,2,control-oldsnap tmux,REJECT,1,2,0,0,0,0,0,0,0,0,0,2
control-oldsnap-tmux-vim,3,control-oldsnap tmux vim,REJECT,1,2,0,0,0,0,0,0,0,0,0,2
control-oldsnap-tmux-webserver,3,control-oldsnap tmux webserver,REJECT,1,2,0,1,0,0,0,0,0,0,0,2
control-oldsnap-tmux-wget,3,control-oldsnap tmux wget,REJECT,1,2,0,1,0,0,0,0,0,0,0,2
control-oldsnap-tmux-zstd,3,control-oldsnap tmux zstd,REJECT,1,2,0,0,0,0,0,0,0,0,0,2
control-oldsnap-vim,2,control-oldsnap vim,REJECT,1,2,0,0,0,0,0,0,0,0,0,2
control-oldsnap-vim-webserver,3,control-oldsnap vim webserver,REJECT,1,2,0,2,0,0,0,0,0,0,0,2
control-oldsnap-vim-wget,3,control-oldsnap vim wget,REJECT,1,2,0,1,0,0,0,0,0,0,0,2
control-oldsnap-vim-zstd,3,control-oldsnap vim zstd,REJECT,1,2,0,0,0,0,0,0,0,0,0,2
control-oldsnap-webserver,2,control-oldsnap webserver,REJECT,1,2,0,1,0,0,0,0,0,0,0,2
control-oldsnap-webserver-wget,3,control-oldsnap webserver wget,REJECT,1,2,0,2,0,0,0,0,0,0,0,2
control-oldsnap-webserver-zstd,3,control-oldsnap webserver zstd,REJECT,1,2,0,1,0,0,0,0,0,0,0,2
control-oldsnap-wget,2,control-oldsnap wget,REJECT,1,2,0,1,0,0,0,0,0,0,0,2
control-oldsnap-wget-zstd,3,control-oldsnap wget zstd,REJECT,1,2,0,1,0,0,0,0,0,0,0,2
control-oldsnap-zstd,2,control-oldsnap zstd,REJECT,1,2,0,0,0,0,0,0,0,0,0,2
cuda-runtime-curl,2,cuda-runtime curl,REJECT,1,1,0,0,0,0,0,0,0,1,0,0
cuda-runtime-curl-dnsutils,3,cuda-runtime curl dnsutils,REJECT,1,1,0,1,0,0,0,0,0,1,0,0
cuda-runtime-curl-docker,3,cuda-runtime curl docker,REJECT,1,1,0,0,0,0,0,0,0,1,0,0
cuda-runtime-curl-emacs,3,cuda-runtime curl emacs,REJECT,1,1,0,0,0,0,0,0,0,1,0,0
cuda-runtime-curl-fake-cuda,3,cuda-runtime curl fake-cuda,REJECT,1,2,0,0,0,0,0,0,0,2,0,0
cuda-runtime-curl-fake-nvidia-driver,3,cuda-runtime curl fake-nvidia-driver,REJECT,1,1,0,0,0,0,0,0,0,1,0,0
cuda-runtime-curl-gawk,3,cuda-runtime curl gawk,REJECT,1,1,0,0,0,0,0,0,0,1,0,0
cuda-runtime-curl-gcc,3,cuda-runtime curl gcc,REJECT,1,1,0,0,0,0,0,0,0,1,0,0
cuda-runtime-curl-git,3,cuda-runtime curl git,REJECT,1,1,0,8,0,0,0,0,0,1,0,0
cuda-runtime-curl-htop,3,cuda-runtime curl htop,REJECT,1,1,0,0,0,0,0,0,0,1,0,0
cuda-runtime-curl-java,3,cuda-runtime curl java,REJECT,1,1,0,1,0,0,0,0,0,1,0,0
cuda-runtime-curl-jq,3,cuda-runtime curl jq,REJECT,1,1,0,0,0,0,0,0,0,1,0,0
cuda-runtime-curl-llvm,3,cuda-runtime curl llvm,REJECT,1,1,0,0,0,0,0,0,0,1,0,0
cuda-runtime-curl-memcached,3,cuda-runtime curl memcached,REJECT,1,1,0,2,0,0,0,0,0,1,0,0
cuda-runtime-curl-mta-msmtp,3,cuda-runtime curl mta-msmtp,REJECT,1,1,0,0,0,0,0,0,0,1,0,0
cuda-runtime-curl-mta-nullmailer,3,cuda-runtime curl mta-nullmailer,REJECT,1,1,0,0,0,0,0,0,0,1,0,0
cuda-runtime-curl-mysql,3,cuda-runtime curl mysql,REJECT,1,1,0,0,0,0,0,0,0,1,0,0
cuda-runtime-curl-nc-openbsd,3,cuda-runtime curl nc-openbsd,REJECT,1,1,0,0,0,0,0,0,0,1,0,0
cuda-runtime-curl-nc-traditional,3,cuda-runtime curl nc-traditional,REJECT,1,1,0,0,0,0,0,0,0,1,0,0
cuda-runtime-curl-nvidia-driver-535,3,cuda-runtime curl nvidia-driver-535,ACCEPT,0,0,0,0,0,0,0,0,0,0,0,0
cuda-runtime-curl-original-awk,3,cuda-runtime curl original-awk,REJECT,1,1,0,0,0,0,0,0,0,1,0,0
cuda-runtime-curl-pgclient,3,cuda-runtime curl pgclient,REJECT,1,1,0,3,0,0,0,0,0,1,0,0
cuda-runtime-curl-pipdemo,3,cuda-runtime curl pipdemo,REJECT,1,1,0,0,0,0,0,0,0,1,0,0
cuda-runtime-curl-postgres,3,cuda-runtime curl postgres,REJECT,1,1,0,3,0,0,0,0,0,1,0,0
cuda-runtime-curl-pytools,3,cuda-runtime curl pytools,REJECT,1,1,0,0,0,0,0,0,0,1,0,0
cuda-runtime-curl-pyyaml,3,cuda-runtime curl pyyaml,REJECT,1,1,0,0,0,0,0,0,0,1,0,0
cuda-runtime-curl-redis,3,cuda-runtime curl redis,REJECT,1,1,0,0,0,0,0,0,0,1,0,0
cuda-runtime-curl-rsync,3,cuda-runtime curl rsync,REJECT,1,1,0,0,0,0,0,0,0,1,0,0
cuda-runtime-curl-rust,3,cuda-runtime curl rust,REJECT,1,1,0,8,0,0,0,0,0,1,0,0
cuda-runtime-curl-socat,3,cuda-runtime curl socat,REJECT,1,1,0,0,0,0,0,0,0,1,0,0
cuda-runtime-curl-sqlite,3,cuda-runtime curl sqlite,REJECT,1,1,0,0,0,0,0,0,0,1,0,0
cuda-runtime-curl-tcpdump,3,cuda-runtime curl tcpdump,REJECT,1,1,0,0,0,0,0,0,0,1,0,0
cuda-runtime-curl-tmux,3,cuda-runtime curl tmux,REJECT,1,1,0,0,0,0,0,0,0,1,0,0
cuda-runtime-curl-vim,3,cuda-runtime curl vim,REJECT,1,1,0,0,0,0,0,0,0,1,0,0
cuda-runtime-curl-webserver,3,cuda-runtime curl webserver,REJECT,1,1,0,1,0,0,0,0,0,1,0,0
cuda-runtime-curl-wget,3,cuda-runtime curl wget,REJECT,1,1,0,1,0,0,0,0,0,1,0,0
cuda-runtime-curl-zstd,3,cuda-runtime curl zstd,REJECT,1,1,0,0,0,0,0,0,0,1,0,0
cuda-runtime-dnsutils,2,cuda-runtime dnsutils,REJECT,1,1,0,0,0,0,0,0,0,1,0,0
cuda-runtime-dnsutils-docker,3,cuda-runtime dnsutils docker,REJECT,1,1,0,0,0,0,0,0,0,1,0,0
cuda-runtime-dnsutils-emacs,3,cuda-runtime dnsutils emacs,REJECT,1,1,0,2,0,0,0,0,0,1,0,0
cuda-runtime-dnsutils-fake-cuda,3,cuda-runtime dnsutils fake-cuda,REJECT,1,2,0,0,0,0,0,0,0,2,0,0
cuda-runtime-dnsutils-fake-nvidia-driver,3,cuda-runtime dnsutils fake-nvidia-driver,REJECT,1,1,0,0,0,0,0,0,0,1,0,0
cuda-runtime-dnsutils-gawk,3,cuda-runtime dnsutils gawk,REJECT,1,1,0,0,0,0,0,0,0,1,0,0
cuda-runtime-dnsutils-gcc,3,cuda-runtime dnsutils gcc,REJECT,1,1,0,0,0,0,0,0,0,1,0,0
cuda-runtime-dnsutils-git,3,cuda-runtime dnsutils git,REJECT,1,1,0,1,0,0,0,0,0,1,0,0
cuda-runtime-dnsutils-htop,3,cuda-runtime dnsutils htop,REJECT,1,1,0,0,0,0,0,0,0,1,0,0
cuda-runtime-dnsutils-java,3,cuda-runtime dnsutils java,REJECT,1,1,0,0,0,0,0,0,0,1,0,0
cuda-runtime-dnsutils-jq,3,cuda-runtime dnsutils jq,REJECT,1,1,0,0,0,0,0,0,0,1,0,0
cuda-runtime-dnsutils-llvm,3,cuda-runtime dnsutils llvm,REJECT,1,1,0,5,0,0,0,0,0,1,0,0
cuda-runtime-dnsutils-memcached,3,cuda-runtime dnsutils memcached,REJECT,1,1,0,0,0,0,0,0,0,1,0,0
cuda-runtime-dnsutils-mta-msmtp,3,cuda-runtime dnsutils mta-msmtp,REJECT,1,1,0,0,0,0,0,0,0,1,0,0
cuda-runtime-dnsutils-mta-nullmailer,3,cuda-runtime dnsutils mta-nullmailer,REJECT,1,1,0,0,0,0,0,0,0,1,0,0
cuda-runtime-dnsutils-mysql,3,cuda-runtime dnsutils mysql,REJECT,1,1,0,3,0,0,0,0,0,1,0,0
cuda-runtime-dnsutils-nc-openbsd,3,cuda-runtime dnsutils nc-openbsd,REJECT,1,1,0,2,0,0,0,0,0,1,0,0
cuda-runtime-dnsutils-nc-traditional,3,cuda-runtime dnsutils nc-traditional,REJECT,1,1,0,0,0,0,0,0,0,1,0,0
cuda-runtime-dnsutils-nvidia-driver-535,3,cuda-runtime dnsutils nvidia-driver-535,ACCEPT,0,0,0,0,0,0,0,0,0,0,0,0
cuda-runtime-dnsutils-original-awk,3,cuda-runtime dnsutils original-awk,REJECT,1,1,0,0,0,0,0,0,0,1,0,0
cuda-runtime-dnsutils-pgclient,3,cuda-runtime dnsutils pgclient,REJECT,1,1,0,0,0,0,0,0,0,1,0,0
cuda-runtime-dnsutils-pipdemo,3,cuda-runtime dnsutils pipdemo,REJECT,1,1,0,0,0,0,0,0,0,1,0,0
cuda-runtime-dnsutils-postgres,3,cuda-runtime dnsutils postgres,REJECT,1,1,0,5,0,0,0,0,0,1,0,0
cuda-runtime-dnsutils-pytools,3,cuda-runtime dnsutils pytools,REJECT,1,1,0,0,0,0,0,0,0,1,0,0
cuda-runtime-dnsutils-pyyaml,3,cuda-runtime dnsutils pyyaml,REJECT,1,1,0,0,0,0,0,0,0,1,0,0
cuda-runtime-dnsutils-redis,3,cuda-runtime dnsutils redis,REJECT,1,1,0,0,0,0,0,0,0,1,0,0
cuda-runtime-dnsutils-rsync,3,cuda-runtime dnsutils rsync,REJECT,1,1,0,0,0,0,0,0,0,1,0,0
cuda-runtime-dnsutils-rust,3,cuda-runtime dnsutils rust,REJECT,1,1,0,1,0,0,0,0,0,1,0,0
cuda-runtime-dnsutils-socat,3,cuda-runtime dnsutils socat,REJECT,1,1,0,0,0,0,0,0,0,1,0,0
cuda-runtime-dnsutils-sqlite,3,cuda-runtime dnsutils sqlite,REJECT,1,1,0,0,0,0,0,0,0,1,0,0
cuda-runtime-dnsutils-tcpdump,3,cuda-runtime dnsutils tcpdump,REJECT,1,1,0,0,0,0,0,0,0,1,0,0
cuda-runtime-dnsutils-tmux,3,cuda-runtime dnsutils tmux,REJECT,1,1,0,0,0,0,0,0,0,1,0,0
cuda-runtime-dnsutils-vim,3,cuda-runtime dnsutils vim,REJECT,1,1,0,0,0,0,0,0,0,1,0,0
cuda-runtime-dnsutils-webserver,3,cuda-runtime dnsutils webserver,REJECT,1,1,0,5,0,0,0,0,0,1,0,0
cuda-runtime-dnsutils-wget,3,cuda-runtime dnsutils wget,REJECT,1,1,0,0,0,0,0,0,0,1,0,0
cuda-runtime-dnsutils-zstd,3,cuda-runtime dnsutils zstd,REJECT,1,1,0,0,0,0,0,0,0,1,0,0
cuda-runtime-docker,2,cuda-runtime docker,REJECT,1,1,0,0,0,0,0,0,0,1,0,0
cuda-runtime-docker-emacs,3,cuda-runtime docker emacs,REJECT,1,1,0,1,0,0,0,0,0,1,0,0
cuda-runtime-docker-fake-cuda,3,cuda-runtime docker fake-cuda,REJECT,1,2,0,0,0,0,0,0,0,2,0,0
cuda-runtime-docker-fake-nvidia-driver,3,cuda-runtime docker fake-nvidia-driver,REJECT,1,1,0,0,0,0,0,0,0,1,0,0
cuda-runtime-docker-gawk,3,cuda-runtime docker gawk,REJECT,1,1,0,0,0,0,0,0,0,1,0,0
cuda-runtime-docker-gcc,3,cuda-runtime docker gcc,REJECT,1,1,0,0,0,0,0,0,0,1,0,0
cuda-runtime-docker-git,3,cuda-runtime docker git,REJECT,1,1,0,0,0,0,0,0,0,1,0,0
cuda-runtime-docker-htop,3,cuda-runtime docker htop,REJECT,1,1,0,0,0,0,0,0,0,1,0,0
cuda-runtime-docker-java,3,cuda-runtime docker java,REJECT,1,1,0,0,0,0,0,0,0,1,0,0
cuda-runtime-docker-jq,3,cuda-runtime docker jq,REJECT,1,1,0,0,0,0,0,0,0,1,0,0
cuda-runtime-docker-llvm,3,cuda-runtime docker llvm,REJECT,1,1,0,0,0,0,0,0,0,1,0,0
cuda-runtime-docker-memcached,3,cuda-runtime docker memcached,REJECT,1,1,0,0,0,0,0,0,0,1,0,0
cuda-runtime-docker-mta-msmtp,3,cuda-runtime docker mta-msmtp,REJECT,1,1,0,0,0,0,0,0,0,1,0,0
cuda-runtime-docker-mta-nullmailer,3,cuda-runtime docker mta-nullmailer,REJECT,1,1,0,0,0,0,0,0,0,1,0,0
cuda-runtime-docker-mysql,3,cuda-runtime docker mysql,REJECT,1,1,0,2,0,0,0,0,0,1,0,0
cuda-runtime-docker-nc-openbsd,3,cuda-runtime docker nc-openbsd,REJECT,1,1,0,0,0,0,0,0,0,1,0,0
cuda-runtime-docker-nc-traditional,3,cuda-runtime docker nc-traditional,REJECT,1,1,0,0,0,0,0,0,0,1,0,0
cuda-runtime-docker-nvidia-driver-535,3,cuda-runtime docker nvidia-driver-535,ACCEPT,0,0,0,0,0,0,0,0,0,0,0,0
cuda-runtime-docker-original-awk,3,cuda-runtime docker original-awk,REJECT,1,1,0,0,0,0,0,0,0,1,0,0
cuda-runtime-docker-pgclient,3,cuda-runtime docker pgclient,REJECT,1,1,0,1,0,0,0,0,0,1,0,0
cuda-runtime-docker-pipdemo,3,cuda-runtime docker pipdemo,REJECT,1,1,0,0,0,0,0,0,0,1,0,0
cuda-runtime-docker-postgres,3,cuda-runtime docker postgres,REJECT,1,1,0,1,0,0,0,0,0,1,0,0
cuda-runtime-docker-pytools,3,cuda-runtime docker pytools,REJECT,1,1,0,0,0,0,0,0,0,1,0,0
cuda-runtime-docker-pyyaml,3,cuda-runtime docker pyyaml,REJECT,1,1,0,0,0,0,0,0,0,1,0,0
cuda-runtime-docker-redis,3,cuda-runtime docker redis,REJECT,1,1,0,0,0,0,0,0,0,1,0,0
cuda-runtime-docker-rsync,3,cuda-runtime docker rsync,REJECT,1,1,0,0,0,0,0,0,0,1,0,0
cuda-runtime-docker-rust,3,cuda-runtime docker rust,REJECT,1,1,0,0,0,0,0,0,0,1,0,0
cuda-runtime-docker-socat,3,cuda-runtime docker socat,REJECT,1,1,0,0,0,0,0,0,0,1,0,0
cuda-runtime-docker-sqlite,3,cuda-runtime docker sqlite,REJECT,1,1,0,0,0,0,0,0,0,1,0,0
cuda-runtime-docker-tcpdump,3,cuda-runtime docker tcpdump,REJECT,1,1,0,0,0,0,0,0,0,1,0,0
cuda-runtime-docker-tmux,3,cuda-runtime docker tmux,REJECT,1,1,0,0,0,0,0,0,0,1,0,0
cuda-runtime-docker-vim,3,cuda-runtime docker vim,REJECT,1,1,0,0,0,0,0,0,0,1,0,0
cuda-runtime-docker-webserver,3,cuda-runtime docker webserver,REJECT,1,1,0,2,0,0,0,0,0,1,0,0
cuda-runtime-docker-wget,3,cuda-runtime docker wget,REJECT,1,1,0,0,0,0,0,0,0,1,0,0
cuda-runtime-docker-zstd,3,cuda-runtime docker zstd,REJECT,1,1,0,0,0,0,0,0,0,1,0,0
cuda-runtime-emacs,2,cuda-runtime emacs,REJECT,1,1,0,0,0,0,0,0,0,1,0,0
cuda-runtime-emacs-fake-cuda,3,cuda-runtime emacs fake-cuda,REJECT,1,2,0,0,0,0,0,0,0,2,0,0
cuda-runtime-emacs-fake-nvidia-driver,3,cuda-runtime emacs fake-nvidia-driver,REJECT,1,1,0,0,0,0,0,0,0,1,0,0
cuda-runtime-emacs-gawk,3,cuda-runtime emacs gawk,REJECT,1,1,0,0,0,0,0,0,0,1,0,0
cuda-runtime-emacs-gcc,3,cuda-runtime emacs gcc,REJECT,1,1,0,0,0,0,0,0,0,1,0,0
cuda-runtime-emacs-git,3,cuda-runtime emacs git,REJECT,1,1,0,0,0,0,0,0,0,1,0,0
cuda-runtime-emacs-htop,3,cuda-runtime emacs htop,REJECT,1,1,0,0,0,0,0,0,0,1,0,0
cuda-runtime-emacs-java,3,cuda-runtime emacs java,REJECT,1,1,0,4,0,0,0,0,0,1,0,0
cuda-runtime-emacs-jq,3,cuda-runtime emacs jq,REJECT,1,1,0,0,0,0,0,0,0,1,0,0
cuda-runtime-emacs-llvm,3,cuda-runtime emacs llvm,REJECT,1,1,0,2,0,0,0,0,0,1,0,0
cuda-runtime-emacs-memcached,3,cuda-runtime emacs memcached,REJECT,1,1,0,0,0,0,0,0,0,1,0,0
cuda-runtime-emacs-mta-msmtp,3,cuda-runtime emacs mta-msmtp,REJECT,1,1,0,0,0,0,0,0,0,1,0,0
cuda-runtime-emacs-mta-nullmailer,3,cuda-runtime emacs mta-nullmailer,REJECT,1,1,0,0,0,0,0,0,0,1,0,0
cuda-runtime-emacs-mysql,3,cuda-runtime emacs mysql,REJECT,1,1,0,0,0,0,0,0,0,1,0,0
cuda-runtime-emacs-nc-openbsd,3,cuda-runtime emacs nc-openbsd,REJECT,1,1,0,0,0,0,0,0,0,1,0,0
cuda-runtime-emacs-nc-traditional,3,cuda-runtime emacs nc-traditional,REJECT,1,1,0,0,0,0,0,0,0,1,0,0
cuda-runtime-emacs-nvidia-driver-535,3,cuda-runtime emacs nvidia-driver-535,ACCEPT,0,0,0,0,0,0,0,0,0,0,0,0
cuda-runtime-emacs-original-awk,3,cuda-runtime emacs original-awk,REJECT,1,1,0,0,0,0,0,0,0,1,0,0
cuda-runtime-emacs-pgclient,3,cuda-runtime emacs pgclient,REJECT,1,1,0,0,0,0,0,0,0,1,0,0
cuda-runtime-emacs-pipdemo,3,cuda-runtime emacs pipdemo,REJECT,1,1,0,0,0,0,0,0,0,1,0,0
cuda-runtime-emacs-postgres,3,cuda-runtime emacs postgres,REJECT,1,1,0,2,0,0,0,0,0,1,0,0
cuda-runtime-emacs-pytools,3,cuda-runtime emacs pytools,REJECT,1,1,0,0,0,0,0,0,0,1,0,0
cuda-runtime-emacs-pyyaml,3,cuda-runtime emacs pyyaml,REJECT,1,1,0,0,0,0,0,0,0,1,0,0
cuda-runtime-emacs-redis,3,cuda-runtime emacs redis,REJECT,1,1,0,0,0,0,0,0,0,1,0,0
cuda-runtime-emacs-rsync,3,cuda-runtime emacs rsync,REJECT,1,1,0,0,0,0,0,0,0,1,0,0
cuda-runtime-emacs-rust,3,cuda-runtime emacs rust,REJECT,1,1,0,0,0,0,0,0,0,1,0,0
cuda-runtime-emacs-socat,3,cuda-runtime emacs socat,REJECT,1,1,0,0,0,0,0,0,0,1,0,0
cuda-runtime-emacs-sqlite,3,cuda-runtime emacs sqlite,REJECT,1,1,0,0,0,0,0,0,0,1,0,0
cuda-runtime-emacs-tcpdump,3,cuda-runtime emacs tcpdump,REJECT,1,1,0,1,0,0,0,0,0,1,0,0
cuda-runtime-emacs-tmux,3,cuda-runtime emacs tmux,REJECT,1,1,0,0,0,0,0,0,0,1,0,0
cuda-runtime-emacs-vim,3,cuda-runtime emacs vim,REJECT,1,1,0,1,0,0,0,0,0,1,0,0
cuda-runtime-emacs-webserver,3,cuda-runtime emacs webserver,REJECT,1,1,0,2,0,0,0,0,0,1,0,0
cuda-runtime-emacs-wget,3,cuda-runtime emacs wget,REJECT,1,1,0,0,0,0,0,0,0,1,0,0
cuda-runtime-emacs-zstd,3,cuda-runtime emacs zstd,REJECT,1,1,0,0,0,0,0,0,0,1,0,0
cuda-runtime-fake-cuda,2,cuda-runtime fake-cuda,REJECT,1,2,0,0,0,0,0,0,0,2,0,0
cuda-runtime-fake-cuda-fake-nvidia-driver,3,cuda-runtime fake-cuda fake-nvidia-driver,REJECT,1,1,0,0,0,0,0,0,0,1,0,0
cuda-runtime-fake-cuda-gawk,3,cuda-runtime fake-cuda gawk,REJECT,1,2,0,0,0,0,0,0,0,2,0,0
cuda-runtime-fake-cuda-gcc,3,cuda-runtime fake-cuda gcc,REJECT,1,2,0,0,0,0,0,0,0,2,0,0
cuda-runtime-fake-cuda-git,3,cuda-runtime fake-cuda git,REJECT,1,2,0,0,0,0,0,0,0,2,0,0
cuda-runtime-fake-cuda-htop,3,cuda-runtime fake-cuda htop,REJECT,1,2,0,0,0,0,0,0,0,2,0,0
cuda-runtime-fake-cuda-java,3,cuda-runtime fake-cuda java,REJECT,1,2,0,0,0,0,0,0,0,2,0,0
cuda-runtime-fake-cuda-jq,3,cuda-runtime fake-cuda jq,REJECT,1,2,0,0,0,0,0,0,0,2,0,0
cuda-runtime-fake-cuda-llvm,3,cuda-runtime fake-cuda llvm,REJECT,1,2,0,0,0,0,0,0,0,2,0,0
cuda-runtime-fake-cuda-memcached,3,cuda-runtime fake-cuda memcached,REJECT,1,2,0,0,0,0,0,0,0,2,0,0
cuda-runtime-fake-cuda-mta-msmtp,3,cuda-runtime fake-cuda mta-msmtp,REJECT,1,2,0,0,0,0,0,0,0,2,0,0
cuda-runtime-fake-cuda-mta-nullmailer,3,cuda-runtime fake-cuda mta-nullmailer,REJECT,1,2,0,0,0,0,0,0,0,2,0,0
cuda-runtime-fake-cuda-mysql,3,cuda-runtime fake-cuda mysql,REJECT,1,2,0,0,0,0,0,0,0,2,0,0
cuda-runtime-fake-cuda-nc-openbsd,3,cuda-runtime fake-cuda nc-openbsd,REJECT,1,2,0,0,0,0,0,0,0,2,0,0
cuda-runtime-fake-cuda-nc-traditional,3,cuda-runtime fake-cuda nc-traditional,REJECT,1,2,0,0,0,0,0,0,0,2,0,0
cuda-runtime-fake-cuda-nvidia-driver-535,3,cuda-runtime fake-cuda nvidia-driver-535,REJECT,1,1,0,0,0,0,0,0,0,1,0,0
cuda-runtime-fake-cuda-original-awk,3,cuda-runtime fake-cuda original-awk,REJECT,1,2,0,0,0,0,0,0,0,2,0,0
cuda-runtime-fake-cuda-pgclient,3,cuda-runtime fake-cuda pgclient,REJECT,1,2,0,0,0,0,0,0,0,2,0,0
cuda-runtime-fake-cuda-pipdemo,3,cuda-runtime fake-cuda pipdemo,REJECT,1,2,0,0,0,0,0,0,0,2,0,0
cuda-runtime-fake-cuda-postgres,3,cuda-runtime fake-cuda postgres,REJECT,1,2,0,0,0,0,0,0,0,2,0,0
cuda-runtime-fake-cuda-pytools,3,cuda-runtime fake-cuda pytools,REJECT,1,2,0,0,0,0,0,0,0,2,0,0
cuda-runtime-fake-cuda-pyyaml,3,cuda-runtime fake-cuda pyyaml,REJECT,1,2,0,0,0,0,0,0,0,2,0,0
cuda-runtime-fake-cuda-redis,3,cuda-runtime fake-cuda redis,REJECT,1,2,0,0,0,0,0,0,0,2,0,0
cuda-runtime-fake-cuda-rsync,3,cuda-runtime fake-cuda rsync,REJECT,1,2,0,0,0,0,0,0,0,2,0,0
cuda-runtime-fake-cuda-rust,3,cuda-runtime fake-cuda rust,REJECT,1,2,0,0,0,0,0,0,0,2,0,0
cuda-runtime-fake-cuda-socat,3,cuda-runtime fake-cuda socat,REJECT,1,2,0,0,0,0,0,0,0,2,0,0
cuda-runtime-fake-cuda-sqlite,3,cuda-runtime fake-cuda sqlite,REJECT,1,2,0,0,0,0,0,0,0,2,0,0
cuda-runtime-fake-cuda-tcpdump,3,cuda-runtime fake-cuda tcpdump,REJECT,1,2,0,0,0,0,0,0,0,2,0,0
cuda-runtime-fake-cuda-tmux,3,cuda-runtime fake-cuda tmux,REJECT,1,2,0,0,0,0,0,0,0,2,0,0
cuda-runtime-fake-cuda-vim,3,cuda-runtime fake-cuda vim,REJECT,1,2,0,0,0,0,0,0,0,2,0,0
cuda-runtime-fake-cuda-webserver,3,cuda-runtime fake-cuda webserver,REJECT,1,2,0,0,0,0,0,0,0,2,0,0
cuda-runtime-fake-cuda-wget,3,cuda-runtime fake-cuda wget,REJECT,1,2,0,0,0,0,0,0,0,2,0,0
cuda-runtime-fake-cuda-zstd,3,cuda-runtime fake-cuda zstd,REJECT,1,2,0,0,0,0,0,0,0,2,0,0
cuda-runtime-fake-nvidia-driver,2,cuda-runtime fake-nvidia-driver,REJECT,1,1,0,0,0,0,0,0,0,1,0,0
cuda-runtime-fake-nvidia-driver-gawk,3,cuda-runtime fake-nvidia-driver gawk,REJECT,1,1,0,0,0,0,0,0,0,1,0,0
cuda-runtime-fake-nvidia-driver-gcc,3,cuda-runtime fake-nvidia-driver gcc,REJECT,1,1,0,0,0,0,0,0,0,1,0,0
cuda-runtime-fake-nvidia-driver-git,3,cuda-runtime fake-nvidia-driver git,REJECT,1,1,0,0,0,0,0,0,0,1,0,0
cuda-runtime-fake-nvidia-driver-htop,3,cuda-runtime fake-nvidia-driver htop,REJECT,1,1,0,0,0,0,0,0,0,1,0,0
cuda-runtime-fake-nvidia-driver-java,3,cuda-runtime fake-nvidia-driver java,REJECT,1,1,0,0,0,0,0,0,0,1,0,0
cuda-runtime-fake-nvidia-driver-jq,3,cuda-runtime fake-nvidia-driver jq,REJECT,1,1,0,0,0,0,0,0,0,1,0,0
cuda-runtime-fake-nvidia-driver-llvm,3,cuda-runtime fake-nvidia-driver llvm,REJECT,1,1,0,0,0,0,0,0,0,1,0,0
cuda-runtime-fake-nvidia-driver-memcached,3,cuda-runtime fake-nvidia-driver memcached,REJECT,1,1,0,0,0,0,0,0,0,1,0,0
cuda-runtime-fake-nvidia-driver-mta-msmtp,3,cuda-runtime fake-nvidia-driver mta-msmtp,REJECT,1,1,0,0,0,0,0,0,0,1,0,0
cuda-runtime-fake-nvidia-driver-mta-nullmailer,3,cuda-runtime fake-nvidia-driver mta-nullmailer,REJECT,1,1,0,0,0,0,0,0,0,1,0,0
cuda-runtime-fake-nvidia-driver-mysql,3,cuda-runtime fake-nvidia-driver mysql,REJECT,1,1,0,0,0,0,0,0,0,1,0,0
cuda-runtime-fake-nvidia-driver-nc-openbsd,3,cuda-runtime fake-nvidia-driver nc-openbsd,REJECT,1,1,0,0,0,0,0,0,0,1,0,0
cuda-runtime-fake-nvidia-driver-nc-traditional,3,cuda-runtime fake-nvidia-driver nc-traditional,REJECT,1,1,0,0,0,0,0,0,0,1,0,0
cuda-runtime-fake-nvidia-driver-nvidia-driver-535,3,cuda-runtime fake-nvidia-driver nvidia-driver-535,ACCEPT,0,0,0,0,0,0,0,0,0,0,0,0
cuda-runtime-fake-nvidia-driver-original-awk,3,cuda-runtime fake-nvidia-driver original-awk,REJECT,1,1,0,0,0,0,0,0,0,1,0,0
cuda-runtime-fake-nvidia-driver-pgclient,3,cuda-runtime fake-nvidia-driver pgclient,REJECT,1,1,0,0,0,0,0,0,0,1,0,0
cuda-runtime-fake-nvidia-driver-pipdemo,3,cuda-runtime fake-nvidia-driver pipdemo,REJECT,1,1,0,0,0,0,0,0,0,1,0,0
cuda-runtime-fake-nvidia-driver-postgres,3,cuda-runtime fake-nvidia-driver postgres,REJECT,1,1,0,0,0,0,0,0,0,1,0,0
cuda-runtime-fake-nvidia-driver-pytools,3,cuda-runtime fake-nvidia-driver pytools,REJECT,1,1,0,0,0,0,0,0,0,1,0,0
cuda-runtime-fake-nvidia-driver-pyyaml,3,cuda-runtime fake-nvidia-driver pyyaml,REJECT,1,1,0,0,0,0,0,0,0,1,0,0
cuda-runtime-fake-nvidia-driver-redis,3,cuda-runtime fake-nvidia-driver redis,REJECT,1,1,0,0,0,0,0,0,0,1,0,0
cuda-runtime-fake-nvidia-driver-rsync,3,cuda-runtime fake-nvidia-driver rsync,REJECT,1,1,0,0,0,0,0,0,0,1,0,0
cuda-runtime-fake-nvidia-driver-rust,3,cuda-runtime fake-nvidia-driver rust,REJECT,1,1,0,0,0,0,0,0,0,1,0,0
cuda-runtime-fake-nvidia-driver-socat,3,cuda-runtime fake-nvidia-driver socat,REJECT,1,1,0,0,0,0,0,0,0,1,0,0
cuda-runtime-fake-nvidia-driver-sqlite,3,cuda-runtime fake-nvidia-driver sqlite,REJECT,1,1,0,0,0,0,0,0,0,1,0,0
cuda-runtime-fake-nvidia-driver-tcpdump,3,cuda-runtime fake-nvidia-driver tcpdump,REJECT,1,1,0,0,0,0,0,0,0,1,0,0
cuda-runtime-fake-nvidia-driver-tmux,3,cuda-runtime fake-nvidia-driver tmux,REJECT,1,1,0,0,0,0,0,0,0,1,0,0
cuda-runtime-fake-nvidia-driver-vim,3,cuda-runtime fake-nvidia-driver vim,REJECT,1,1,0,0,0,0,0,0,0,1,0,0
cuda-runtime-fake-nvidia-driver-webserver,3,cuda-runtime fake-nvidia-driver webserver,REJECT,1,1,0,0,0,0,0,0,0,1,0,0
cuda-runtime-fake-nvidia-driver-wget,3,cuda-runtime fake-nvidia-driver wget,REJECT,1,1,0,0,0,0,0,0,0,1,0,0
cuda-runtime-fake-nvidia-driver-zstd,3,cuda-runtime fake-nvidia-driver zstd,REJECT,1,1,0,0,0,0,0,0,0,1,0,0
cuda-runtime-gawk,2,cuda-runtime gawk,REJECT,1,1,0,0,0,0,0,0,0,1,0,0
cuda-runtime-gawk-gcc,3,cuda-runtime gawk gcc,REJECT,1,1,0,1,0,0,0,0,0,1,0,0
cuda-runtime-gawk-git,3,cuda-runtime gawk git,REJECT,1,1,0,0,0,0,0,0,0,1,0,0
cuda-runtime-gawk-htop,3,cuda-runtime gawk htop,REJECT,1,1,0,0,0,0,0,0,0,1,0,0
cuda-runtime-gawk-java,3,cuda-runtime gawk java,REJECT,1,1,0,0,0,0,0,0,0,1,0,0
cuda-runtime-gawk-jq,3,cuda-runtime gawk jq,REJECT,1,1,0,0,0,0,0,0,0,1,0,0
cuda-runtime-gawk-llvm,3,cuda-runtime gawk llvm,REJECT,1,1,0,0,0,0,0,0,0,1,0,0
cuda-runtime-gawk-memcached,3,cuda-runtime gawk memcached,REJECT,1,1,0,0,0,0,0,0,0,1,0,0
cuda-runtime-gawk-mta-msmtp,3,cuda-runtime gawk mta-msmtp,REJECT,1,1,0,0,0,0,0,0,0,1,0,0
cuda-runtime-gawk-mta-nullmailer,3,cuda-runtime gawk mta-nullmailer,REJECT,1,1,0,0,0,0,0,0,0,1,0,0
cuda-runtime-gawk-mysql,3,cuda-runtime gawk mysql,REJECT,1,1,0,5,0,0,0,0,0,1,0,0
cuda-runtime-gawk-nc-openbsd,3,cuda-runtime gawk nc-openbsd,REJECT,1,1,0,0,0,0,0,0,0,1,0,0
cuda-runtime-gawk-nc-traditional,3,cuda-runtime gawk nc-traditional,REJECT,1,1,0,0,0,0,0,0,0,1,0,0
cuda-runtime-gawk-nvidia-driver-535,3,cuda-runtime gawk nvidia-driver-535,ACCEPT,0,0,0,0,0,0,0,0,0,0,0,0
cuda-runtime-gawk-original-awk,3,cuda-runtime gawk original-awk,REJECT,1,1,0,0,0,0,0,0,0,1,0,0
cuda-runtime-gawk-pgclient,3,cuda-runtime gawk pgclient,REJECT,1,1,0,2,0,0,0,0,0,1,0,0
cuda-runtime-gawk-pipdemo,3,cuda-runtime gawk pipdemo,REJECT,1,1,0,2,0,0,0,0,0,1,0,0
cuda-runtime-gawk-postgres,3,cuda-runtime gawk postgres,REJECT,1,1,0,2,0,0,0,0,0,1,0,0
cuda-runtime-gawk-pytools,3,cuda-runtime gawk pytools,REJECT,1,1,0,2,0,0,0,0,0,1,0,0
cuda-runtime-gawk-pyyaml,3,cuda-runtime gawk pyyaml,REJECT,1,1,0,2,0,0,0,0,0,1,0,0
cuda-runtime-gawk-redis,3,cuda-runtime gawk redis,REJECT,1,1,0,0,0,0,0,0,0,1,0,0
cuda-runtime-gawk-rsync,3,cuda-runtime gawk rsync,REJECT,1,1,0,0,0,0,0,0,0,1,0,0
cuda-runtime-gawk-rust,3,cuda-runtime gawk rust,REJECT,1,1,0,1,0,0,0,0,0,1,0,0
cuda-runtime-gawk-socat,3,cuda-runtime gawk socat,REJECT,1,1,0,0,0,0,0,0,0,1,0,0
cuda-runtime-gawk-sqlite,3,cuda-runtime gawk sqlite,REJECT,1,1,0,2,0,0,0,0,0,1,0,0
cuda-runtime-gawk-tcpdump,3,cuda-runtime gawk tcpdump,REJECT,1,1,0,0,0,0,0,0,0,1,0,0
cuda-runtime-gawk-tmux,3,cuda-runtime gawk tmux,REJECT,1,1,0,0,0,0,0,0,0,1,0,0
cuda-runtime-gawk-vim,3,cuda-runtime gawk vim,REJECT,1,1,0,2,0,0,0,0,0,1,0,0
cuda-runtime-gawk-webserver,3,cuda-runtime gawk webserver,REJECT,1,1,0,0,0,0,0,0,0,1,0,0
cuda-runtime-gawk-wget,3,cuda-runtime gawk wget,REJECT,1,1,0,0,0,0,0,0,0,1,0,0
cuda-runtime-gawk-zstd,3,cuda-runtime gawk zstd,REJECT,1,1,0,0,0,0,0,0,0,1,0,0
cuda-runtime-gcc,2,cuda-runtime gcc,REJECT,1,1,0,0,0,0,0,0,0,1,0,0
cuda-runtime-gcc-git,3,cuda-runtime gcc git,REJECT,1,1,0,5,0,0,0,0,0,1,0,0
cuda-runtime-gcc-htop,3,cuda-runtime gcc htop,REJECT,1,1,0,0,0,0,0,0,0,1,0,0
cuda-runtime-gcc-java,3,cuda-runtime gcc java,REJECT,1,1,0,0,0,0,0,0,0,1,0,0
cuda-runtime-gcc-jq,3,cuda-runtime gcc jq,REJECT,1,1,0,5,0,0,0,0,0,1,0,0
cuda-runtime-gcc-llvm,3,cuda-runtime gcc llvm,REJECT,1,1,0,24,0,0,0,0,0,1,0,0
cuda-runtime-gcc-memcached,3,cuda-runtime gcc memcached,REJECT,1,1,0,5,0,0,0,0,0,1,0,0
cuda-runtime-gcc-mta-msmtp,3,cuda-runtime gcc mta-msmtp,REJECT,1,1,0,0,0,0,0,0,0,1,0,0
cuda-runtime-gcc-mta-nullmailer,3,cuda-runtime gcc mta-nullmailer,REJECT,1,1,0,0,0,0,0,0,0,1,0,0
cuda-runtime-gcc-mysql,3,cuda-runtime gcc mysql,REJECT,1,1,0,6,0,0,0,0,0,1,0,0
cuda-runtime-gcc-nc-openbsd,3,cuda-runtime gcc nc-openbsd,REJECT,1,1,0,0,0,0,0,0,0,1,0,0
cuda-runtime-gcc-nc-traditional,3,cuda-runtime gcc nc-traditional,REJECT,1,1,0,0,0,0,0,0,0,1,0,0
cuda-runtime-gcc-nvidia-driver-535,3,cuda-runtime gcc nvidia-driver-535,ACCEPT,0,0,0,6,0,0,0,0,0,0,0,0
cuda-runtime-gcc-original-awk,3,cuda-runtime gcc original-awk,REJECT,1,1,0,0,0,0,0,0,0,1,0,0
cuda-runtime-gcc-pgclient,3,cuda-runtime gcc pgclient,REJECT,1,1,0,5,0,0,0,0,0,1,0,0
cuda-runtime-gcc-pipdemo,3,cuda-runtime gcc pipdemo,REJECT,1,1,0,0,0,0,0,0,0,1,0,0
cuda-runtime-gcc-postgres,3,cuda-runtime gcc postgres,REJECT,1,1,0,5,0,0,0,0,0,1,0,0
cuda-runtime-gcc-pytools,3,cuda-runtime gcc pytools,REJECT,1,1,0,1,0,0,0,0,0,1,0,0
cuda-runtime-gcc-pyyaml,3,cuda-runtime gcc pyyaml,REJECT,1,1,0,0,0,0,0,0,0,1,0,0
cuda-runtime-gcc-redis,3,cuda-runtime gcc redis,REJECT,1,1,0,1,0,0,0,0,0,1,0,0
cuda-runtime-gcc-rsync,3,cuda-runtime gcc rsync,REJECT,1,1,0,0,0,0,0,0,0,1,0,0
cuda-runtime-gcc-rust,3,cuda-runtime gcc rust,REJECT,1,1,0,31,0,0,0,0,0,1,0,0
cuda-runtime-gcc-socat,3,cuda-runtime gcc socat,REJECT,1,1,0,0,0,0,0,0,0,1,0,0
cuda-runtime-gcc-sqlite,3,cuda-runtime gcc sqlite,REJECT,1,1,0,0,0,0,0,0,0,1,0,0
cuda-runtime-gcc-tcpdump,3,cuda-runtime gcc tcpdump,REJECT,1,1,0,0,0,0,0,0,0,1,0,0
cuda-runtime-gcc-tmux,3,cuda-runtime gcc tmux,REJECT,1,1,0,0,0,0,0,0,0,1,0,0
cuda-runtime-gcc-vim,3,cuda-runtime gcc vim,REJECT,1,1,0,0,0,0,0,0,0,1,0,0
cuda-runtime-gcc-webserver,3,cuda-runtime gcc webserver,REJECT,1,1,0,0,0,0,0,0,0,1,0,0
cuda-runtime-gcc-wget,3,cuda-runtime gcc wget,REJECT,1,1,0,0,0,0,0,0,0,1,0,0
cuda-runtime-gcc-zstd,3,cuda-runtime gcc zstd,REJECT,1,1,0,0,0,0,0,0,0,1,0,0
cuda-runtime-git,2,cuda-runtime git,REJECT,1,1,0,0,0,0,0,0,0,1,0,0
cuda-runtime-git-htop,3,cuda-runtime git htop,REJECT,1,1,0,0,0,0,0,0,0,1,0,0
cuda-runtime-git-java,3,cuda-runtime git java,REJECT,1,1,0,2,0,0,0,0,0,1,0,0
cuda-runtime-git-jq,3,cuda-runtime git jq,REJECT,1,1,0,5,0,0,0,0,0,1,0,0
cuda-runtime-git-llvm,3,cuda-runtime git llvm,REJECT,1,1,0,0,0,0,0,0,0,1,0,0
cuda-runtime-git-memcached,3,cuda-runtime git memcached,REJECT,1,1,0,7,0,0,0,0,0,1,0,0
cuda-runtime-git-mta-msmtp,3,cuda-runtime git mta-msmtp,REJECT,1,1,0,0,0,0,0,0,0,1,0,0
cuda-runtime-git-mta-nullmailer,3,cuda-runtime git mta-nullmailer,REJECT,1,1,0,0,0,0,0,0,0,1,0,0
cuda-runtime-git-mysql,3,cuda-runtime git mysql,REJECT,1,1,0,5,0,0,0,0,0,1,0,0
cuda-runtime-git-nc-openbsd,3,cuda-runtime git nc-openbsd,REJECT,1,1,0,0,0,0,0,0,0,1,0,0
cuda-runtime-git-nc-traditional,3,cuda-runtime git nc-traditional,REJECT,1,1,0,0,0,0,0,0,0,1,0,0
cuda-runtime-git-nvidia-driver-535,3,cuda-runtime git nvidia-driver-535,ACCEPT,0,0,0,0,0,0,0,0,0,0,0,0
cuda-runtime-git-original-awk,3,cuda-runtime git original-awk,REJECT,1,1,0,0,0,0,0,0,0,1,0,0
cuda-runtime-git-pgclient,3,cuda-runtime git pgclient,REJECT,1,1,0,8,0,0,0,0,0,1,0,0
cuda-runtime-git-pipdemo,3,cuda-runtime git pipdemo,REJECT,1,1,0,1,0,0,0,0,0,1,0,0
cuda-runtime-git-postgres,3,cuda-runtime git postgres,REJECT,1,1,0,8,0,0,0,0,0,1,0,0
cuda-runtime-git-pytools,3,cuda-runtime git pytools,REJECT,1,1,0,1,0,0,0,0,0,1,0,0
cuda-runtime-git-pyyaml,3,cuda-runtime git pyyaml,REJECT,1,1,0,1,0,0,0,0,0,1,0,0
cuda-runtime-git-redis,3,cuda-runtime git redis,REJECT,1,1,0,0,0,0,0,0,0,1,0,0
cuda-runtime-git-rsync,3,cuda-runtime git rsync,REJECT,1,1,0,0,0,0,0,0,0,1,0,0
cuda-runtime-git-rust,3,cuda-runtime git rust,REJECT,1,1,0,9,0,0,0,0,0,1,0,0
cuda-runtime-git-socat,3,cuda-runtime git socat,REJECT,1,1,0,0,0,0,0,0,0,1,0,0
cuda-runtime-git-sqlite,3,cuda-runtime git sqlite,REJECT,1,1,0,0,0,0,0,0,0,1,0,0
cuda-runtime-git-tcpdump,3,cuda-runtime git tcpdump,REJECT,1,1,0,0,0,0,0,0,0,1,0,0
cuda-runtime-git-tmux,3,cuda-runtime git tmux,REJECT,1,1,0,0,0,0,0,0,0,1,0,0
cuda-runtime-git-vim,3,cuda-runtime git vim,REJECT,1,1,0,1,0,0,0,0,0,1,0,0
cuda-runtime-git-webserver,3,cuda-runtime git webserver,REJECT,1,1,0,2,0,0,0,0,0,1,0,0
cuda-runtime-git-wget,3,cuda-runtime git wget,REJECT,1,1,0,1,0,0,0,0,0,1,0,0
cuda-runtime-git-zstd,3,cuda-runtime git zstd,REJECT,1,1,0,0,0,0,0,0,0,1,0,0
cuda-runtime-htop,2,cuda-runtime htop,REJECT,1,1,0,0,0,0,0,0,0,1,0,0
cuda-runtime-htop-java,3,cuda-runtime htop java,REJECT,1,1,0,0,0,0,0,0,0,1,0,0
cuda-runtime-htop-jq,3,cuda-runtime htop jq,REJECT,1,1,0,0,0,0,0,0,0,1,0,0
cuda-runtime-htop-llvm,3,cuda-runtime htop llvm,REJECT,1,1,0,0,0,0,0,0,0,1,0,0
cuda-runtime-htop-memcached,3,cuda-runtime htop memcached,REJECT,1,1,0,0,0,0,0,0,0,1,0,0
cuda-runtime-htop-mta-msmtp,3,cuda-runtime htop mta-msmtp,REJECT,1,1,0,0,0,0,0,0,0,1,0,0
cuda-runtime-htop-mta-nullmailer,3,cuda-runtime htop mta-nullmailer,REJECT,1,1,0,0,0,0,0,0,0,1,0,0
cuda-runtime-htop-mysql,3,cuda-runtime htop mysql,REJECT,1,1,0,0,0,0,0,0,0,1,0,0
cuda-runtime-htop-nc-openbsd,3,cuda-runtime htop nc-openbsd,REJECT,1,1,0,0,0,0,0,0,0,1,0,0
cuda-runtime-htop-nc-traditional,3,cuda-runtime htop nc-traditional,REJECT,1,1,0,0,0,0,0,0,0,1,0,0
cuda-runtime-htop-nvidia-driver-535,3,cuda-runtime htop nvidia-driver-535,ACCEPT,0,0,0,0,0,0,0,0,0,0,0,0
cuda-runtime-htop-original-awk,3,cuda-runtime htop original-awk,REJECT,1,1,0,0,0,0,0,0,0,1,0,0
cuda-runtime-htop-pgclient,3,cuda-runtime htop pgclient,REJECT,1,1,0,0,0,0,0,0,0,1,0,0
cuda-runtime-htop-pipdemo,3,cuda-runtime htop pipdemo,REJECT,1,1,0,0,0,0,0,0,0,1,0,0
cuda-runtime-htop-postgres,3,cuda-runtime htop postgres,REJECT,1,1,0,0,0,0,0,0,0,1,0,0
cuda-runtime-htop-pytools,3,cuda-runtime htop pytools,REJECT,1,1,0,0,0,0,0,0,0,1,0,0
cuda-runtime-htop-pyyaml,3,cuda-runtime htop pyyaml,REJECT,1,1,0,0,0,0,0,0,0,1,0,0
cuda-runtime-htop-redis,3,cuda-runtime htop redis,REJECT,1,1,0,0,0,0,0,0,0,1,0,0
cuda-runtime-htop-rsync,3,cuda-runtime htop rsync,REJECT,1,1,0,0,0,0,0,0,0,1,0,0
cuda-runtime-htop-rust,3,cuda-runtime htop rust,REJECT,1,1,0,0,0,0,0,0,0,1,0,0
cuda-runtime-htop-socat,3,cuda-runtime htop socat,REJECT,1,1,0,0,0,0,0,0,0,1,0,0
cuda-runtime-htop-sqlite,3,cuda-runtime htop sqlite,REJECT,1,1,0,0,0,0,0,0,0,1,0,0
cuda-runtime-htop-tcpdump,3,cuda-runtime htop tcpdump,REJECT,1,1,0,0,0,0,0,0,0,1,0,0
cuda-runtime-htop-tmux,3,cuda-runtime htop tmux,REJECT,1,1,0,0,0,0,0,0,0,1,0,0
cuda-runtime-htop-vim,3,cuda-runtime htop vim,REJECT,1,1,0,0,0,0,0,0,0,1,0,0
cuda-runtime-htop-webserver,3,cuda-runtime htop webserver,REJECT,1,1,0,0,0,0,0,0,0,1,0,0
cuda-runtime-htop-wget,3,cuda-runtime htop wget,REJECT,1,1,0,0,0,0,0,0,0,1,0,0
cuda-runtime-htop-zstd,3,cuda-runtime htop zstd,REJECT,1,1,0,0,0,0,0,0,0,1,0,0
cuda-runtime-java,2,cuda-runtime java,REJECT,1,1,0,0,0,0,0,0,0,1,0,0
cuda-runtime-java-jq,3,cuda-runtime java jq,REJECT,1,1,0,0,0,0,0,0,0,1,0,0
cuda-runtime-java-llvm,3,cuda-runtime java llvm,REJECT,1,1,0,0,0,0,0,0,0,1,0,0
cuda-runtime-java-memcached,3,cuda-runtime java memcached,REJECT,1,1,0,0,0,0,0,0,0,1,0,0
cuda-runtime-java-mta-msmtp,3,cuda-runtime java mta-msmtp,REJECT,1,1,0,2,0,0,0,0,0,1,0,0
cuda-runtime-java-mta-nullmailer,3,cuda-runtime java mta-nullmailer,REJECT,1,1,0,0,0,0,0,0,0,1,0,0
cuda-runtime-java-mysql,3,cuda-runtime java mysql,REJECT,1,1,0,0,0,0,0,0,0,1,0,0
cuda-runtime-java-nc-openbsd,3,cuda-runtime java nc-openbsd,REJECT,1,1,0,0,0,0,0,0,0,1,0,0
cuda-runtime-java-nc-traditional,3,cuda-runtime java nc-traditional,REJECT,1,1,0,0,0,0,0,0,0,1,0,0
cuda-runtime-java-nvidia-driver-535,3,cuda-runtime java nvidia-driver-535,ACCEPT,0,0,0,0,0,0,0,0,0,0,0,0
cuda-runtime-java-original-awk,3,cuda-runtime java original-awk,REJECT,1,1,0,0,0,0,0,0,0,1,0,0
cuda-runtime-java-pgclient,3,cuda-runtime java pgclient,REJECT,1,1,0,0,0,0,0,0,0,1,0,0
cuda-runtime-java-pipdemo,3,cuda-runtime java pipdemo,REJECT,1,1,0,2,0,0,0,0,0,1,0,0
cuda-runtime-java-postgres,3,cuda-runtime java postgres,REJECT,1,1,0,1,0,0,0,0,0,1,0,0
cuda-runtime-java-pytools,3,cuda-runtime java pytools,REJECT,1,1,0,2,0,0,0,0,0,1,0,0
cuda-runtime-java-pyyaml,3,cuda-runtime java pyyaml,REJECT,1,1,0,2,0,0,0,0,0,1,0,0
cuda-runtime-java-redis,3,cuda-runtime java redis,REJECT,1,1,0,0,0,0,0,0,0,1,0,0
cuda-runtime-java-rsync,3,cuda-runtime java rsync,REJECT,1,1,0,0,0,0,0,0,0,1,0,0
cuda-runtime-java-rust,3,cuda-runtime java rust,REJECT,1,1,0,1,0,0,0,0,0,1,0,0
cuda-runtime-java-socat,3,cuda-runtime java socat,REJECT,1,1,0,0,0,0,0,0,0,1,0,0
cuda-runtime-java-sqlite,3,cuda-runtime java sqlite,REJECT,1,1,0,1,0,0,0,0,0,1,0,0
cuda-runtime-java-tcpdump,3,cuda-runtime java tcpdump,REJECT,1,1,0,1,0,0,0,0,0,1,0,0
cuda-runtime-java-tmux,3,cuda-runtime java tmux,REJECT,1,1,0,0,0,0,0,0,0,1,0,0
cuda-runtime-java-vim,3,cuda-runtime java vim,REJECT,1,1,0,2,0,0,0,0,0,1,0,0
cuda-runtime-java-webserver,3,cuda-runtime java webserver,REJECT,1,1,0,10,0,0,0,0,0,1,0,0
cuda-runtime-java-wget,3,cuda-runtime java wget,REJECT,1,1,0,0,0,0,0,0,0,1,0,0
cuda-runtime-java-zstd,3,cuda-runtime java zstd,REJECT,1,1,0,0,0,0,0,0,0,1,0,0
cuda-runtime-jq,2,cuda-runtime jq,REJECT,1,1,0,0,0,0,0,0,0,1,0,0
cuda-runtime-jq-llvm,3,cuda-runtime jq llvm,REJECT,1,1,0,0,0,0,0,0,0,1,0,0
cuda-runtime-jq-memcached,3,cuda-runtime jq memcached,REJECT,1,1,0,5,0,0,0,0,0,1,0,0
cuda-runtime-jq-mta-msmtp,3,cuda-runtime jq mta-msmtp,REJECT,1,1,0,0,0,0,0,0,0,1,0,0
cuda-runtime-jq-mta-nullmailer,3,cuda-runtime jq mta-nullmailer,REJECT,1,1,0,0,0,0,0,0,0,1,0,0
cuda-runtime-jq-mysql,3,cuda-runtime jq mysql,REJECT,1,1,0,5,0,0,0,0,0,1,0,0
cuda-runtime-jq-nc-openbsd,3,cuda-runtime jq nc-openbsd,REJECT,1,1,0,0,0,0,0,0,0,1,0,0
cuda-runtime-jq-nc-traditional,3,cuda-runtime jq nc-traditional,REJECT,1,1,0,0,0,0,0,0,0,1,0,0
cuda-runtime-jq-nvidia-driver-535,3,cuda-runtime jq nvidia-driver-535,ACCEPT,0,0,0,0,0,0,0,0,0,0,0,0
cuda-runtime-jq-original-awk,3,cuda-runtime jq original-awk,REJECT,1,1,0,0,0,0,0,0,0,1,0,0
cuda-runtime-jq-pgclient,3,cuda-runtime jq pgclient,REJECT,1,1,0,5,0,0,0,0,0,1,0,0
cuda-runtime-jq-pipdemo,3,cuda-runtime jq pipdemo,REJECT,1,1,0,0,0,0,0,0,0,1,0,0
cuda-runtime-jq-postgres,3,cuda-runtime jq postgres,REJECT,1,1,0,5,0,0,0,0,0,1,0,0
cuda-runtime-jq-pytools,3,cuda-runtime jq pytools,REJECT,1,1,0,0,0,0,0,0,0,1,0,0
cuda-runtime-jq-pyyaml,3,cuda-runtime jq pyyaml,REJECT,1,1,0,0,0,0,0,0,0,1,0,0
cuda-runtime-jq-redis,3,cuda-runtime jq redis,REJECT,1,1,0,0,0,0,0,0,0,1,0,0
cuda-runtime-jq-rsync,3,cuda-runtime jq rsync,REJECT,1,1,0,0,0,0,0,0,0,1,0,0
cuda-runtime-jq-rust,3,cuda-runtime jq rust,REJECT,1,1,0,0,0,0,0,0,0,1,0,0
cuda-runtime-jq-socat,3,cuda-runtime jq socat,REJECT,1,1,0,0,0,0,0,0,0,1,0,0
cuda-runtime-jq-sqlite,3,cuda-runtime jq sqlite,REJECT,1,1,0,0,0,0,0,0,0,1,0,0
cuda-runtime-jq-tcpdump,3,cuda-runtime jq tcpdump,REJECT,1,1,0,0,0,0,0,0,0,1,0,0
cuda-runtime-jq-tmux,3,cuda-runtime jq tmux,REJECT,1,1,0,0,0,0,0,0,0,1,0,0
cuda-runtime-jq-vim,3,cuda-runtime jq vim,REJECT,1,1,0,0,0,0,0,0,0,1,0,0
cuda-runtime-jq-webserver,3,cuda-runtime jq webserver,REJECT,1,1,0,0,0,0,0,0,0,1,0,0
cuda-runtime-jq-wget,3,cuda-runtime jq wget,REJECT,1,1,0,0,0,0,0,0,0,1,0,0
cuda-runtime-jq-zstd,3,cuda-runtime jq zstd,REJECT,1,1,0,0,0,0,0,0,0,1,0,0
cuda-runtime-llvm,2,cuda-runtime llvm,REJECT,1,1,0,0,0,0,0,0,0,1,0,0
cuda-runtime-llvm-memcached,3,cuda-runtime llvm memcached,REJECT,1,1,0,0,0,0,0,0,0,1,0,0
cuda-runtime-llvm-mta-msmtp,3,cuda-runtime llvm mta-msmtp,REJECT,1,1,0,0,0,0,0,0,0,1,0,0
cuda-runtime-llvm-mta-nullmailer,3,cuda-runtime llvm mta-nullmailer,REJECT,1,1,0,0,0,0,0,0,0,1,0,0
cuda-runtime-llvm-mysql,3,cuda-runtime llvm mysql,REJECT,1,1,0,3,0,0,0,0,0,1,0,0
cuda-runtime-llvm-nc-openbsd,3,cuda-runtime llvm nc-openbsd,REJECT,1,1,0,2,0,0,0,0,0,1,0,0
cuda-runtime-llvm-nc-traditional,3,cuda-runtime llvm nc-traditional,REJECT,1,1,0,0,0,0,0,0,0,1,0,0
cuda-runtime-llvm-nvidia-driver-535,3,cuda-runtime llvm nvidia-driver-535,ACCEPT,0,0,0,6,0,0,0,0,0,0,0,0
cuda-runtime-llvm-original-awk,3,cuda-runtime llvm original-awk,REJECT,1,1,0,0,0,0,0,0,0,1,0,0
cuda-runtime-llvm-pgclient,3,cuda-runtime llvm pgclient,REJECT,1,1,0,0,0,0,0,0,0,1,0,0
cuda-runtime-llvm-pipdemo,3,cuda-runtime llvm pipdemo,REJECT,1,1,0,0,0,0,0,0,0,1,0,0
cuda-runtime-llvm-postgres,3,cuda-runtime llvm postgres,REJECT,1,1,0,6,0,0,0,0,0,1,0,0
cuda-runtime-llvm-pytools,3,cuda-runtime llvm pytools,REJECT,1,1,0,1,0,0,0,0,0,1,0,0
cuda-runtime-llvm-pyyaml,3,cuda-runtime llvm pyyaml,REJECT,1,1,0,0,0,0,0,0,0,1,0,0
cuda-runtime-llvm-redis,3,cuda-runtime llvm redis,REJECT,1,1,0,1,0,0,0,0,0,1,0,0
cuda-runtime-llvm-rsync,3,cuda-runtime llvm rsync,REJECT,1,1,0,0,0,0,0,0,0,1,0,0
cuda-runtime-llvm-rust,3,cuda-runtime llvm rust,REJECT,1,1,0,23,0,0,0,0,0,1,0,0
cuda-runtime-llvm-socat,3,cuda-runtime llvm socat,REJECT,1,1,0,0,0,0,0,0,0,1,0,0
cuda-runtime-llvm-sqlite,3,cuda-runtime llvm sqlite,REJECT,1,1,0,0,0,0,0,0,0,1,0,0
cuda-runtime-llvm-tcpdump,3,cuda-runtime llvm tcpdump,REJECT,1,1,0,0,0,0,0,0,0,1,0,0
cuda-runtime-llvm-tmux,3,cuda-runtime llvm tmux,REJECT,1,1,0,0,0,0,0,0,0,1,0,0
cuda-runtime-llvm-vim,3,cuda-runtime llvm vim,REJECT,1,1,0,0,0,0,0,0,0,1,0,0
cuda-runtime-llvm-webserver,3,cuda-runtime llvm webserver,REJECT,1,1,0,4,0,0,0,0,0,1,0,0
cuda-runtime-llvm-wget,3,cuda-runtime llvm wget,REJECT,1,1,0,0,0,0,0,0,0,1,0,0
cuda-runtime-llvm-zstd,3,cuda-runtime llvm zstd,REJECT,1,1,0,0,0,0,0,0,0,1,0,0
cuda-runtime-memcached,2,cuda-runtime memcached,REJECT,1,1,0,0,0,0,0,0,0,1,0,0
cuda-runtime-memcached-mta-msmtp,3,cuda-runtime memcached mta-msmtp,REJECT,1,1,0,0,0,0,0,0,0,1,0,0
cuda-runtime-memcached-mta-nullmailer,3,cuda-runtime memcached mta-nullmailer,REJECT,1,1,0,0,0,0,0,0,0,1,0,0
cuda-runtime-memcached-mysql,3,cuda-runtime memcached mysql,REJECT,1,1,0,5,0,0,0,0,0,1,0,0
cuda-runtime-memcached-nc-openbsd,3,cuda-runtime memcached nc-openbsd,REJECT,1,1,0,0,0,0,0,0,0,1,0,0
cuda-runtime-memcached-nc-traditional,3,cuda-runtime memcached nc-traditional,REJECT,1,1,0,0,0,0,0,0,0,1,0,0
cuda-runtime-memcached-nvidia-driver-535,3,cuda-runtime memcached nvidia-driver-535,ACCEPT,0,0,0,0,0,0,0,0,0,0,0,0
cuda-runtime-memcached-original-awk,3,cuda-runtime memcached original-awk,REJECT,1,1,0,0,0,0,0,0,0,1,0,0
cuda-runtime-memcached-pgclient,3,cuda-runtime memcached pgclient,REJECT,1,1,0,7,0,0,0,0,0,1,0,0
cuda-runtime-memcached-pipdemo,3,cuda-runtime memcached pipdemo,REJECT,1,1,0,0,0,0,0,0,0,1,0,0
cuda-runtime-memcached-postgres,3,cuda-runtime memcached postgres,REJECT,1,1,0,7,0,0,0,0,0,1,0,0
cuda-runtime-memcached-pytools,3,cuda-runtime memcached pytools,REJECT,1,1,0,0,0,0,0,0,0,1,0,0
cuda-runtime-memcached-pyyaml,3,cuda-runtime memcached pyyaml,REJECT,1,1,0,0,0,0,0,0,0,1,0,0
cuda-runtime-memcached-redis,3,cuda-runtime memcached redis,REJECT,1,1,0,0,0,0,0,0,0,1,0,0
cuda-runtime-memcached-rsync,3,cuda-runtime memcached rsync,REJECT,1,1,0,0,0,0,0,0,0,1,0,0
cuda-runtime-memcached-rust,3,cuda-runtime memcached rust,REJECT,1,1,0,2,0,0,0,0,0,1,0,0
cuda-runtime-memcached-socat,3,cuda-runtime memcached socat,REJECT,1,1,0,0,0,0,0,0,0,1,0,0
cuda-runtime-memcached-sqlite,3,cuda-runtime memcached sqlite,REJECT,1,1,0,0,0,0,0,0,0,1,0,0
cuda-runtime-memcached-tcpdump,3,cuda-runtime memcached tcpdump,REJECT,1,1,0,0,0,0,0,0,0,1,0,0
cuda-runtime-memcached-tmux,3,cuda-runtime memcached tmux,REJECT,1,1,0,0,0,0,0,0,0,1,0,0
cuda-runtime-memcached-vim,3,cuda-runtime memcached vim,REJECT,1,1,0,0,0,0,0,0,0,1,0,0
cuda-runtime-memcached-webserver,3,cuda-runtime memcached webserver,REJECT,1,1,0,0,0,0,0,0,0,1,0,0
cuda-runtime-memcached-wget,3,cuda-runtime memcached wget,REJECT,1,1,0,0,0,0,0,0,0,1,0,0
cuda-runtime-memcached-zstd,3,cuda-runtime memcached zstd,REJECT,1,1,0,0,0,0,0,0,0,1,0,0
cuda-runtime-mta-msmtp,2,cuda-runtime mta-msmtp,REJECT,1,1,0,0,0,0,0,0,0,1,0,0
cuda-runtime-mta-msmtp-mta-nullmailer,3,cuda-runtime mta-msmtp mta-nullmailer,REJECT,1,3,0,0,0,2,0,4,0,1,0,0
cuda-runtime-mta-msmtp-mysql,3,cuda-runtime mta-msmtp mysql,REJECT,1,1,0,0,0,0,0,0,0,1,0,0
cuda-runtime-mta-msmtp-nc-openbsd,3,cuda-runtime mta-msmtp nc-openbsd,REJECT,1,1,0,0,0,0,0,0,0,1,0,0
cuda-runtime-mta-msmtp-nc-traditional,3,cuda-runtime mta-msmtp nc-traditional,REJECT,1,1,0,0,0,0,0,0,0,1,0,0
cuda-runtime-mta-msmtp-nvidia-driver-535,3,cuda-runtime mta-msmtp nvidia-driver-535,ACCEPT,0,0,0,0,0,0,0,0,0,0,0,0
cuda-runtime-mta-msmtp-original-awk,3,cuda-runtime mta-msmtp original-awk,REJECT,1,1,0,0,0,0,0,0,0,1,0,0
cuda-runtime-mta-msmtp-pgclient,3,cuda-runtime mta-msmtp pgclient,REJECT,1,1,0,0,0,0,0,0,0,1,0,0
cuda-runtime-mta-msmtp-pipdemo,3,cuda-runtime mta-msmtp pipdemo,REJECT,1,1,0,0,0,0,0,0,0,1,0,0
cuda-runtime-mta-msmtp-postgres,3,cuda-runtime mta-msmtp postgres,REJECT,1,1,0,1,0,0,0,0,0,1,0,0
cuda-runtime-mta-msmtp-pytools,3,cuda-runtime mta-msmtp pytools,REJECT,1,1,0,0,0,0,0,0,0,1,0,0
cuda-runtime-mta-msmtp-pyyaml,3,cuda-runtime mta-msmtp pyyaml,REJECT,1,1,0,0,0,0,0,0,0,1,0,0
cuda-runtime-mta-msmtp-redis,3,cuda-runtime mta-msmtp redis,REJECT,1,1,0,0,0,0,0,0,0,1,0,0
cuda-runtime-mta-msmtp-rsync,3,cuda-runtime mta-msmtp rsync,REJECT,1,1,0,0,0,0,0,0,0,1,0,0
cuda-runtime-mta-msmtp-rust,3,cuda-runtime mta-msmtp rust,REJECT,1,1,0,0,0,0,0,0,0,1,0,0
cuda-runtime-mta-msmtp-socat,3,cuda-runtime mta-msmtp socat,REJECT,1,1,0,0,0,0,0,0,0,1,0,0
cuda-runtime-mta-msmtp-sqlite,3,cuda-runtime mta-msmtp sqlite,REJECT,1,1,0,0,0,0,0,0,0,1,0,0
cuda-runtime-mta-msmtp-tcpdump,3,cuda-runtime mta-msmtp tcpdump,REJECT,1,1,0,0,0,0,0,0,0,1,0,0
cuda-runtime-mta-msmtp-tmux,3,cuda-runtime mta-msmtp tmux,REJECT,1,1,0,0,0,0,0,0,0,1,0,0
cuda-runtime-mta-msmtp-vim,3,cuda-runtime mta-msmtp vim,REJECT,1,1,0,0,0,0,0,0,0,1,0,0
cuda-runtime-mta-msmtp-webserver,3,cuda-runtime mta-msmtp webserver,REJECT,1,1,0,1,0,0,0,0,0,1,0,0
cuda-runtime-mta-msmtp-wget,3,cuda-runtime mta-msmtp wget,REJECT,1,1,0,0,0,0,0,0,0,1,0,0
cuda-runtime-mta-msmtp-zstd,3,cuda-runtime mta-msmtp zstd,REJECT,1,1,0,0,0,0,0,0,0,1,0,0
cuda-runtime-mta-nullmailer,2,cuda-runtime mta-nullmailer,REJECT,1,1,0,0,0,0,0,0,0,1,0,0
cuda-runtime-mta-nullmailer-mysql,3,cuda-runtime mta-nullmailer mysql,REJECT,1,1,0,0,0,0,0,0,0,1,0,0
cuda-runtime-mta-nullmailer-nc-openbsd,3,cuda-runtime mta-nullmailer nc-openbsd,REJECT,1,1,0,0,0,0,0,0,0,1,0,0
cuda-runtime-mta-nullmailer-nc-traditional,3,cuda-runtime mta-nullmailer nc-traditional,REJECT,1,1,0,0,0,0,0,0,0,1,0,0
cuda-runtime-mta-nullmailer-nvidia-driver-535,3,cuda-runtime mta-nullmailer nvidia-driver-535,ACCEPT,0,0,0,0,0,0,0,0,0,0,0,0
cuda-runtime-mta-nullmailer-original-awk,3,cuda-runtime mta-nullmailer original-awk,REJECT,1,1,0,0,0,0,0,0,0,1,0,0
cuda-runtime-mta-nullmailer-pgclient,3,cuda-runtime mta-nullmailer pgclient,REJECT,1,1,0,0,0,0,0,0,0,1,0,0
cuda-runtime-mta-nullmailer-pipdemo,3,cuda-runtime mta-nullmailer pipdemo,REJECT,1,1,0,0,0,0,0,0,0,1,0,0
cuda-runtime-mta-nullmailer-postgres,3,cuda-runtime mta-nullmailer postgres,REJECT,1,1,0,0,0,0,0,0,0,1,0,0
cuda-runtime-mta-nullmailer-pytools,3,cuda-runtime mta-nullmailer pytools,REJECT,1,1,0,0,0,0,0,0,0,1,0,0
cuda-runtime-mta-nullmailer-pyyaml,3,cuda-runtime mta-nullmailer pyyaml,REJECT,1,1,0,0,0,0,0,0,0,1,0,0
cuda-runtime-mta-nullmailer-redis,3,cuda-runtime mta-nullmailer redis,REJECT,1,1,0,0,0,0,0,0,0,1,0,0
cuda-runtime-mta-nullmailer-rsync,3,cuda-runtime mta-nullmailer rsync,REJECT,1,1,0,0,0,0,0,0,0,1,0,0
cuda-runtime-mta-nullmailer-rust,3,cuda-runtime mta-nullmailer rust,REJECT,1,1,0,0,0,0,0,0,0,1,0,0
cuda-runtime-mta-nullmailer-socat,3,cuda-runtime mta-nullmailer socat,REJECT,1,1,0,0,0,0,0,0,0,1,0,0
cuda-runtime-mta-nullmailer-sqlite,3,cuda-runtime mta-nullmailer sqlite,REJECT,1,1,0,0,0,0,0,0,0,1,0,0
cuda-runtime-mta-nullmailer-tcpdump,3,cuda-runtime mta-nullmailer tcpdump,REJECT,1,1,0,0,0,0,0,0,0,1,0,0
cuda-runtime-mta-nullmailer-tmux,3,cuda-runtime mta-nullmailer tmux,REJECT,1,1,0,0,0,0,0,0,0,1,0,0
cuda-runtime-mta-nullmailer-vim,3,cuda-runtime mta-nullmailer vim,REJECT,1,1,0,0,0,0,0,0,0,1,0,0
cuda-runtime-mta-nullmailer-webserver,3,cuda-runtime mta-nullmailer webserver,REJECT,1,1,0,0,0,0,0,0,0,1,0,0
cuda-runtime-mta-nullmailer-wget,3,cuda-runtime mta-nullmailer wget,REJECT,1,1,0,0,0,0,0,0,0,1,0,0
cuda-runtime-mta-nullmailer-zstd,3,cuda-runtime mta-nullmailer zstd,REJECT,1,1,0,0,0,0,0,0,0,1,0,0
cuda-runtime-mysql,2,cuda-runtime mysql,REJECT,1,1,0,0,0,0,0,0,0,1,0,0
cuda-runtime-mysql-nc-openbsd,3,cuda-runtime mysql nc-openbsd,REJECT,1,1,0,2,0,0,0,0,0,1,0,0
cuda-runtime-mysql-nc-traditional,3,cuda-runtime mysql nc-traditional,REJECT,1,1,0,0,0,0,0,0,0,1,0,0
cuda-runtime-mysql-nvidia-driver-535,3,cuda-runtime mysql nvidia-driver-535,ACCEPT,0,0,0,0,0,0,0,0,0,0,0,0
cuda-runtime-mysql-original-awk,3,cuda-runtime mysql original-awk,REJECT,1,1,0,0,0,0,0,0,0,1,0,0
cuda-runtime-mysql-pgclient,3,cuda-runtime mysql pgclient,REJECT,1,1,0,7,0,0,0,0,0,1,0,0
cuda-runtime-mysql-pipdemo,3,cuda-runtime mysql pipdemo,REJECT,1,1,0,2,0,0,0,0,0,1,0,0
cuda-runtime-mysql-postgres,3,cuda-runtime mysql postgres,REJECT,1,1,0,10,0,0,0,0,0,1,0,0
cuda-runtime-mysql-pytools,3,cuda-runtime mysql pytools,REJECT,1,1,0,2,0,0,0,0,0,1,0,0
cuda-runtime-mysql-pyyaml,3,cuda-runtime mysql pyyaml,REJECT,1,1,0,2,0,0,0,0,0,1,0,0
cuda-runtime-mysql-redis,3,cuda-runtime mysql redis,REJECT,1,1,0,0,0,0,0,0,0,1,0,0
cuda-runtime-mysql-rsync,3,cuda-runtime mysql rsync,REJECT,1,1,0,2,0,0,0,0,0,1,0,0
cuda-runtime-mysql-rust,3,cuda-runtime mysql rust,REJECT,1,1,0,1,0,0,0,0,0,1,0,0
cuda-runtime-mysql-socat,3,cuda-runtime mysql socat,REJECT,1,1,0,2,0,0,0,0,0,1,0,0
cuda-runtime-mysql-sqlite,3,cuda-runtime mysql sqlite,REJECT,1,1,0,2,0,0,0,0,0,1,0,0
cuda-runtime-mysql-tcpdump,3,cuda-runtime mysql tcpdump,REJECT,1,1,0,0,0,0,0,0,0,1,0,0
cuda-runtime-mysql-tmux,3,cuda-runtime mysql tmux,REJECT,1,1,0,0,0,0,0,0,0,1,0,0
cuda-runtime-mysql-vim,3,cuda-runtime mysql vim,REJECT,1,1,0,2,0,0,0,0,0,1,0,0
cuda-runtime-mysql-webserver,3,cuda-runtime mysql webserver,REJECT,1,1,0,8,0,0,0,0,0,1,0,0
cuda-runtime-mysql-wget,3,cuda-runtime mysql wget,REJECT,1,1,0,0,0,0,0,0,0,1,0,0
cuda-runtime-mysql-zstd,3,cuda-runtime mysql zstd,REJECT,1,1,0,0,0,0,0,0,0,1,0,0
cuda-runtime-nc-openbsd,2,cuda-runtime nc-openbsd,REJECT,1,1,0,0,0,0,0,0,0,1,0,0
cuda-runtime-nc-openbsd-nc-traditional,3,cuda-runtime nc-openbsd nc-traditional,REJECT,1,1,0,0,0,0,0,0,0,1,0,0
cuda-runtime-nc-openbsd-nvidia-driver-535,3,cuda-runtime nc-openbsd nvidia-driver-535,ACCEPT,0,0,0,0,0,0,0,0,0,0,0,0
cuda-runtime-nc-openbsd-original-awk,3,cuda-runtime nc-openbsd original-awk,REJECT,1,1,0,0,0,0,0,0,0,1,0,0
cuda-runtime-nc-openbsd-pgclient,3,cuda-runtime nc-openbsd pgclient,REJECT,1,1,0,0,0,0,0,0,0,1,0,0
cuda-runtime-nc-openbsd-pipdemo,3,cuda-runtime nc-openbsd pipdemo,REJECT,1,1,0,0,0,0,0,0,0,1,0,0
cuda-runtime-nc-openbsd-postgres,3,cuda-runtime nc-openbsd postgres,REJECT,1,1,0,2,0,0,0,0,0,1,0,0
cuda-runtime-nc-openbsd-pytools,3,cuda-runtime nc-openbsd pytools,REJECT,1,1,0,0,0,0,0,0,0,1,0,0
cuda-runtime-nc-openbsd-pyyaml,3,cuda-runtime nc-openbsd pyyaml,REJECT,1,1,0,0,0,0,0,0,0,1,0,0
cuda-runtime-nc-openbsd-redis,3,cuda-runtime nc-openbsd redis,REJECT,1,1,0,0,0,0,0,0,0,1,0,0
cuda-runtime-nc-openbsd-rsync,3,cuda-runtime nc-openbsd rsync,REJECT,1,1,0,0,0,0,0,0,0,1,0,0
cuda-runtime-nc-openbsd-rust,3,cuda-runtime nc-openbsd rust,REJECT,1,1,0,0,0,0,0,0,0,1,0,0
cuda-runtime-nc-openbsd-socat,3,cuda-runtime nc-openbsd socat,REJECT,1,1,0,0,0,0,0,0,0,1,0,0
cuda-runtime-nc-openbsd-sqlite,3,cuda-runtime nc-openbsd sqlite,REJECT,1,1,0,0,0,0,0,0,0,1,0,0
cuda-runtime-nc-openbsd-tcpdump,3,cuda-runtime nc-openbsd tcpdump,REJECT,1,1,0,0,0,0,0,0,0,1,0,0
cuda-runtime-nc-openbsd-tmux,3,cuda-runtime nc-openbsd tmux,REJECT,1,1,0,0,0,0,0,0,0,1,0,0
cuda-runtime-nc-openbsd-vim,3,cuda-runtime nc-openbsd vim,REJECT,1,1,0,0,0,0,0,0,0,1,0,0
cuda-runtime-nc-openbsd-webserver,3,cuda-runtime nc-openbsd webserver,REJECT,1,1,0,2,0,0,0,0,0,1,0,0
cuda-runtime-nc-openbsd-wget,3,cuda-runtime nc-openbsd wget,REJECT,1,1,0,0,0,0,0,0,0,1,0,0
cuda-runtime-nc-openbsd-zstd,3,cuda-runtime nc-openbsd zstd,REJECT,1,1,0,0,0,0,0,0,0,1,0,0
cuda-runtime-nc-traditional,2,cuda-runtime nc-traditional,REJECT,1,1,0,0,0,0,0,0,0,1,0,0
cuda-runtime-nc-traditional-nvidia-driver-535,3,cuda-runtime nc-traditional nvidia-driver-535,ACCEPT,0,0,0,0,0,0,0,0,0,0,0,0
cuda-runtime-nc-traditional-original-awk,3,cuda-runtime nc-traditional original-awk,REJECT,1,1,0,0,0,0,0,0,0,1,0,0
cuda-runtime-nc-traditional-pgclient,3,cuda-runtime nc-traditional pgclient,REJECT,1,1,0,0,0,0,0,0,0,1,0,0
cuda-runtime-nc-traditional-pipdemo,3,cuda-runtime nc-traditional pipdemo,REJECT,1,1,0,0,0,0,0,0,0,1,0,0
cuda-runtime-nc-traditional-postgres,3,cuda-runtime nc-traditional postgres,REJECT,1,1,0,0,0,0,0,0,0,1,0,0
cuda-runtime-nc-traditional-pytools,3,cuda-runtime nc-traditional pytools,REJECT,1,1,0,0,0,0,0,0,0,1,0,0
cuda-runtime-nc-traditional-pyyaml,3,cuda-runtime nc-traditional pyyaml,REJECT,1,1,0,0,0,0,0,0,0,1,0,0
cuda-runtime-nc-traditional-redis,3,cuda-runtime nc-traditional redis,REJECT,1,1,0,0,0,0,0,0,0,1,0,0
cuda-runtime-nc-traditional-rsync,3,cuda-runtime nc-traditional rsync,REJECT,1,1,0,0,0,0,0,0,0,1,0,0
cuda-runtime-nc-traditional-rust,3,cuda-runtime nc-traditional rust,REJECT,1,1,0,0,0,0,0,0,0,1,0,0
cuda-runtime-nc-traditional-socat,3,cuda-runtime nc-traditional socat,REJECT,1,1,0,0,0,0,0,0,0,1,0,0
cuda-runtime-nc-traditional-sqlite,3,cuda-runtime nc-traditional sqlite,REJECT,1,1,0,0,0,0,0,0,0,1,0,0
cuda-runtime-nc-traditional-tcpdump,3,cuda-runtime nc-traditional tcpdump,REJECT,1,1,0,0,0,0,0,0,0,1,0,0
cuda-runtime-nc-traditional-tmux,3,cuda-runtime nc-traditional tmux,REJECT,1,1,0,0,0,0,0,0,0,1,0,0
cuda-runtime-nc-traditional-vim,3,cuda-runtime nc-traditional vim,REJECT,1,1,0,0,0,0,0,0,0,1,0,0
cuda-runtime-nc-traditional-webserver,3,cuda-runtime nc-traditional webserver,REJECT,1,1,0,0,0,0,0,0,0,1,0,0
cuda-runtime-nc-traditional-wget,3,cuda-runtime nc-traditional wget,REJECT,1,1,0,0,0,0,0,0,0,1,0,0
cuda-runtime-nc-traditional-zstd,3,cuda-runtime nc-traditional zstd,REJECT,1,1,0,0,0,0,0,0,0,1,0,0
cuda-runtime-nvidia-driver-535,2,cuda-runtime nvidia-driver-535,ACCEPT,0,0,0,0,0,0,0,0,0,0,0,0
cuda-runtime-nvidia-driver-535-original-awk,3,cuda-runtime nvidia-driver-535 original-awk,ACCEPT,0,0,0,0,0,0,0,0,0,0,0,0
cuda-runtime-nvidia-driver-535-pgclient,3,cuda-runtime nvidia-driver-535 pgclient,ACCEPT,0,0,0,0,0,0,0,0,0,0,0,0
cuda-runtime-nvidia-driver-535-pipdemo,3,cuda-runtime nvidia-driver-535 pipdemo,ACCEPT,0,0,0,0,0,0,0,0,0,0,0,0
cuda-runtime-nvidia-driver-535-postgres,3,cuda-runtime nvidia-driver-535 postgres,ACCEPT,0,0,0,0,0,0,0,0,0,0,0,0
cuda-runtime-nvidia-driver-535-pytools,3,cuda-runtime nvidia-driver-535 pytools,ACCEPT,0,0,0,0,0,0,0,0,0,0,0,0
cuda-runtime-nvidia-driver-535-pyyaml,3,cuda-runtime nvidia-driver-535 pyyaml,ACCEPT,0,0,0,0,0,0,0,0,0,0,0,0
cuda-runtime-nvidia-driver-535-redis,3,cuda-runtime nvidia-driver-535 redis,ACCEPT,0,0,0,0,0,0,0,0,0,0,0,0
cuda-runtime-nvidia-driver-535-rsync,3,cuda-runtime nvidia-driver-535 rsync,ACCEPT,0,0,0,0,0,0,0,0,0,0,0,0
cuda-runtime-nvidia-driver-535-rust,3,cuda-runtime nvidia-driver-535 rust,ACCEPT,0,0,0,6,0,0,0,0,0,0,0,0
cuda-runtime-nvidia-driver-535-socat,3,cuda-runtime nvidia-driver-535 socat,ACCEPT,0,0,0,0,0,0,0,0,0,0,0,0
cuda-runtime-nvidia-driver-535-sqlite,3,cuda-runtime nvidia-driver-535 sqlite,ACCEPT,0,0,0,0,0,0,0,0,0,0,0,0
cuda-runtime-nvidia-driver-535-tcpdump,3,cuda-runtime nvidia-driver-535 tcpdump,ACCEPT,0,0,0,0,0,0,0,0,0,0,0,0
cuda-runtime-nvidia-driver-535-tmux,3,cuda-runtime nvidia-driver-535 tmux,ACCEPT,0,0,0,0,0,0,0,0,0,0,0,0
cuda-runtime-nvidia-driver-535-vim,3,cuda-runtime nvidia-driver-535 vim,ACCEPT,0,0,0,0,0,0,0,0,0,0,0,0
cuda-runtime-nvidia-driver-535-webserver,3,cuda-runtime nvidia-driver-535 webserver,ACCEPT,0,0,0,0,0,0,0,0,0,0,0,0
cuda-runtime-nvidia-driver-535-wget,3,cuda-runtime nvidia-driver-535 wget,ACCEPT,0,0,0,0,0,0,0,0,0,0,0,0
cuda-runtime-nvidia-driver-535-zstd,3,cuda-runtime nvidia-driver-535 zstd,ACCEPT,0,0,0,0,0,0,0,0,0,0,0,0
cuda-runtime-original-awk,2,cuda-runtime original-awk,REJECT,1,1,0,0,0,0,0,0,0,1,0,0
cuda-runtime-original-awk-pgclient,3,cuda-runtime original-awk pgclient,REJECT,1,1,0,0,0,0,0,0,0,1,0,0
cuda-runtime-original-awk-pipdemo,3,cuda-runtime original-awk pipdemo,REJECT,1,1,0,0,0,0,0,0,0,1,0,0
cuda-runtime-original-awk-postgres,3,cuda-runtime original-awk postgres,REJECT,1,1,0,0,0,0,0,0,0,1,0,0
cuda-runtime-original-awk-pytools,3,cuda-runtime original-awk pytools,REJECT,1,1,0,0,0,0,0,0,0,1,0,0
cuda-runtime-original-awk-pyyaml,3,cuda-runtime original-awk pyyaml,REJECT,1,1,0,0,0,0,0,0,0,1,0,0
cuda-runtime-original-awk-redis,3,cuda-runtime original-awk redis,REJECT,1,1,0,0,0,0,0,0,0,1,0,0
cuda-runtime-original-awk-rsync,3,cuda-runtime original-awk rsync,REJECT,1,1,0,0,0,0,0,0,0,1,0,0
cuda-runtime-original-awk-rust,3,cuda-runtime original-awk rust,REJECT,1,1,0,0,0,0,0,0,0,1,0,0
cuda-runtime-original-awk-socat,3,cuda-runtime original-awk socat,REJECT,1,1,0,0,0,0,0,0,0,1,0,0
cuda-runtime-original-awk-sqlite,3,cuda-runtime original-awk sqlite,REJECT,1,1,0,0,0,0,0,0,0,1,0,0
cuda-runtime-original-awk-tcpdump,3,cuda-runtime original-awk tcpdump,REJECT,1,1,0,0,0,0,0,0,0,1,0,0
cuda-runtime-original-awk-tmux,3,cuda-runtime original-awk tmux,REJECT,1,1,0,0,0,0,0,0,0,1,0,0
cuda-runtime-original-awk-vim,3,cuda-runtime original-awk vim,REJECT,1,1,0,0,0,0,0,0,0,1,0,0
cuda-runtime-original-awk-webserver,3,cuda-runtime original-awk webserver,REJECT,1,1,0,0,0,0,0,0,0,1,0,0
cuda-runtime-original-awk-wget,3,cuda-runtime original-awk wget,REJECT,1,1,0,0,0,0,0,0,0,1,0,0
cuda-runtime-original-awk-zstd,3,cuda-runtime original-awk zstd,REJECT,1,1,0,0,0,0,0,0,0,1,0,0
cuda-runtime-pgclient,2,cuda-runtime pgclient,REJECT,1,1,0,0,0,0,0,0,0,1,0,0
cuda-runtime-pgclient-pipdemo,3,cuda-runtime pgclient pipdemo,REJECT,1,1,0,2,0,0,0,0,0,1,0,0
cuda-runtime-pgclient-postgres,3,cuda-runtime pgclient postgres,REJECT,1,1,0,14,0,0,0,0,0,1,0,0
cuda-runtime-pgclient-pytools,3,cuda-runtime pgclient pytools,REJECT,1,1,0,2,0,0,0,0,0,1,0,0
cuda-runtime-pgclient-pyyaml,3,cuda-runtime pgclient pyyaml,REJECT,1,1,0,2,0,0,0,0,0,1,0,0
cuda-runtime-pgclient-redis,3,cuda-runtime pgclient redis,REJECT,1,1,0,0,0,0,0,0,0,1,0,0
cuda-runtime-pgclient-rsync,3,cuda-runtime pgclient rsync,REJECT,1,1,0,0,0,0,0,0,0,1,0,0
cuda-runtime-pgclient-rust,3,cuda-runtime pgclient rust,REJECT,1,1,0,3,0,0,0,0,0,1,0,0
cuda-runtime-pgclient-socat,3,cuda-runtime pgclient socat,REJECT,1,1,0,0,0,0,0,0,0,1,0,0
cuda-runtime-pgclient-sqlite,3,cuda-runtime pgclient sqlite,REJECT,1,1,0,2,0,0,0,0,0,1,0,0
cuda-runtime-pgclient-tcpdump,3,cuda-runtime pgclient tcpdump,REJECT,1,1,0,0,0,0,0,0,0,1,0,0
cuda-runtime-pgclient-tmux,3,cuda-runtime pgclient tmux,REJECT,1,1,0,0,0,0,0,0,0,1,0,0
cuda-runtime-pgclient-vim,3,cuda-runtime pgclient vim,REJECT,1,1,0,2,0,0,0,0,0,1,0,0
cuda-runtime-pgclient-webserver,3,cuda-runtime pgclient webserver,REJECT,1,1,0,0,0,0,0,0,0,1,0,0
cuda-runtime-pgclient-wget,3,cuda-runtime pgclient wget,REJECT,1,1,0,0,0,0,0,0,0,1,0,0
cuda-runtime-pgclient-zstd,3,cuda-runtime pgclient zstd,REJECT,1,1,0,0,0,0,0,0,0,1,0,0
cuda-runtime-pipdemo,2,cuda-runtime pipdemo,REJECT,1,1,0,0,0,0,0,0,0,1,0,0
cuda-runtime-pipdemo-postgres,3,cuda-runtime pipdemo postgres,REJECT,1,1,0,2,0,0,0,0,0,1,0,0
cuda-runtime-pipdemo-pytools,3,cuda-runtime pipdemo pytools,REJECT,1,1,0,19,0,0,0,0,0,1,0,0
cuda-runtime-pipdemo-pyyaml,3,cuda-runtime pipdemo pyyaml,REJECT,1,1,0,13,0,0,0,0,0,1,0,0
cuda-runtime-pipdemo-redis,3,cuda-runtime pipdemo redis,REJECT,1,1,0,0,0,0,0,0,0,1,0,0
cuda-runtime-pipdemo-rsync,3,cuda-runtime pipdemo rsync,REJECT,1,1,0,0,0,0,0,0,0,1,0,0
cuda-runtime-pipdemo-rust,3,cuda-runtime pipdemo rust,REJECT,1,1,0,0,0,0,0,0,0,1,0,0
cuda-runtime-pipdemo-socat,3,cuda-runtime pipdemo socat,REJECT,1,1,0,0,0,0,0,0,0,1,0,0
cuda-runtime-pipdemo-sqlite,3,cuda-runtime pipdemo sqlite,REJECT,1,1,0,3,0,0,0,0,0,1,0,0
cuda-runtime-pipdemo-tcpdump,3,cuda-runtime pipdemo tcpdump,REJECT,1,1,0,0,0,0,0,0,0,1,0,0
cuda-runtime-pipdemo-tmux,3,cuda-runtime pipdemo tmux,REJECT,1,1,0,0,0,0,0,0,0,1,0,0
cuda-runtime-pipdemo-vim,3,cuda-runtime pipdemo vim,REJECT,1,1,0,8,0,0,0,0,0,1,0,0
cuda-runtime-pipdemo-webserver,3,cuda-runtime pipdemo webserver,REJECT,1,1,0,1,0,0,0,0,0,1,0,0
cuda-runtime-pipdemo-wget,3,cuda-runtime pipdemo wget,REJECT,1,1,0,0,0,0,0,0,0,1,0,0
cuda-runtime-pipdemo-zstd,3,cuda-runtime pipdemo zstd,REJECT,1,1,0,0,0,0,0,0,0,1,0,0
cuda-runtime-postgres,2,cuda-runtime postgres,REJECT,1,1,0,0,0,0,0,0,0,1,0,0
cuda-runtime-postgres-pytools,3,cuda-runtime postgres pytools,REJECT,1,1,0,2,0,0,0,0,0,1,0,0
cuda-runtime-postgres-pyyaml,3,cuda-runtime postgres pyyaml,REJECT,1,1,0,2,0,0,0,0,0,1,0,0
cuda-runtime-postgres-redis,3,cuda-runtime postgres redis,REJECT,1,1,0,0,0,0,0,0,0,1,0,0
cuda-runtime-postgres-rsync,3,cuda-runtime postgres rsync,REJECT,1,1,0,0,0,0,0,0,0,1,0,0
cuda-runtime-postgres-rust,3,cuda-runtime postgres rust,REJECT,1,1,0,3,0,0,0,0,0,1,0,0
cuda-runtime-postgres-socat,3,cuda-runtime postgres socat,REJECT,1,1,0,0,0,0,0,0,0,1,0,0
cuda-runtime-postgres-sqlite,3,cuda-runtime postgres sqlite,REJECT,1,1,0,2,0,0,0,0,0,1,0,0
cuda-runtime-postgres-tcpdump,3,cuda-runtime postgres tcpdump,REJECT,1,1,0,0,0,0,0,0,0,1,0,0
cuda-runtime-postgres-tmux,3,cuda-runtime postgres tmux,REJECT,1,1,0,0,0,0,0,0,0,1,0,0
cuda-runtime-postgres-vim,3,cuda-runtime postgres vim,REJECT,1,1,0,2,0,0,0,0,0,1,0,0
cuda-runtime-postgres-webserver,3,cuda-runtime postgres webserver,REJECT,1,1,0,6,0,0,0,0,0,1,0,0
cuda-runtime-postgres-wget,3,cuda-runtime postgres wget,REJECT,1,1,0,0,0,0,0,0,0,1,0,0
cuda-runtime-postgres-zstd,3,cuda-runtime postgres zstd,REJECT,1,1,0,0,0,0,0,0,0,1,0,0
cuda-runtime-pytools,2,cuda-runtime pytools,REJECT,1,1,0,0,0,0,0,0,0,1,0,0
cuda-runtime-pytools-pyyaml,3,cuda-runtime pytools pyyaml,REJECT,1,1,0,13,0,0,0,0,0,1,0,0
cuda-runtime-pytools-redis,3,cuda-runtime pytools redis,REJECT,1,1,0,0,0,0,0,0,0,1,0,0
cuda-runtime-pytools-rsync,3,cuda-runtime pytools rsync,REJECT,1,1,0,0,0,0,0,0,0,1,0,0
cuda-runtime-pytools-rust,3,cuda-runtime pytools rust,REJECT,1,1,0,1,0,0,0,0,0,1,0,0
cuda-runtime-pytools-socat,3,cuda-runtime pytools socat,REJECT,1,1,0,0,0,0,0,0,0,1,0,0
cuda-runtime-pytools-sqlite,3,cuda-runtime pytools sqlite,REJECT,1,1,0,3,0,0,0,0,0,1,0,0
cuda-runtime-pytools-tcpdump,3,cuda-runtime pytools tcpdump,REJECT,1,1,0,0,0,0,0,0,0,1,0,0
cuda-runtime-pytools-tmux,3,cuda-runtime pytools tmux,REJECT,1,1,0,0,0,0,0,0,0,1,0,0
cuda-runtime-pytools-vim,3,cuda-runtime pytools vim,REJECT,1,1,0,8,0,0,0,0,0,1,0,0
cuda-runtime-pytools-webserver,3,cuda-runtime pytools webserver,REJECT,1,1,0,1,0,0,0,0,0,1,0,0
cuda-runtime-pytools-wget,3,cuda-runtime pytools wget,REJECT,1,1,0,0,0,0,0,0,0,1,0,0
cuda-runtime-pytools-zstd,3,cuda-runtime pytools zstd,REJECT,1,1,0,0,0,0,0,0,0,1,0,0
cuda-runtime-pyyaml,2,cuda-runtime pyyaml,REJECT,1,1,0,0,0,0,0,0,0,1,0,0
cuda-runtime-pyyaml-redis,3,cuda-runtime pyyaml redis,REJECT,1,1,0,0,0,0,0,0,0,1,0,0
cuda-runtime-pyyaml-rsync,3,cuda-runtime pyyaml rsync,REJECT,1,1,0,0,0,0,0,0,0,1,0,0
cuda-runtime-pyyaml-rust,3,cuda-runtime pyyaml rust,REJECT,1,1,0,0,0,0,0,0,0,1,0,0
cuda-runtime-pyyaml-socat,3,cuda-runtime pyyaml socat,REJECT,1,1,0,0,0,0,0,0,0,1,0,0
cuda-runtime-pyyaml-sqlite,3,cuda-runtime pyyaml sqlite,REJECT,1,1,0,3,0,0,0,0,0,1,0,0
cuda-runtime-pyyaml-tcpdump,3,cuda-runtime pyyaml tcpdump,REJECT,1,1,0,0,0,0,0,0,0,1,0,0
cuda-runtime-pyyaml-tmux,3,cuda-runtime pyyaml tmux,REJECT,1,1,0,0,0,0,0,0,0,1,0,0
cuda-runtime-pyyaml-vim,3,cuda-runtime pyyaml vim,REJECT,1,1,0,8,0,0,0,0,0,1,0,0
cuda-runtime-pyyaml-webserver,3,cuda-runtime pyyaml webserver,REJECT,1,1,0,1,0,0,0,0,0,1,0,0
cuda-runtime-pyyaml-wget,3,cuda-runtime pyyaml wget,REJECT,1,1,0,0,0,0,0,0,0,1,0,0
cuda-runtime-pyyaml-zstd,3,cuda-runtime pyyaml zstd,REJECT,1,1,0,0,0,0,0,0,0,1,0,0
cuda-runtime-redis,2,cuda-runtime redis,REJECT,1,1,0,0,0,0,0,0,0,1,0,0
cuda-runtime-redis-rsync,3,cuda-runtime redis rsync,REJECT,1,1,0,0,0,0,0,0,0,1,0,0
cuda-runtime-redis-rust,3,cuda-runtime redis rust,REJECT,1,1,0,1,0,0,0,0,0,1,0,0
cuda-runtime-redis-socat,3,cuda-runtime redis socat,REJECT,1,1,0,0,0,0,0,0,0,1,0,0
cuda-runtime-redis-sqlite,3,cuda-runtime redis sqlite,REJECT,1,1,0,0,0,0,0,0,0,1,0,0
cuda-runtime-redis-tcpdump,3,cuda-runtime redis tcpdump,REJECT,1,1,0,0,0,0,0,0,0,1,0,0
cuda-runtime-redis-tmux,3,cuda-runtime redis tmux,REJECT,1,1,0,0,0,0,0,0,0,1,0,0
cuda-runtime-redis-vim,3,cuda-runtime redis vim,REJECT,1,1,0,0,0,0,0,0,0,1,0,0
cuda-runtime-redis-webserver,3,cuda-runtime redis webserver,REJECT,1,1,0,0,0,0,0,0,0,1,0,0
cuda-runtime-redis-wget,3,cuda-runtime redis wget,REJECT,1,1,0,0,0,0,0,0,0,1,0,0
cuda-runtime-redis-zstd,3,cuda-runtime redis zstd,REJECT,1,1,0,0,0,0,0,0,0,1,0,0
cuda-runtime-rsync,2,cuda-runtime rsync,REJECT,1,1,0,0,0,0,0,0,0,1,0,0
cuda-runtime-rsync-rust,3,cuda-runtime rsync rust,REJECT,1,1,0,0,0,0,0,0,0,1,0,0
cuda-runtime-rsync-socat,3,cuda-runtime rsync socat,REJECT,1,1,0,0,0,0,0,0,0,1,0,0
cuda-runtime-rsync-sqlite,3,cuda-runtime rsync sqlite,REJECT,1,1,0,0,0,0,0,0,0,1,0,0
cuda-runtime-rsync-tcpdump,3,cuda-runtime rsync tcpdump,REJECT,1,1,0,0,0,0,0,0,0,1,0,0
cuda-runtime-rsync-tmux,3,cuda-runtime rsync tmux,REJECT,1,1,0,0,0,0,0,0,0,1,0,0
cuda-runtime-rsync-vim,3,cuda-runtime rsync vim,REJECT,1,1,0,0,0,0,0,0,0,1,0,0
cuda-runtime-rsync-webserver,3,cuda-runtime rsync webserver,REJECT,1,1,0,0,0,0,0,0,0,1,0,0
cuda-runtime-rsync-wget,3,cuda-runtime rsync wget,REJECT,1,1,0,0,0,0,0,0,0,1,0,0
cuda-runtime-rsync-zstd,3,cuda-runtime rsync zstd,REJECT,1,1,0,0,0,0,0,0,0,1,0,0
cuda-runtime-rust,2,cuda-runtime rust,REJECT,1,1,0,0,0,0,0,0,0,1,0,0
cuda-runtime-rust-socat,3,cuda-runtime rust socat,REJECT,1,1,0,0,0,0,0,0,0,1,0,0
cuda-runtime-rust-sqlite,3,cuda-runtime rust sqlite,REJECT,1,1,0,0,0,0,0,0,0,1,0,0
cuda-runtime-rust-tcpdump,3,cuda-runtime rust tcpdump,REJECT,1,1,0,0,0,0,0,0,0,1,0,0
cuda-runtime-rust-tmux,3,cuda-runtime rust tmux,REJECT,1,1,0,0,0,0,0,0,0,1,0,0
cuda-runtime-rust-vim,3,cuda-runtime rust vim,REJECT,1,1,0,0,0,0,0,0,0,1,0,0
cuda-runtime-rust-webserver,3,cuda-runtime rust webserver,REJECT,1,1,0,1,0,0,0,0,0,1,0,0
cuda-runtime-rust-wget,3,cuda-runtime rust wget,REJECT,1,1,0,1,0,0,0,0,0,1,0,0
cuda-runtime-rust-zstd,3,cuda-runtime rust zstd,REJECT,1,1,0,0,0,0,0,0,0,1,0,0
cuda-runtime-socat,2,cuda-runtime socat,REJECT,1,1,0,0,0,0,0,0,0,1,0,0
cuda-runtime-socat-sqlite,3,cuda-runtime socat sqlite,REJECT,1,1,0,0,0,0,0,0,0,1,0,0
cuda-runtime-socat-tcpdump,3,cuda-runtime socat tcpdump,REJECT,1,1,0,0,0,0,0,0,0,1,0,0
cuda-runtime-socat-tmux,3,cuda-runtime socat tmux,REJECT,1,1,0,0,0,0,0,0,0,1,0,0
cuda-runtime-socat-vim,3,cuda-runtime socat vim,REJECT,1,1,0,0,0,0,0,0,0,1,0,0
cuda-runtime-socat-webserver,3,cuda-runtime socat webserver,REJECT,1,1,0,0,0,0,0,0,0,1,0,0
cuda-runtime-socat-wget,3,cuda-runtime socat wget,REJECT,1,1,0,0,0,0,0,0,0,1,0,0
cuda-runtime-socat-zstd,3,cuda-runtime socat zstd,REJECT,1,1,0,0,0,0,0,0,0,1,0,0
cuda-runtime-sqlite,2,cuda-runtime sqlite,REJECT,1,1,0,0,0,0,0,0,0,1,0,0
cuda-runtime-sqlite-tcpdump,3,cuda-runtime sqlite tcpdump,REJECT,1,1,0,0,0,0,0,0,0,1,0,0
cuda-runtime-sqlite-tmux,3,cuda-runtime sqlite tmux,REJECT,1,1,0,0,0,0,0,0,0,1,0,0
cuda-runtime-sqlite-vim,3,cuda-runtime sqlite vim,REJECT,1,1,0,3,0,0,0,0,0,1,0,0
cuda-runtime-sqlite-webserver,3,cuda-runtime sqlite webserver,REJECT,1,1,0,0,0,0,0,0,0,1,0,0
cuda-runtime-sqlite-wget,3,cuda-runtime sqlite wget,REJECT,1,1,0,0,0,0,0,0,0,1,0,0
cuda-runtime-sqlite-zstd,3,cuda-runtime sqlite zstd,REJECT,1,1,0,0,0,0,0,0,0,1,0,0
cuda-runtime-tcpdump,2,cuda-runtime tcpdump,REJECT,1,1,0,0,0,0,0,0,0,1,0,0
cuda-runtime-tcpdump-tmux,3,cuda-runtime tcpdump tmux,REJECT,1,1,0,0,0,0,0,0,0,1,0,0
cuda-runtime-tcpdump-vim,3,cuda-runtime tcpdump vim,REJECT,1,1,0,0,0,0,0,0,0,1,0,0
cuda-runtime-tcpdump-webserver,3,cuda-runtime tcpdump webserver,REJECT,1,1,0,0,0,0,0,0,0,1,0,0
cuda-runtime-tcpdump-wget,3,cuda-runtime tcpdump wget,REJECT,1,1,0,0,0,0,0,0,0,1,0,0
cuda-runtime-tcpdump-zstd,3,cuda-runtime tcpdump zstd,REJECT,1,1,0,0,0,0,0,0,0,1,0,0
cuda-runtime-tmux,2,cuda-runtime tmux,REJECT,1,1,0,0,0,0,0,0,0,1,0,0
cuda-runtime-tmux-vim,3,cuda-runtime tmux vim,REJECT,1,1,0,0,0,0,0,0,0,1,0,0
cuda-runtime-tmux-webserver,3,cuda-runtime tmux webserver,REJECT,1,1,0,0,0,0,0,0,0,1,0,0
cuda-runtime-tmux-wget,3,cuda-runtime tmux wget,REJECT,1,1,0,0,0,0,0,0,0,1,0,0
cuda-runtime-tmux-zstd,3,cuda-runtime tmux zstd,REJECT,1,1,0,0,0,0,0,0,0,1,0,0
cuda-runtime-vim,2,cuda-runtime vim,REJECT,1,1,0,0,0,0,0,0,0,1,0,0
cuda-runtime-vim-webserver,3,cuda-runtime vim webserver,REJECT,1,1,0,1,0,0,0,0,0,1,0,0
cuda-runtime-vim-wget,3,cuda-runtime vim wget,REJECT,1,1,0,0,0,0,0,0,0,1,0,0
cuda-runtime-vim-zstd,3,cuda-runtime vim zstd,REJECT,1,1,0,0,0,0,0,0,0,1,0,0
cuda-runtime-webserver,2,cuda-runtime webserver,REJECT,1,1,0,0,0,0,0,0,0,1,0,0
cuda-runtime-webserver-wget,3,cuda-runtime webserver wget,REJECT,1,1,0,0,0,0,0,0,0,1,0,0
cuda-runtime-webserver-zstd,3,cuda-runtime webserver zstd,REJECT,1,1,0,0,0,0,0,0,0,1,0,0
cuda-runtime-wget,2,cuda-runtime wget,REJECT,1,1,0,0,0,0,0,0,0,1,0,0
cuda-runtime-wget-zstd,3,cuda-runtime wget zstd,REJECT,1,1,0,0,0,0,0,0,0,1,0,0
cuda-runtime-zstd,2,cuda-runtime zstd,REJECT,1,1,0,0,0,0,0,0,0,1,0,0
curl-dnsutils,2,curl dnsutils,ACCEPT,0,0,0,1,0,0,0,0,0,0,0,0
curl-dnsutils-docker,3,curl dnsutils docker,ACCEPT,0,0,0,1,0,0,0,0,0,0,0,0
curl-dnsutils-emacs,3,curl dnsutils emacs,ACCEPT,0,0,0,3,0,0,0,0,0,0,0,0
curl-dnsutils-fake-cuda,3,curl dnsutils fake-cuda,REJECT,1,1,0,1,0,0,0,0,0,1,0,0
curl-dnsutils-fake-nvidia-driver,3,curl dnsutils fake-nvidia-driver,ACCEPT,0,0,0,1,0,0,0,0,0,0,0,0
curl-dnsutils-gawk,3,curl dnsutils gawk,ACCEPT,0,0,0,1,0,0,0,0,0,0,0,0
curl-dnsutils-gcc,3,curl dnsutils gcc,ACCEPT,0,0,0,1,0,0,0,0,0,0,0,0
curl-dnsutils-git,3,curl dnsutils git,ACCEPT,0,0,0,10,0,0,0,0,0,0,0,0
curl-dnsutils-htop,3,curl dnsutils htop,ACCEPT,0,0,0,1,0,0,0,0,0,0,0,0
curl-dnsutils-java,3,curl dnsutils java,ACCEPT,0,0,0,2,0,0,0,0,0,0,0,0
curl-dnsutils-jq,3,curl dnsutils jq,ACCEPT,0,0,0,1,0,0,0,0,0,0,0,0
curl-dnsutils-llvm,3,curl dnsutils llvm,ACCEPT,0,0,0,6,0,0,0,0,0,0,0,0
curl-dnsutils-memcached,3,curl dnsutils memcached,ACCEPT,0,0,0,3,0,0,0,0,0,0,0,0
curl-dnsutils-mta-msmtp,3,curl dnsutils mta-msmtp,ACCEPT,0,0,0,1,0,0,0,0,0,0,0,0
curl-dnsutils-mta-nullmailer,3,curl dnsutils mta-nullmailer,ACCEPT,0,0,0,1,0,0,0,0,0,0,0,0
curl-dnsutils-mysql,3,curl dnsutils mysql,ACCEPT,0,0,0,4,0,0,0,0,0,0,0,0
curl-dnsutils-nc-openbsd,3,curl dnsutils nc-openbsd,ACCEPT,0,0,0,3,0,0,0,0,0,0,0,0
curl-dnsutils-nc-traditional,3,curl dnsutils nc-traditional,ACCEPT,0,0,0,1,0,0,0,0,0,0,0,0
curl-dnsutils-nvidia-driver-535,3,curl dnsutils nvidia-driver-535,ACCEPT,0,0,0,1,0,0,0,0,0,0,0,0
curl-dnsutils-original-awk,3,curl dnsutils original-awk,ACCEPT,0,0,0,1,0,0,0,0,0,0,0,0
curl-dnsutils-pgclient,3,curl dnsutils pgclient,ACCEPT,0,0,0,4,0,0,0,0,0,0,0,0
curl-dnsutils-pipdemo,3,curl dnsutils pipdemo,ACCEPT,0,0,0,1,0,0,0,0,0,0,0,0
curl-dnsutils-postgres,3,curl dnsutils postgres,ACCEPT,0,0,0,9,0,0,0,0,0,0,0,0
curl-dnsutils-pytools,3,curl dnsutils pytools,ACCEPT,0,0,0,1,0,0,0,0,0,0,0,0
curl-dnsutils-pyyaml,3,curl dnsutils pyyaml,ACCEPT,0,0,0,1,0,0,0,0,0,0,0,0
curl-dnsutils-redis,3,curl dnsutils redis,ACCEPT,0,0,0,1,0,0,0,0,0,0,0,0
curl-dnsutils-rsync,3,curl dnsutils rsync,ACCEPT,0,0,0,1,0,0,0,0,0,0,0,0
curl-dnsutils-rust,3,curl dnsutils rust,ACCEPT,0,0,0,10,0,0,0,0,0,0,0,0
curl-dnsutils-socat,3,curl dnsutils socat,ACCEPT,0,0,0,1,0,0,0,0,0,0,0,0
curl-dnsutils-sqlite,3,curl dnsutils sqlite,ACCEPT,0,0,0,1,0,0,0,0,0,0,0,0
curl-dnsutils-tcpdump,3,curl dnsutils tcpdump,ACCEPT,0,0,0,1,0,0,0,0,0,0,0,0
curl-dnsutils-tmux,3,curl dnsutils tmux,ACCEPT,0,0,0,1,0,0,0,0,0,0,0,0
curl-dnsutils-vim,3,curl dnsutils vim,ACCEPT,0,0,0,1,0,0,0,0,0,0,0,0
curl-dnsutils-webserver,3,curl dnsutils webserver,ACCEPT,0,0,0,7,0,0,0,0,0,0,0,0
curl-dnsutils-wget,3,curl dnsutils wget,ACCEPT,0,0,0,2,0,0,0,0,0,0,0,0
curl-dnsutils-zstd,3,curl dnsutils zstd,ACCEPT,0,0,0,1,0,0,0,0,0,0,0,0
curl-docker,2,curl docker,ACCEPT,0,0,0,0,0,0,0,0,0,0,0,0
curl-docker-emacs,3,curl docker emacs,ACCEPT,0,0,0,1,0,0,0,0,0,0,0,0
curl-docker-fake-cuda,3,curl docker fake-cuda,REJECT,1,1,0,0,0,0,0,0,0,1,0,0
curl-docker-fake-nvidia-driver,3,curl docker fake-nvidia-driver,ACCEPT,0,0,0,0,0,0,0,0,0,0,0,0
curl-docker-gawk,3,curl docker gawk,ACCEPT,0,0,0,0,0,0,0,0,0,0,0,0
curl-docker-gcc,3,curl docker gcc,ACCEPT,0,0,0,0,0,0,0,0,0,0,0,0
curl-docker-git,3,curl docker git,ACCEPT,0,0,0,8,0,0,0,0,0,0,0,0
curl-docker-htop,3,curl docker htop,ACCEPT,0,0,0,0,0,0,0,0,0,0,0,0
curl-docker-java,3,curl docker java,ACCEPT,0,0,0,1,0,0,0,0,0,0,0,0
curl-docker-jq,3,curl docker jq,ACCEPT,0,0,0,0,0,0,0,0,0,0,0,0
curl-docker-llvm,3,curl docker llvm,ACCEPT,0,0,0,0,0,0,0,0,0,0,0,0
curl-docker-memcached,3,curl docker memcached,ACCEPT,0,0,0,2,0,0,0,0,0,0,0,0
curl-docker-mta-msmtp,3,curl docker mta-msmtp,ACCEPT,0,0,0,0,0,0,0,0,0,0,0,0
curl-docker-mta-nullmailer,3,curl docker mta-nullmailer,ACCEPT,0,0,0,0,0,0,0,0,0,0,0,0
curl-docker-mysql,3,curl docker mysql,ACCEPT,0,0,0,2,0,0,0,0,0,0,0,0
curl-docker-nc-openbsd,3,curl docker nc-openbsd,ACCEPT,0,0,0,0,0,0,0,0,0,0,0,0
curl-docker-nc-traditional,3,curl docker nc-traditional,ACCEPT,0,0,0,0,0,0,0,0,0,0,0,0
curl-docker-nvidia-driver-535,3,curl docker nvidia-driver-535,ACCEPT,0,0,0,0,0,0,0,0,0,0,0,0
curl-docker-original-awk,3,curl docker original-awk,ACCEPT,0,0,0,0,0,0,0,0,0,0,0,0
curl-docker-pgclient,3,curl docker pgclient,ACCEPT,0,0,0,4,0,0,0,0,0,0,0,0
curl-docker-pipdemo,3,curl docker pipdemo,ACCEPT,0,0,0,0,0,0,0,0,0,0,0,0
curl-docker-postgres,3,curl docker postgres,ACCEPT,0,0,0,4,0,0,0,0,0,0,0,0
curl-docker-pytools,3,curl docker pytools,ACCEPT,0,0,0,0,0,0,0,0,0,0,0,0
curl-docker-pyyaml,3,curl docker pyyaml,ACCEPT,0,0,0,0,0,0,0,0,0,0,0,0
curl-docker-redis,3,curl docker redis,ACCEPT,0,0,0,0,0,0,0,0,0,0,0,0
curl-docker-rsync,3,curl docker rsync,ACCEPT,0,0,0,0,0,0,0,0,0,0,0,0
curl-docker-rust,3,curl docker rust,ACCEPT,0,0,0,8,0,0,0,0,0,0,0,0
curl-docker-socat,3,curl docker socat,ACCEPT,0,0,0,0,0,0,0,0,0,0,0,0
curl-docker-sqlite,3,curl docker sqlite,ACCEPT,0,0,0,0,0,0,0,0,0,0,0,0
curl-docker-tcpdump,3,curl docker tcpdump,ACCEPT,0,0,0,0,0,0,0,0,0,0,0,0
curl-docker-tmux,3,curl docker tmux,ACCEPT,0,0,0,0,0,0,0,0,0,0,0,0
curl-docker-vim,3,curl docker vim,ACCEPT,0,0,0,0,0,0,0,0,0,0,0,0
curl-docker-webserver,3,curl docker webserver,ACCEPT,0,0,0,3,0,0,0,0,0,0,0,0
curl-docker-wget,3,curl docker wget,ACCEPT,0,0,0,1,0,0,0,0,0,0,0,0
curl-docker-zstd,3,curl docker zstd,ACCEPT,0,0,0,0,0,0,0,0,0,0,0,0
curl-emacs,2,curl emacs,ACCEPT,0,0,0,0,0,0,0,0,0,0,0,0
curl-emacs-fake-cuda,3,curl emacs fake-cuda,REJECT,1,1,0,0,0,0,0,0,0,1,0,0
curl-emacs-fake-nvidia-driver,3,curl emacs fake-nvidia-driver,ACCEPT,0,0,0,0,0,0,0,0,0,0,0,0
curl-emacs-gawk,3,curl emacs gawk,ACCEPT,0,0,0,0,0,0,0,0,0,0,0,0
curl-emacs-gcc,3,curl emacs gcc,ACCEPT,0,0,0,0,0,0,0,0,0,0,0,0
curl-emacs-git,3,curl emacs git,ACCEPT,0,0,0,8,0,0,0,0,0,0,0,0
curl-emacs-htop,3,curl emacs htop,ACCEPT,0,0,0,0,0,0,0,0,0,0,0,0
curl-emacs-java,3,curl emacs java,ACCEPT,0,0,0,5,0,0,0,0,0,0,0,0
curl-emacs-jq,3,curl emacs jq,ACCEPT,0,0,0,0,0,0,0,0,0,0,0,0
curl-emacs-llvm,3,curl emacs llvm,ACCEPT,0,0,0,2,0,0,0,0,0,0,0,0
curl-emacs-memcached,3,curl emacs memcached,ACCEPT,0,0,0,2,0,0,0,0,0,0,0,0
curl-emacs-mta-msmtp,3,curl emacs mta-msmtp,ACCEPT,0,0,0,0,0,0,0,0,0,0,0,0
curl-emacs-mta-nullmailer,3,curl emacs mta-nullmailer,ACCEPT,0,0,0,0,0,0,0,0,0,0,0,0
curl-emacs-mysql,3,curl emacs mysql,ACCEPT,0,0,0,0,0,0,0,0,0,0,0,0
curl-emacs-nc-openbsd,3,curl emacs nc-openbsd,ACCEPT,0,0,0,0,0,0,0,0,0,0,0,0
curl-emacs-nc-traditional,3,curl emacs nc-traditional,ACCEPT,0,0,0,0,0,0,0,0,0,0,0,0
curl-emacs-nvidia-driver-535,3,curl emacs nvidia-driver-535,ACCEPT,0,0,0,0,0,0,0,0,0,0,0,0
curl-emacs-original-awk,3,curl emacs original-awk,ACCEPT,0,0,0,0,0,0,0,0,0,0,0,0
curl-emacs-pgclient,3,curl emacs pgclient,ACCEPT,0,0,0,3,0,0,0,0,0,0,0,0
curl-emacs-pipdemo,3,curl emacs pipdemo,ACCEPT,0,0,0,0,0,0,0,0,0,0,0,0
curl-emacs-postgres,3,curl emacs postgres,ACCEPT,0,0,0,5,0,0,0,0,0,0,0,0
curl-emacs-pytools,3,curl emacs pytools,ACCEPT,0,0,0,0,0,0,0,0,0,0,0,0
curl-emacs-pyyaml,3,curl emacs pyyaml,ACCEPT,0,0,0,0,0,0,0,0,0,0,0,0
curl-emacs-redis,3,curl emacs redis,ACCEPT,0,0,0,0,0,0,0,0,0,0,0,0
curl-emacs-rsync,3,curl emacs rsync,ACCEPT,0,0,0,0,0,0,0,0,0,0,0,0
curl-emacs-rust,3,curl emacs rust,ACCEPT,0,0,0,8,0,0,0,0,0,0,0,0
curl-emacs-socat,3,curl emacs socat,ACCEPT,0,0,0,0,0,0,0,0,0,0,0,0
curl-emacs-sqlite,3,curl emacs sqlite,ACCEPT,0,0,0,0,0,0,0,0,0,0,0,0
curl-emacs-tcpdump,3,curl emacs tcpdump,ACCEPT,0,0,0,1,0,0,0,0,0,0,0,0
curl-emacs-tmux,3,curl emacs tmux,ACCEPT,0,0,0,0,0,0,0,0,0,0,0,0
curl-emacs-vim,3,curl emacs vim,ACCEPT,0,0,0,1,0,0,0,0,0,0,0,0
curl-emacs-webserver,3,curl emacs webserver,ACCEPT,0,0,0,3,0,0,0,0,0,0,0,0
curl-emacs-wget,3,curl emacs wget,ACCEPT,0,0,0,1,0,0,0,0,0,0,0,0
curl-emacs-zstd,3,curl emacs zstd,ACCEPT,0,0,0,0,0,0,0,0,0,0,0,0
curl-fake-cuda,2,curl fake-cuda,REJECT,1,1,0,0,0,0,0,0,0,1,0,0
curl-fake-cuda-fake-nvidia-driver,3,curl fake-cuda fake-nvidia-driver,ACCEPT,0,0,0,0,0,0,0,0,0,0,0,0
curl-fake-cuda-gawk,3,curl fake-cuda gawk,REJECT,1,1,0,0,0,0,0,0,0,1,0,0
curl-fake-cuda-gcc,3,curl fake-cuda gcc,REJECT,1,1,0,0,0,0,0,0,0,1,0,0
curl-fake-cuda-git,3,curl fake-cuda git,REJECT,1,1,0,8,0,0,0,0,0,1,0,0
curl-fake-cuda-htop,3,curl fake-cuda htop,REJECT,1,1,0,0,0,0,0,0,0,1,0,0
curl-fake-cuda-java,3,curl fake-cuda java,REJECT,1,1,0,1,0,0,0,0,0,1,0,0
curl-fake-cuda-jq,3,curl fake-cuda jq,REJECT,1,1,0,0,0,0,0,0,0,1,0,0
curl-fake-cuda-llvm,3,curl fake-cuda llvm,REJECT,1,1,0,0,0,0,0,0,0,1,0,0
curl-fake-cuda-memcached,3,curl fake-cuda memcached,REJECT,1,1,0,2,0,0,0,0,0,1,0,0
curl-fake-cuda-mta-msmtp,3,curl fake-cuda mta-msmtp,REJECT,1,1,0,0,0,0,0,0,0,1,0,0
curl-fake-cuda-mta-nullmailer,3,curl fake-cuda mta-nullmailer,REJECT,1,1,0,0,0,0,0,0,0,1,0,0
curl-fake-cuda-mysql,3,curl fake-cuda mysql,REJECT,1,1,0,0,0,0,0,0,0,1,0,0
curl-fake-cuda-nc-openbsd,3,curl fake-cuda nc-openbsd,REJECT,1,1,0,0,0,0,0,0,0,1,0,0
curl-fake-cuda-nc-traditional,3,curl fake-cuda nc-traditional,REJECT,1,1,0,0,0,0,0,0,0,1,0,0
curl-fake-cuda-nvidia-driver-535,3,curl fake-cuda nvidia-driver-535,REJECT,1,1,0,0,0,0,0,0,0,1,0,0
curl-fake-cuda-original-awk,3,curl fake-cuda original-awk,REJECT,1,1,0,0,0,0,0,0,0,1,0,0
curl-fake-cuda-pgclient,3,curl fake-cuda pgclient,REJECT,1,1,0,3,0,0,0,0,0,1,0,0
curl-fake-cuda-pipdemo,3,curl fake-cuda pipdemo,REJECT,1,1,0,0,0,0,0,0,0,1,0,0
curl-fake-cuda-postgres,3,curl fake-cuda postgres,REJECT,1,1,0,3,0,0,0,0,0,1,0,0
curl-fake-cuda-pytools,3,curl fake-cuda pytools,REJECT,1,1,0,0,0,0,0,0,0,1,0,0
curl-fake-cuda-pyyaml,3,curl fake-cuda pyyaml,REJECT,1,1,0,0,0,0,0,0,0,1,0,0
curl-fake-cuda-redis,3,curl fake-cuda redis,REJECT,1,1,0,0,0,0,0,0,0,1,0,0
curl-fake-cuda-rsync,3,curl fake-cuda rsync,REJECT,1,1,0,0,0,0,0,0,0,1,0,0
curl-fake-cuda-rust,3,curl fake-cuda rust,REJECT,1,1,0,8,0,0,0,0,0,1,0,0
curl-fake-cuda-socat,3,curl fake-cuda socat,REJECT,1,1,0,0,0,0,0,0,0,1,0,0
curl-fake-cuda-sqlite,3,curl fake-cuda sqlite,REJECT,1,1,0,0,0,0,0,0,0,1,0,0
curl-fake-cuda-tcpdump,3,curl fake-cuda tcpdump,REJECT,1,1,0,0,0,0,0,0,0,1,0,0
curl-fake-cuda-tmux,3,curl fake-cuda tmux,REJECT,1,1,0,0,0,0,0,0,0,1,0,0
curl-fake-cuda-vim,3,curl fake-cuda vim,REJECT,1,1,0,0,0,0,0,0,0,1,0,0
curl-fake-cuda-webserver,3,curl fake-cuda webserver,REJECT,1,1,0,1,0,0,0,0,0,1,0,0
curl-fake-cuda-wget,3,curl fake-cuda wget,REJECT,1,1,0,1,0,0,0,0,0,1,0,0
curl-fake-cuda-zstd,3,curl fake-cuda zstd,REJECT,1,1,0,0,0,0,0,0,0,1,0,0
curl-fake-nvidia-driver,2,curl fake-nvidia-driver,ACCEPT,0,0,0,0,0,0,0,0,0,0,0,0
curl-fake-nvidia-driver-gawk,3,curl fake-nvidia-driver gawk,ACCEPT,0,0,0,0,0,0,0,0,0,0,0,0
curl-fake-nvidia-driver-gcc,3,curl fake-nvidia-driver gcc,ACCEPT,0,0,0,0,0,0,0,0,0,0,0,0
curl-fake-nvidia-driver-git,3,curl fake-nvidia-driver git,ACCEPT,0,0,0,8,0,0,0,0,0,0,0,0
curl-fake-nvidia-driver-htop,3,curl fake-nvidia-driver htop,ACCEPT,0,0,0,0,0,0,0,0,0,0,0,0
curl-fake-nvidia-driver-java,3,curl fake-nvidia-driver java,ACCEPT,0,0,0,1,0,0,0,0,0,0,0,0
curl-fake-nvidia-driver-jq,3,curl fake-nvidia-driver jq,ACCEPT,0,0,0,0,0,0,0,0,0,0,0,0
curl-fake-nvidia-driver-llvm,3,curl fake-nvidia-driver llvm,ACCEPT,0,0,0,0,0,0,0,0,0,0,0,0
curl-fake-nvidia-driver-memcached,3,curl fake-nvidia-driver memcached,ACCEPT,0,0,0,2,0,0,0,0,0,0,0,0
curl-fake-nvidia-driver-mta-msmtp,3,curl fake-nvidia-driver mta-msmtp,ACCEPT,0,0,0,0,0,0,0,0,0,0,0,0
curl-fake-nvidia-driver-mta-nullmailer,3,curl fake-nvidia-driver mta-nullmailer,ACCEPT,0,0,0,0,0,0,0,0,0,0,0,0
curl-fake-nvidia-driver-mysql,3,curl fake-nvidia-driver mysql,ACCEPT,0,0,0,0,0,0,0,0,0,0,0,0
curl-fake-nvidia-driver-nc-openbsd,3,curl fake-nvidia-driver nc-openbsd,ACCEPT,0,0,0,0,0,0,0,0,0,0,0,0
curl-fake-nvidia-driver-nc-traditional,3,curl fake-nvidia-driver nc-traditional,ACCEPT,0,0,0,0,0,0,0,0,0,0,0,0
curl-fake-nvidia-driver-nvidia-driver-535,3,curl fake-nvidia-driver nvidia-driver-535,ACCEPT,0,0,0,0,0,0,0,0,0,0,0,0
curl-fake-nvidia-driver-original-awk,3,curl fake-nvidia-driver original-awk,ACCEPT,0,0,0,0,0,0,0,0,0,0,0,0
curl-fake-nvidia-driver-pgclient,3,curl fake-nvidia-driver pgclient,ACCEPT,0,0,0,3,0,0,0,0,0,0,0,0
curl-fake-nvidia-driver-pipdemo,3,curl fake-nvidia-driver pipdemo,ACCEPT,0,0,0,0,0,0,0,0,0,0,0,0
curl-fake-nvidia-driver-postgres,3,curl fake-nvidia-driver postgres,ACCEPT,0,0,0,3,0,0,0,0,0,0,0,0
curl-fake-nvidia-driver-pytools,3,curl fake-nvidia-driver pytools,ACCEPT,0,0,0,0,0,0,0,0,0,0,0,0
curl-fake-nvidia-driver-pyyaml,3,curl fake-nvidia-driver pyyaml,ACCEPT,0,0,0,0,0,0,0,0,0,0,0,0
curl-fake-nvidia-driver-redis,3,curl fake-nvidia-driver redis,ACCEPT,0,0,0,0,0,0,0,0,0,0,0,0
curl-fake-nvidia-driver-rsync,3,curl fake-nvidia-driver rsync,ACCEPT,0,0,0,0,0,0,0,0,0,0,0,0
curl-fake-nvidia-driver-rust,3,curl fake-nvidia-driver rust,ACCEPT,0,0,0,8,0,0,0,0,0,0,0,0
curl-fake-nvidia-driver-socat,3,curl fake-nvidia-driver socat,ACCEPT,0,0,0,0,0,0,0,0,0,0,0,0
curl-fake-nvidia-driver-sqlite,3,curl fake-nvidia-driver sqlite,ACCEPT,0,0,0,0,0,0,0,0,0,0,0,0
curl-fake-nvidia-driver-tcpdump,3,curl fake-nvidia-driver tcpdump,ACCEPT,0,0,0,0,0,0,0,0,0,0,0,0
curl-fake-nvidia-driver-tmux,3,curl fake-nvidia-driver tmux,ACCEPT,0,0,0,0,0,0,0,0,0,0,0,0
curl-fake-nvidia-driver-vim,3,curl fake-nvidia-driver vim,ACCEPT,0,0,0,0,0,0,0,0,0,0,0,0
curl-fake-nvidia-driver-webserver,3,curl fake-nvidia-driver webserver,ACCEPT,0,0,0,1,0,0,0,0,0,0,0,0
curl-fake-nvidia-driver-wget,3,curl fake-nvidia-driver wget,ACCEPT,0,0,0,1,0,0,0,0,0,0,0,0
curl-fake-nvidia-driver-zstd,3,curl fake-nvidia-driver zstd,ACCEPT,0,0,0,0,0,0,0,0,0,0,0,0
curl-gawk,2,curl gawk,ACCEPT,0,0,0,0,0,0,0,0,0,0,0,0
curl-gawk-gcc,3,curl gawk gcc,ACCEPT,0,0,0,1,0,0,0,0,0,0,0,0
curl-gawk-git,3,curl gawk git,ACCEPT,0,0,0,8,0,0,0,0,0,0,0,0
curl-gawk-htop,3,curl gawk htop,ACCEPT,0,0,0,0,0,0,0,0,0,0,0,0
curl-gawk-java,3,curl gawk java,ACCEPT,0,0,0,1,0,0,0,0,0,0,0,0
curl-gawk-jq,3,curl gawk jq,ACCEPT,0,0,0,0,0,0,0,0,0,0,0,0
curl-gawk-llvm,3,curl gawk llvm,ACCEPT,0,0,0,0,0,0,0,0,0,0,0,0
curl-gawk-memcached,3,curl gawk memcached,ACCEPT,0,0,0,2,0,0,0,0,0,0,0,0
curl-gawk-mta-msmtp,3,curl gawk mta-msmtp,ACCEPT,0,0,0,0,0,0,0,0,0,0,0,0
curl-gawk-mta-nullmailer,3,curl gawk mta-nullmailer,ACCEPT,0,0,0,0,0,0,0,0,0,0,0,0
curl-gawk-mysql,3,curl gawk mysql,ACCEPT,0,0,0,5,0,0,0,0,0,0,0,0
curl-gawk-nc-openbsd,3,curl gawk nc-openbsd,ACCEPT,0,0,0,0,0,0,0,0,0,0,0,0
curl-gawk-nc-traditional,3,curl gawk nc-traditional,ACCEPT,0,0,0,0,0,0,0,0,0,0,0,0
curl-gawk-nvidia-driver-535,3,curl gawk nvidia-driver-535,ACCEPT,0,0,0,0,0,0,0,0,0,0,0,0
curl-gawk-original-awk,3,curl gawk original-awk,ACCEPT,0,0,0,0,0,0,0,0,0,0,0,0
curl-gawk-pgclient,3,curl gawk pgclient,ACCEPT,0,0,0,5,0,0,0,0,0,0,0,0
curl-gawk-pipdemo,3,curl gawk pipdemo,ACCEPT,0,0,0,2,0,0,0,0,0,0,0,0
curl-gawk-postgres,3,curl gawk postgres,ACCEPT,0,0,0,5,0,0,0,0,0,0,0,0
curl-gawk-pytools,3,curl gawk pytools,ACCEPT,0,0,0,2,0,0,0,0,0,0,0,0
curl-gawk-pyyaml,3,curl gawk pyyaml,ACCEPT,0,0,0,2,0,0,0,0,0,0,0,0
curl-gawk-redis,3,curl gawk redis,ACCEPT,0,0,0,0,0,0,0,0,0,0,0,0
curl-gawk-rsync,3,curl gawk rsync,ACCEPT,0,0,0,0,0,0,0,0,0,0,0,0
curl-gawk-rust,3,curl gawk rust,ACCEPT,0,0,0,9,0,0,0,0,0,0,0,0
curl-gawk-socat,3,curl gawk socat,ACCEPT,0,0,0,0,0,0,0,0,0,0,0,0
curl-gawk-sqlite,3,curl gawk sqlite,ACCEPT,0,0,0,2,0,0,0,0,0,0,0,0
curl-gawk-tcpdump,3,curl gawk tcpdump,ACCEPT,0,0,0,0,0,0,0,0,0,0,0,0
curl-gawk-tmux,3,curl gawk tmux,ACCEPT,0,0,0,0,0,0,0,0,0,0,0,0
curl-gawk-vim,3,curl gawk vim,ACCEPT,0,0,0,2,0,0,0,0,0,0,0,0
curl-gawk-webserver,3,curl gawk webserver,ACCEPT,0,0,0,1,0,0,0,0,0,0,0,0
curl-gawk-wget,3,curl gawk wget,ACCEPT,0,0,0,1,0,0,0,0,0,0,0,0
curl-gawk-zstd,3,curl gawk zstd,ACCEPT,0,0,0,0,0,0,0,0,0,0,0,0
curl-gcc,2,curl gcc,ACCEPT,0,0,0,0,0,0,0,0,0,0,0,0
curl-gcc-git,3,curl gcc git,ACCEPT,0,0,0,13,0,0,0,0,0,0,0,0
curl-gcc-htop,3,curl gcc htop,ACCEPT,0,0,0,0,0,0,0,0,0,0,0,0
curl-gcc-java,3,curl gcc java,ACCEPT,0,0,0,1,0,0,0,0,0,0,0,0
curl-gcc-jq,3,curl gcc jq,ACCEPT,0,0,0,5,0,0,0,0,0,0,0,0
curl-gcc-llvm,3,curl gcc llvm,ACCEPT,0,0,0,24,0,0,0,0,0,0,0,0
curl-gcc-memcached,3,curl gcc memcached,ACCEPT,0,0,0,7,0,0,0,0,0,0,0,0
curl-gcc-mta-msmtp,3,curl gcc mta-msmtp,ACCEPT,0,0,0,0,0,0,0,0,0,0,0,0
curl-gcc-mta-nullmailer,3,curl gcc mta-nullmailer,ACCEPT,0,0,0,0,0,0,0,0,0,0,0,0
curl-gcc-mysql,3,curl gcc mysql,ACCEPT,0,0,0,6,0,0,0,0,0,0,0,0
curl-gcc-nc-openbsd,3,curl gcc nc-openbsd,ACCEPT,0,0,0,0,0,0,0,0,0,0,0,0
curl-gcc-nc-traditional,3,curl gcc nc-traditional,ACCEPT,0,0,0,0,0,0,0,0,0,0,0,0
curl-gcc-nvidia-driver-535,3,curl gcc nvidia-driver-535,ACCEPT,0,0,0,6,0,0,0,0,0,0,0,0
curl-gcc-original-awk,3,curl gcc original-awk,ACCEPT,0,0,0,0,0,0,0,0,0,0,0,0
curl-gcc-pgclient,3,curl gcc pgclient,ACCEPT,0,0,0,8,0,0,0,0,0,0,0,0
curl-gcc-pipdemo,3,curl gcc pipdemo,ACCEPT,0,0,0,0,0,0,0,0,0,0,0,0
curl-gcc-postgres,3,curl gcc postgres,ACCEPT,0,0,0,8,0,0,0,0,0,0,0,0
curl-gcc-pytools,3,curl gcc pytools,ACCEPT,0,0,0,1,0,0,0,0,0,0,0,0
curl-gcc-pyyaml,3,curl gcc pyyaml,ACCEPT,0,0,0,0,0,0,0,0,0,0,0,0
curl-gcc-redis,3,curl gcc redis,ACCEPT,0,0,0,1,0,0,0,0,0,0,0,0
curl-gcc-rsync,3,curl gcc rsync,ACCEPT,0,0,0,0,0,0,0,0,0,0,0,0
curl-gcc-rust,3,curl gcc rust,ACCEPT,0,0,0,39,0,0,0,0,0,0,0,0
curl-gcc-socat,3,curl gcc socat,ACCEPT,0,0,0,0,0,0,0,0,0,0,0,0
curl-gcc-sqlite,3,curl gcc sqlite,ACCEPT,0,0,0,0,0,0,0,0,0,0,0,0
curl-gcc-tcpdump,3,curl gcc tcpdump,ACCEPT,0,0,0,0,0,0,0,0,0,0,0,0
curl-gcc-tmux,3,curl gcc tmux,ACCEPT,0,0,0,0,0,0,0,0,0,0,0,0
curl-gcc-vim,3,curl gcc vim,ACCEPT,0,0,0,0,0,0,0,0,0,0,0,0
curl-gcc-webserver,3,curl gcc webserver,ACCEPT,0,0,0,1,0,0,0,0,0,0,0,0
curl-gcc-wget,3,curl gcc wget,ACCEPT,0,0,0,1,0,0,0,0,0,0,0,0
curl-gcc-zstd,3,curl gcc zstd,ACCEPT,0,0,0,0,0,0,0,0,0,0,0,0
curl-git,2,curl git,ACCEPT,0,0,0,8,0,0,0,0,0,0,0,0
curl-git-htop,3,curl git htop,ACCEPT,0,0,0,8,0,0,0,0,0,0,0,0
curl-git-java,3,curl git java,ACCEPT,0,0,0,11,0,0,0,0,0,0,0,0
curl-git-jq,3,curl git jq,ACCEPT,0,0,0,13,0,0,0,0,0,0,0,0
curl-git-llvm,3,curl git llvm,ACCEPT,0,0,0,8,0,0,0,0,0,0,0,0
curl-git-memcached,3,curl git memcached,ACCEPT,0,0,0,17,0,0,0,0,0,0,0,0
curl-git-mta-msmtp,3,curl git mta-msmtp,ACCEPT,0,0,0,8,0,0,0,0,0,0,0,0
curl-git-mta-nullmailer,3,curl git mta-nullmailer,ACCEPT,0,0,0,8,0,0,0,0,0,0,0,0
curl-git-mysql,3,curl git mysql,ACCEPT,0,0,0,13,0,0,0,0,0,0,0,0
curl-git-nc-openbsd,3,curl git nc-openbsd,ACCEPT,0,0,0,8,0,0,0,0,0,0,0,0
curl-git-nc-traditional,3,curl git nc-traditional,ACCEPT,0,0,0,8,0,0,0,0,0,0,0,0
curl-git-nvidia-driver-535,3,curl git nvidia-driver-535,ACCEPT,0,0,0,8,0,0,0,0,0,0,0,0
curl-git-original-awk,3,curl git original-awk,ACCEPT,0,0,0,8,0,0,0,0,0,0,0,0
curl-git-pgclient,3,curl git pgclient,ACCEPT,0,0,0,19,0,0,0,0,0,0,0,0
curl-git-pipdemo,3,curl git pipdemo,ACCEPT,0,0,0,9,0,0,0,0,0,0,0,0
curl-git-postgres,3,curl git postgres,ACCEPT,0,0,0,19,0,0,0,0,0,0,0,0
curl-git-pytools,3,curl git pytools,ACCEPT,0,0,0,9,0,0,0,0,0,0,0,0
curl-git-pyyaml,3,curl git pyyaml,ACCEPT,0,0,0,9,0,0,0,0,0,0,0,0
curl-git-redis,3,curl git redis,ACCEPT,0,0,0,8,0,0,0,0,0,0,0,0
curl-git-rsync,3,curl git rsync,ACCEPT,0,0,0,8,0,0,0,0,0,0,0,0
curl-git-rust,3,curl git rust,ACCEPT,0,0,0,25,0,0,0,0,0,0,0,0
curl-git-socat,3,curl git socat,ACCEPT,0,0,0,8,0,0,0,0,0,0,0,0
curl-git-sqlite,3,curl git sqlite,ACCEPT,0,0,0,8,0,0,0,0,0,0,0,0
curl-git-tcpdump,3,curl git tcpdump,ACCEPT,0,0,0,8,0,0,0,0,0,0,0,0
curl-git-tmux,3,curl git tmux,ACCEPT,0,0,0,8,0,0,0,0,0,0,0,0
curl-git-vim,3,curl git vim,ACCEPT,0,0,0,9,0,0,0,0,0,0,0,0
curl-git-webserver,3,curl git webserver,ACCEPT,0,0,0,11,0,0,0,0,0,0,0,0
curl-git-wget,3,curl git wget,ACCEPT,0,0,0,10,0,0,0,0,0,0,0,0
curl-git-zstd,3,curl git zstd,ACCEPT,0,0,0,8,0,0,0,0,0,0,0,0
curl-htop,2,curl htop,ACCEPT,0,0,0,0,0,0,0,0,0,0,0,0
curl-htop-java,3,curl htop java,ACCEPT,0,0,0,1,0,0,0,0,0,0,0,0
curl-htop-jq,3,curl htop jq,ACCEPT,0,0,0,0,0,0,0,0,0,0,0,0
curl-htop-llvm,3,curl htop llvm,ACCEPT,0,0,0,0,0,0,0,0,0,0,0,0
curl-htop-memcached,3,curl htop memcached,ACCEPT,0,0,0,2,0,0,0,0,0,0,0,0
curl-htop-mta-msmtp,3,curl htop mta-msmtp,ACCEPT,0,0,0,0,0,0,0,0,0,0,0,0
curl-htop-mta-nullmailer,3,curl htop mta-nullmailer,ACCEPT,0,0,0,0,0,0,0,0,0,0,0,0
curl-htop-mysql,3,curl htop mysql,ACCEPT,0,0,0,0,0,0,0,0,0,0,0,0
curl-htop-nc-openbsd,3,curl htop nc-openbsd,ACCEPT,0,0,0,0,0,0,0,0,0,0,0,0
curl-htop-nc-traditional,3,curl htop nc-traditional,ACCEPT,0,0,0,0,0,0,0,0,0,0,0,0
curl-htop-nvidia-driver-535,3,curl htop nvidia-driver-535,ACCEPT,0,0,0,0,0,0,0,0,0,0,0,0
curl-htop-original-awk,3,curl htop original-awk,ACCEPT,0,0,0,0,0,0,0,0,0,0,0,0
curl-htop-pgclient,3,curl htop pgclient,ACCEPT,0,0,0,3,0,0,0,0,0,0,0,0
curl-htop-pipdemo,3,curl htop pipdemo,ACCEPT,0,0,0,0,0,0,0,0,0,0,0,0
curl-htop-postgres,3,curl htop postgres,ACCEPT,0,0,0,3,0,0,0,0,0,0,0,0
curl-htop-pytools,3,curl htop pytools,ACCEPT,0,0,0,0,0,0,0,0,0,0,0,0
curl-htop-pyyaml,3,curl htop pyyaml,ACCEPT,0,0,0,0,0,0,0,0,0,0,0,0
curl-htop-redis,3,curl htop redis,ACCEPT,0,0,0,0,0,0,0,0,0,0,0,0
curl-htop-rsync,3,curl htop rsync,ACCEPT,0,0,0,0,0,0,0,0,0,0,0,0
curl-htop-rust,3,curl htop rust,ACCEPT,0,0,0,8,0,0,0,0,0,0,0,0
curl-htop-socat,3,curl htop socat,ACCEPT,0,0,0,0,0,0,0,0,0,0,0,0
curl-htop-sqlite,3,curl htop sqlite,ACCEPT,0,0,0,0,0,0,0,0,0,0,0,0
curl-htop-tcpdump,3,curl htop tcpdump,ACCEPT,0,0,0,0,0,0,0,0,0,0,0,0
curl-htop-tmux,3,curl htop tmux,ACCEPT,0,0,0,0,0,0,0,0,0,0,0,0
curl-htop-vim,3,curl htop vim,ACCEPT,0,0,0,0,0,0,0,0,0,0,0,0
curl-htop-webserver,3,curl htop webserver,ACCEPT,0,0,0,1,0,0,0,0,0,0,0,0
curl-htop-wget,3,curl htop wget,ACCEPT,0,0,0,1,0,0,0,0,0,0,0,0
curl-htop-zstd,3,curl htop zstd,ACCEPT,0,0,0,0,0,0,0,0,0,0,0,0
curl-java,2,curl java,ACCEPT,0,0,0,1,0,0,0,0,0,0,0,0
curl-java-jq,3,curl java jq,ACCEPT,0,0,0,1,0,0,0,0,0,0,0,0
curl-java-llvm,3,curl java llvm,ACCEPT,0,0,0,1,0,0,0,0,0,0,0,0
curl-java-memcached,3,curl java memcached,ACCEPT,0,0,0,3,0,0,0,0,0,0,0,0
curl-java-mta-msmtp,3,curl java mta-msmtp,ACCEPT,0,0,0,3,0,0,0,0,0,0,0,0
curl-java-mta-nullmailer,3,curl java mta-nullmailer,ACCEPT,0,0,0,1,0,0,0,0,0,0,0,0
curl-java-mysql,3,curl java mysql,ACCEPT,0,0,0,1,0,0,0,0,0,0,0,0
curl-java-nc-openbsd,3,curl java nc-openbsd,ACCEPT,0,0,0,1,0,0,0,0,0,0,0,0
curl-java-nc-traditional,3,curl java nc-traditional,ACCEPT,0,0,0,1,0,0,0,0,0,0,0,0
curl-java-nvidia-driver-535,3,curl java nvidia-driver-535,ACCEPT,0,0,0,1,0,0,0,0,0,0,0,0
curl-java-original-awk,3,curl java original-awk,ACCEPT,0,0,0,1,0,0,0,0,0,0,0,0
curl-java-pgclient,3,curl java pgclient,ACCEPT,0,0,0,4,0,0,0,0,0,0,0,0
curl-java-pipdemo,3,curl java pipdemo,ACCEPT,0,0,0,3,0,0,0,0,0,0,0,0
curl-java-postgres,3,curl java postgres,ACCEPT,0,0,0,5,0,0,0,0,0,0,0,0
curl-java-pytools,3,curl java pytools,ACCEPT,0,0,0,3,0,0,0,0,0,0,0,0
curl-java-pyyaml,3,curl java pyyaml,ACCEPT,0,0,0,3,0,0,0,0,0,0,0,0
curl-java-redis,3,curl java redis,ACCEPT,0,0,0,1,0,0,0,0,0,0,0,0
curl-java-rsync,3,curl java rsync,ACCEPT,0,0,0,1,0,0,0,0,0,0,0,0
curl-java-rust,3,curl java rust,ACCEPT,0,0,0,10,0,0,0,0,0,0,0,0
curl-java-socat,3,curl java socat,ACCEPT,0,0,0,1,0,0,0,0,0,0,0,0
curl-java-sqlite,3,curl java sqlite,ACCEPT,0,0,0,2,0,0,0,0,0,0,0,0
curl-java-tcpdump,3,curl java tcpdump,ACCEPT,0,0,0,2,0,0,0,0,0,0,0,0
curl-java-tmux,3,curl java tmux,ACCEPT,0,0,0,1,0,0,0,0,0,0,0,0
curl-java-vim,3,curl java vim,ACCEPT,0,0,0,3,0,0,0,0,0,0,0,0
curl-java-webserver,3,curl java webserver,ACCEPT,0,0,0,12,0,0,0,0,0,0,0,0
curl-java-wget,3,curl java wget,ACCEPT,0,0,0,2,0,0,0,0,0,0,0,0
curl-java-zstd,3,curl java zstd,ACCEPT,0,0,0,1,0,0,0,0,0,0,0,0
curl-jq,2,curl jq,ACCEPT,0,0,0,0,0,0,0,0,0,0,0,0
curl-jq-llvm,3,curl jq llvm,ACCEPT,0,0,0,0,0,0,0,0,0,0,0,0
curl-jq-memcached,3,curl jq memcached,ACCEPT,0,0,0,7,0,0,0,0,0,0,0,0
curl-jq-mta-msmtp,3,curl jq mta-msmtp,ACCEPT,0,0,0,0,0,0,0,0,0,0,0,0
curl-jq-mta-nullmailer,3,curl jq mta-nullmailer,ACCEPT,0,0,0,0,0,0,0,0,0,0,0,0
curl-jq-mysql,3,curl jq mysql,ACCEPT,0,0,0,5,0,0,0,0,0,0,0,0
curl-jq-nc-openbsd,3,curl jq nc-openbsd,ACCEPT,0,0,0,0,0,0,0,0,0,0,0,0
curl-jq-nc-traditional,3,curl jq nc-traditional,ACCEPT,0,0,0,0,0,0,0,0,0,0,0,0
curl-jq-nvidia-driver-535,3,curl jq nvidia-driver-535,ACCEPT,0,0,0,0,0,0,0,0,0,0,0,0
curl-jq-original-awk,3,curl jq original-awk,ACCEPT,0,0,0,0,0,0,0,0,0,0,0,0
curl-jq-pgclient,3,curl jq pgclient,ACCEPT,0,0,0,8,0,0,0,0,0,0,0,0
curl-jq-pipdemo,3,curl jq pipdemo,ACCEPT,0,0,0,0,0,0,0,0,0,0,0,0
curl-jq-postgres,3,curl jq postgres,ACCEPT,0,0,0,8,0,0,0,0,0,0,0,0
curl-jq-pytools,3,curl jq pytools,ACCEPT,0,0,0,0,0,0,0,0,0,0,0,0
curl-jq-pyyaml,3,curl jq pyyaml,ACCEPT,0,0,0,0,0,0,0,0,0,0,0,0
curl-jq-redis,3,curl jq redis,ACCEPT,0,0,0,0,0,0,0,0,0,0,0,0
curl-jq-rsync,3,curl jq rsync,ACCEPT,0,0,0,0,0,0,0,0,0,0,0,0
curl-jq-rust,3,curl jq rust,ACCEPT,0,0,0,8,0,0,0,0,0,0,0,0
curl-jq-socat,3,curl jq socat,ACCEPT,0,0,0,0,0,0,0,0,0,0,0,0
curl-jq-sqlite,3,curl jq sqlite,ACCEPT,0,0,0,0,0,0,0,0,0,0,0,0
curl-jq-tcpdump,3,curl jq tcpdump,ACCEPT,0,0,0,0,0,0,0,0,0,0,0,0
curl-jq-tmux,3,curl jq tmux,ACCEPT,0,0,0,0,0,0,0,0,0,0,0,0
curl-jq-vim,3,curl jq vim,ACCEPT,0,0,0,0,0,0,0,0,0,0,0,0
curl-jq-webserver,3,curl jq webserver,ACCEPT,0,0,0,1,0,0,0,0,0,0,0,0
curl-jq-wget,3,curl jq wget,ACCEPT,0,0,0,1,0,0,0,0,0,0,0,0
curl-jq-zstd,3,curl jq zstd,ACCEPT,0,0,0,0,0,0,0,0,0,0,0,0
curl-llvm,2,curl llvm,ACCEPT,0,0,0,0,0,0,0,0,0,0,0,0
curl-llvm-memcached,3,curl llvm memcached,ACCEPT,0,0,0,2,0,0,0,0,0,0,0,0
curl-llvm-mta-msmtp,3,curl llvm mta-msmtp,ACCEPT,0,0,0,0,0,0,0,0,0,0,0,0
curl-llvm-mta-nullmailer,3,curl llvm mta-nullmailer,ACCEPT,0,0,0,0,0,0,0,0,0,0,0,0
curl-llvm-mysql,3,curl llvm mysql,ACCEPT,0,0,0,3,0,0,0,0,0,0,0,0
curl-llvm-nc-openbsd,3,curl llvm nc-openbsd,ACCEPT,0,0,0,2,0,0,0,0,0,0,0,0
curl-llvm-nc-traditional,3,curl llvm nc-traditional,ACCEPT,0,0,0,0,0,0,0,0,0,0,0,0
curl-llvm-nvidia-driver-535,3,curl llvm nvidia-driver-535,ACCEPT,0,0,0,6,0,0,0,0,0,0,0,0
curl-llvm-original-awk,3,curl llvm original-awk,ACCEPT,0,0,0,0,0,0,0,0,0,0,0,0
curl-llvm-pgclient,3,curl llvm pgclient,ACCEPT,0,0,0,3,0,0,0,0,0,0,0,0
curl-llvm-pipdemo,3,curl llvm pipdemo,ACCEPT,0,0,0,0,0,0,0,0,0,0,0,0
curl-llvm-postgres,3,curl llvm postgres,ACCEPT,0,0,0,9,0,0,0,0,0,0,0,0
curl-llvm-pytools,3,curl llvm pytools,ACCEPT,0,0,0,1,0,0,0,0,0,0,0,0
curl-llvm-pyyaml,3,curl llvm pyyaml,ACCEPT,0,0,0,0,0,0,0,0,0,0,0,0
curl-llvm-redis,3,curl llvm redis,ACCEPT,0,0,0,1,0,0,0,0,0,0,0,0
curl-llvm-rsync,3,curl llvm rsync,ACCEPT,0,0,0,0,0,0,0,0,0,0,0,0
curl-llvm-rust,3,curl llvm rust,ACCEPT,0,0,0,31,0,0,0,0,0,0,0,0
curl-llvm-socat,3,curl llvm socat,ACCEPT,0,0,0,0,0,0,0,0,0,0,0,0
curl-llvm-sqlite,3,curl llvm sqlite,ACCEPT,0,0,0,0,0,0,0,0,0,0,0,0
curl-llvm-tcpdump,3,curl llvm tcpdump,ACCEPT,0,0,0,0,0,0,0,0,0,0,0,0
curl-llvm-tmux,3,curl llvm tmux,ACCEPT,0,0,0,0,0,0,0,0,0,0,0,0
curl-llvm-vim,3,curl llvm vim,ACCEPT,0,0,0,0,0,0,0,0,0,0,0,0
curl-llvm-webserver,3,curl llvm webserver,ACCEPT,0,0,0,5,0,0,0,0,0,0,0,0
curl-llvm-wget,3,curl llvm wget,ACCEPT,0,0,0,1,0,0,0,0,0,0,0,0
curl-llvm-zstd,3,curl llvm zstd,ACCEPT,0,0,0,0,0,0,0,0,0,0,0,0
curl-memcached,2,curl memcached,ACCEPT,0,0,0,2,0,0,0,0,0,0,0,0
curl-memcached-mta-msmtp,3,curl memcached mta-msmtp,ACCEPT,0,0,0,2,0,0,0,0,0,0,0,0
curl-memcached-mta-nullmailer,3,curl memcached mta-nullmailer,ACCEPT,0,0,0,2,0,0,0,0,0,0,0,0
curl-memcached-mysql,3,curl memcached mysql,ACCEPT,0,0,0,7,0,0,0,0,0,0,0,0
curl-memcached-nc-openbsd,3,curl memcached nc-openbsd,ACCEPT,0,0,0,2,0,0,0,0,0,0,0,0
curl-memcached-nc-traditional,3,curl memcached nc-traditional,ACCEPT,0,0,0,2,0,0,0,0,0,0,0,0
curl-memcached-nvidia-driver-535,3,curl memcached nvidia-driver-535,ACCEPT,0,0,0,2,0,0,0,0,0,0,0,0
curl-memcached-original-awk,3,curl memcached original-awk,ACCEPT,0,0,0,2,0,0,0,0,0,0,0,0
curl-memcached-pgclient,3,curl memcached pgclient,ACCEPT,0,0,0,12,0,0,0,0,0,0,0,0
curl-memcached-pipdemo,3,curl memcached pipdemo,ACCEPT,0,0,0,2,0,0,0,0,0,0,0,0
curl-memcached-postgres,3,curl memcached postgres,ACCEPT,0,0,0,12,0,0,0,0,0,0,0,0
curl-memcached-pytools,3,curl memcached pytools,ACCEPT,0,0,0,2,0,0,0,0,0,0,0,0
curl-memcached-pyyaml,3,curl memcached pyyaml,ACCEPT,0,0,0,2,0,0,0,0,0,0,0,0
curl-memcached-redis,3,curl memcached redis,ACCEPT,0,0,0,2,0,0,0,0,0,0,0,0
curl-memcached-rsync,3,curl memcached rsync,ACCEPT,0,0,0,2,0,0,0,0,0,0,0,0
curl-memcached-rust,3,curl memcached rust,ACCEPT,0,0,0,12,0,0,0,0,0,0,0,0
curl-memcached-socat,3,curl memcached socat,ACCEPT,0,0,0,2,0,0,0,0,0,0,0,0
curl-memcached-sqlite,3,curl memcached sqlite,ACCEPT,0,0,0,2,0,0,0,0,0,0,0,0
curl-memcached-tcpdump,3,curl memcached tcpdump,ACCEPT,0,0,0,2,0,0,0,0,0,0,0,0
curl-memcached-tmux,3,curl memcached tmux,ACCEPT,0,0,0,2,0,0,0,0,0,0,0,0
curl-memcached-vim,3,curl memcached vim,ACCEPT,0,0,0,2,0,0,0,0,0,0,0,0
curl-memcached-webserver,3,curl memcached webserver,ACCEPT,0,0,0,3,0,0,0,0,0,0,0,0
curl-memcached-wget,3,curl memcached wget,ACCEPT,0,0,0,3,0,0,0,0,0,0,0,0
curl-memcached-zstd,3,curl memcached zstd,ACCEPT,0,0,0,2,0,0,0,0,0,0,0,0
curl-mta-msmtp,2,curl mta-msmtp,ACCEPT,0,0,0,0,0,0,0,0,0,0,0,0
curl-mta-msmtp-mta-nullmailer,3,curl mta-msmtp mta-nullmailer,REJECT,1,2,0,0,0,2,0,4,0,0,0,0
curl-mta-msmtp-mysql,3,curl mta-msmtp mysql,ACCEPT,0,0,0,0,0,0,0,0,0,0,0,0
curl-mta-msmtp-nc-openbsd,3,curl mta-msmtp nc-openbsd,ACCEPT,0,0,0,0,0,0,0,0,0,0,0,0
curl-mta-msmtp-nc-traditional,3,curl mta-msmtp nc-traditional,ACCEPT,0,0,0,0,0,0,0,0,0,0,0,0
curl-mta-msmtp-nvidia-driver-535,3,curl mta-msmtp nvidia-driver-535,ACCEPT,0,0,0,0,0,0,0,0,0,0,0,0
curl-mta-msmtp-original-awk,3,curl mta-msmtp original-awk,ACCEPT,0,0,0,0,0,0,0,0,0,0,0,0
curl-mta-msmtp-pgclient,3,curl mta-msmtp pgclient,ACCEPT,0,0,0,3,0,0,0,0,0,0,0,0
curl-mta-msmtp-pipdemo,3,curl mta-msmtp pipdemo,ACCEPT,0,0,0,0,0,0,0,0,0,0,0,0
curl-mta-msmtp-postgres,3,curl mta-msmtp postgres,ACCEPT,0,0,0,4,0,0,0,0,0,0,0,0
curl-mta-msmtp-pytools,3,curl mta-msmtp pytools,ACCEPT,0,0,0,0,0,0,0,0,0,0,0,0
curl-mta-msmtp-pyyaml,3,curl mta-msmtp pyyaml,ACCEPT,0,0,0,0,0,0,0,0,0,0,0,0
curl-mta-msmtp-redis,3,curl mta-msmtp redis,ACCEPT,0,0,0,0,0,0,0,0,0,0,0,0
curl-mta-msmtp-rsync,3,curl mta-msmtp rsync,ACCEPT,0,0,0,0,0,0,0,0,0,0,0,0
curl-mta-msmtp-rust,3,curl mta-msmtp rust,ACCEPT,0,0,0,8,0,0,0,0,0,0,0,0
curl-mta-msmtp-socat,3,curl mta-msmtp socat,ACCEPT,0,0,0,0,0,0,0,0,0,0,0,0
curl-mta-msmtp-sqlite,3,curl mta-msmtp sqlite,ACCEPT,0,0,0,0,0,0,0,0,0,0,0,0
curl-mta-msmtp-tcpdump,3,curl mta-msmtp tcpdump,ACCEPT,0,0,0,0,0,0,0,0,0,0,0,0
curl-mta-msmtp-tmux,3,curl mta-msmtp tmux,ACCEPT,0,0,0,0,0,0,0,0,0,0,0,0
curl-mta-msmtp-vim,3,curl mta-msmtp vim,ACCEPT,0,0,0,0,0,0,0,0,0,0,0,0
curl-mta-msmtp-webserver,3,curl mta-msmtp webserver,ACCEPT,0,0,0,2,0,0,0,0,0,0,0,0
curl-mta-msmtp-wget,3,curl mta-msmtp wget,ACCEPT,0,0,0,1,0,0,0,0,0,0,0,0
curl-mta-msmtp-zstd,3,curl mta-msmtp zstd,ACCEPT,0,0,0,0,0,0,0,0,0,0,0,0
curl-mta-nullmailer,2,curl mta-nullmailer,ACCEPT,0,0,0,0,0,0,0,0,0,0,0,0
curl-mta-nullmailer-mysql,3,curl mta-nullmailer mysql,ACCEPT,0,0,0,0,0,0,0,0,0,0,0,0
curl-mta-nullmailer-nc-openbsd,3,curl mta-nullmailer nc-openbsd,ACCEPT,0,0,0,0,0,0,0,0,0,0,0,0
curl-mta-nullmailer-nc-traditional,3,curl mta-nullmailer nc-traditional,ACCEPT,0,0,0,0,0,0,0,0,0,0,0,0
curl-mta-nullmailer-nvidia-driver-535,3,curl mta-nullmailer nvidia-driver-535,ACCEPT,0,0,0,0,0,0,0,0,0,0,0,0
curl-mta-nullmailer-original-awk,3,curl mta-nullmailer original-awk,ACCEPT,0,0,0,0,0,0,0,0,0,0,0,0
curl-mta-nullmailer-pgclient,3,curl mta-nullmailer pgclient,ACCEPT,0,0,0,3,0,0,0,0,0,0,0,0
curl-mta-nullmailer-pipdemo,3,curl mta-nullmailer pipdemo,ACCEPT,0,0,0,0,0,0,0,0,0,0,0,0
curl-mta-nullmailer-postgres,3,curl mta-nullmailer postgres,ACCEPT,0,0,0,3,0,0,0,0,0,0,0,0
curl-mta-nullmailer-pytools,3,curl mta-nullmailer pytools,ACCEPT,0,0,0,0,0,0,0,0,0,0,0,0
curl-mta-nullmailer-pyyaml,3,curl mta-nullmailer pyyaml,ACCEPT,0,0,0,0,0,0,0,0,0,0,0,0
curl-mta-nullmailer-redis,3,curl mta-nullmailer redis,ACCEPT,0,0,0,0,0,0,0,0,0,0,0,0
curl-mta-nullmailer-rsync,3,curl mta-nullmailer rsync,ACCEPT,0,0,0,0,0,0,0,0,0,0,0,0
curl-mta-nullmailer-rust,3,curl mta-nullmailer rust,ACCEPT,0,0,0,8,0,0,0,0,0,0,0,0
curl-mta-nullmailer-socat,3,curl mta-nullmailer socat,ACCEPT,0,0,0,0,0,0,0,0,0,0,0,0
curl-mta-nullmailer-sqlite,3,curl mta-nullmailer sqlite,ACCEPT,0,0,0,0,0,0,0,0,0,0,0,0
curl-mta-nullmailer-tcpdump,3,curl mta-nullmailer tcpdump,ACCEPT,0,0,0,0,0,0,0,0,0,0,0,0
curl-mta-nullmailer-tmux,3,curl mta-nullmailer tmux,ACCEPT,0,0,0,0,0,0,0,0,0,0,0,0
curl-mta-nullmailer-vim,3,curl mta-nullmailer vim,ACCEPT,0,0,0,0,0,0,0,0,0,0,0,0
curl-mta-nullmailer-webserver,3,curl mta-nullmailer webserver,ACCEPT,0,0,0,1,0,0,0,0,0,0,0,0
curl-mta-nullmailer-wget,3,curl mta-nullmailer wget,ACCEPT,0,0,0,1,0,0,0,0,0,0,0,0
curl-mta-nullmailer-zstd,3,curl mta-nullmailer zstd,ACCEPT,0,0,0,0,0,0,0,0,0,0,0,0
curl-mysql,2,curl mysql,ACCEPT,0,0,0,0,0,0,0,0,0,0,0,0
curl-mysql-nc-openbsd,3,curl mysql nc-openbsd,ACCEPT,0,0,0,2,0,0,0,0,0,0,0,0
curl-mysql-nc-traditional,3,curl mysql nc-traditional,ACCEPT,0,0,0,0,0,0,0,0,0,0,0,0
curl-mysql-nvidia-driver-535,3,curl mysql nvidia-driver-535,ACCEPT,0,0,0,0,0,0,0,0,0,0,0,0
curl-mysql-original-awk,3,curl mysql original-awk,ACCEPT,0,0,0,0,0,0,0,0,0,0,0,0
curl-mysql-pgclient,3,curl mysql pgclient,ACCEPT,0,0,0,10,0,0,0,0,0,0,0,0
curl-mysql-pipdemo,3,curl mysql pipdemo,ACCEPT,0,0,0,2,0,0,0,0,0,0,0,0
curl-mysql-postgres,3,curl mysql postgres,ACCEPT,0,0,0,13,0,0,0,0,0,0,0,0
curl-mysql-pytools,3,curl mysql pytools,ACCEPT,0,0,0,2,0,0,0,0,0,0,0,0
curl-mysql-pyyaml,3,curl mysql pyyaml,ACCEPT,0,0,0,2,0,0,0,0,0,0,0,0
curl-mysql-redis,3,curl mysql redis,ACCEPT,0,0,0,0,0,0,0,0,0,0,0,0
curl-mysql-rsync,3,curl mysql rsync,ACCEPT,0,0,0,2,0,0,0,0,0,0,0,0
curl-mysql-rust,3,curl mysql rust,ACCEPT,0,0,0,9,0,0,0,0,0,0,0,0
curl-mysql-socat,3,curl mysql socat,ACCEPT,0,0,0,2,0,0,0,0,0,0,0,0
curl-mysql-sqlite,3,curl mysql sqlite,ACCEPT,0,0,0,2,0,0,0,0,0,0,0,0
curl-mysql-tcpdump,3,curl mysql tcpdump,ACCEPT,0,0,0,0,0,0,0,0,0,0,0,0
curl-mysql-tmux,3,curl mysql tmux,ACCEPT,0,0,0,0,0,0,0,0,0,0,0,0
curl-mysql-vim,3,curl mysql vim,ACCEPT,0,0,0,2,0,0,0,0,0,0,0,0
curl-mysql-webserver,3,curl mysql webserver,ACCEPT,0,0,0,9,0,0,0,0,0,0,0,0
curl-mysql-wget,3,curl mysql wget,ACCEPT,0,0,0,1,0,0,0,0,0,0,0,0
curl-mysql-zstd,3,curl mysql zstd,ACCEPT,0,0,0,0,0,0,0,0,0,0,0,0
curl-nc-openbsd,2,curl nc-openbsd,ACCEPT,0,0,0,0,0,0,0,0,0,0,0,0
curl-nc-openbsd-nc-traditional,3,curl nc-openbsd nc-traditional,ACCEPT,0,0,0,0,0,0,0,0,0,0,0,0
curl-nc-openbsd-nvidia-driver-535,3,curl nc-openbsd nvidia-driver-535,ACCEPT,0,0,0,0,0,0,0,0,0,0,0,0
curl-nc-openbsd-original-awk,3,curl nc-openbsd original-awk,ACCEPT,0,0,0,0,0,0,0,0,0,0,0,0
curl-nc-openbsd-pgclient,3,curl nc-openbsd pgclient,ACCEPT,0,0,0,3,0,0,0,0,0,0,0,0
curl-nc-openbsd-pipdemo,3,curl nc-openbsd pipdemo,ACCEPT,0,0,0,0,0,0,0,0,0,0,0,0
curl-nc-openbsd-postgres,3,curl nc-openbsd postgres,ACCEPT,0,0,0,5,0,0,0,0,0,0,0,0
curl-nc-openbsd-pytools,3,curl nc-openbsd pytools,ACCEPT,0,0,0,0,0,0,0,0,0,0,0,0
curl-nc-openbsd-pyyaml,3,curl nc-openbsd pyyaml,ACCEPT,0,0,0,0,0,0,0,0,0,0,0,0
curl-nc-openbsd-redis,3,curl nc-openbsd redis,ACCEPT,0,0,0,0,0,0,0,0,0,0,0,0
curl-nc-openbsd-rsync,3,curl nc-openbsd rsync,ACCEPT,0,0,0,0,0,0,0,0,0,0,0,0
curl-nc-openbsd-rust,3,curl nc-openbsd rust,ACCEPT,0,0,0,8,0,0,0,0,0,0,0,0
curl-nc-openbsd-socat,3,curl nc-openbsd socat,ACCEPT,0,0,0,0,0,0,0,0,0,0,0,0
curl-nc-openbsd-sqlite,3,curl nc-openbsd sqlite,ACCEPT,0,0,0,0,0,0,0,0,0,0,0,0
curl-nc-openbsd-tcpdump,3,curl nc-openbsd tcpdump,ACCEPT,0,0,0,0,0,0,0,0,0,0,0,0
curl-nc-openbsd-tmux,3,curl nc-openbsd tmux,ACCEPT,0,0,0,0,0,0,0,0,0,0,0,0
curl-nc-openbsd-vim,3,curl nc-openbsd vim,ACCEPT,0,0,0,0,0,0,0,0,0,0,0,0
curl-nc-openbsd-webserver,3,curl nc-openbsd webserver,ACCEPT,0,0,0,3,0,0,0,0,0,0,0,0
curl-nc-openbsd-wget,3,curl nc-openbsd wget,ACCEPT,0,0,0,1,0,0,0,0,0,0,0,0
curl-nc-openbsd-zstd,3,curl nc-openbsd zstd,ACCEPT,0,0,0,0,0,0,0,0,0,0,0,0
curl-nc-traditional,2,curl nc-traditional,ACCEPT,0,0,0,0,0,0,0,0,0,0,0,0
curl-nc-traditional-nvidia-driver-535,3,curl nc-traditional nvidia-driver-535,ACCEPT,0,0,0,0,0,0,0,0,0,0,0,0
curl-nc-traditional-original-awk,3,curl nc-traditional original-awk,ACCEPT,0,0,0,0,0,0,0,0,0,0,0,0
curl-nc-traditional-pgclient,3,curl nc-traditional pgclient,ACCEPT,0,0,0,3,0,0,0,0,0,0,0,0
curl-nc-traditional-pipdemo,3,curl nc-traditional pipdemo,ACCEPT,0,0,0,0,0,0,0,0,0,0,0,0
curl-nc-traditional-postgres,3,curl nc-traditional postgres,ACCEPT,0,0,0,3,0,0,0,0,0,0,0,0
curl-nc-traditional-pytools,3,curl nc-traditional pytools,ACCEPT,0,0,0,0,0,0,0,0,0,0,0,0
curl-nc-traditional-pyyaml,3,curl nc-traditional pyyaml,ACCEPT,0,0,0,0,0,0,0,0,0,0,0,0
curl-nc-traditional-redis,3,curl nc-traditional redis,ACCEPT,0,0,0,0,0,0,0,0,0,0,0,0
curl-nc-traditional-rsync,3,curl nc-traditional rsync,ACCEPT,0,0,0,0,0,0,0,0,0,0,0,0
curl-nc-traditional-rust,3,curl nc-traditional rust,ACCEPT,0,0,0,8,0,0,0,0,0,0,0,0
curl-nc-traditional-socat,3,curl nc-traditional socat,ACCEPT,0,0,0,0,0,0,0,0,0,0,0,0
curl-nc-traditional-sqlite,3,curl nc-traditional sqlite,ACCEPT,0,0,0,0,0,0,0,0,0,0,0,0
curl-nc-traditional-tcpdump,3,curl nc-traditional tcpdump,ACCEPT,0,0,0,0,0,0,0,0,0,0,0,0
curl-nc-traditional-tmux,3,curl nc-traditional tmux,ACCEPT,0,0,0,0,0,0,0,0,0,0,0,0
curl-nc-traditional-vim,3,curl nc-traditional vim,ACCEPT,0,0,0,0,0,0,0,0,0,0,0,0
curl-nc-traditional-webserver,3,curl nc-traditional webserver,ACCEPT,0,0,0,1,0,0,0,0,0,0,0,0
curl-nc-traditional-wget,3,curl nc-traditional wget,ACCEPT,0,0,0,1,0,0,0,0,0,0,0,0
curl-nc-traditional-zstd,3,curl nc-traditional zstd,ACCEPT,0,0,0,0,0,0,0,0,0,0,0,0
curl-nvidia-driver-535,2,curl nvidia-driver-535,ACCEPT,0,0,0,0,0,0,0,0,0,0,0,0
curl-nvidia-driver-535-original-awk,3,curl nvidia-driver-535 original-awk,ACCEPT,0,0,0,0,0,0,0,0,0,0,0,0
curl-nvidia-driver-535-pgclient,3,curl nvidia-driver-535 pgclient,ACCEPT,0,0,0,3,0,0,0,0,0,0,0,0
curl-nvidia-driver-535-pipdemo,3,curl nvidia-driver-535 pipdemo,ACCEPT,0,0,0,0,0,0,0,0,0,0,0,0
curl-nvidia-driver-535-postgres,3,curl nvidia-driver-535 postgres,ACCEPT,0,0,0,3,0,0,0,0,0,0,0,0
curl-nvidia-driver-535-pytools,3,curl nvidia-driver-535 pytools,ACCEPT,0,0,0,0,0,0,0,0,0,0,0,0
curl-nvidia-driver-535-pyyaml,3,curl nvidia-driver-535 pyyaml,ACCEPT,0,0,0,0,0,0,0,0,0,0,0,0
curl-nvidia-driver-535-redis,3,curl nvidia-driver-535 redis,ACCEPT,0,0,0,0,0,0,0,0,0,0,0,0
curl-nvidia-driver-535-rsync,3,curl nvidia-driver-535 rsync,ACCEPT,0,0,0,0,0,0,0,0,0,0,0,0
curl-nvidia-driver-535-rust,3,curl nvidia-driver-535 rust,ACCEPT,0,0,0,14,0,0,0,0,0,0,0,0
curl-nvidia-driver-535-socat,3,curl nvidia-driver-535 socat,ACCEPT,0,0,0,0,0,0,0,0,0,0,0,0
curl-nvidia-driver-535-sqlite,3,curl nvidia-driver-535 sqlite,ACCEPT,0,0,0,0,0,0,0,0,0,0,0,0
curl-nvidia-driver-535-tcpdump,3,curl nvidia-driver-535 tcpdump,ACCEPT,0,0,0,0,0,0,0,0,0,0,0,0
curl-nvidia-driver-535-tmux,3,curl nvidia-driver-535 tmux,ACCEPT,0,0,0,0,0,0,0,0,0,0,0,0
curl-nvidia-driver-535-vim,3,curl nvidia-driver-535 vim,ACCEPT,0,0,0,0,0,0,0,0,0,0,0,0
curl-nvidia-driver-535-webserver,3,curl nvidia-driver-535 webserver,ACCEPT,0,0,0,1,0,0,0,0,0,0,0,0
curl-nvidia-driver-535-wget,3,curl nvidia-driver-535 wget,ACCEPT,0,0,0,1,0,0,0,0,0,0,0,0
curl-nvidia-driver-535-zstd,3,curl nvidia-driver-535 zstd,ACCEPT,0,0,0,0,0,0,0,0,0,0,0,0
curl-original-awk,2,curl original-awk,ACCEPT,0,0,0,0,0,0,0,0,0,0,0,0
curl-original-awk-pgclient,3,curl original-awk pgclient,ACCEPT,0,0,0,3,0,0,0,0,0,0,0,0
curl-original-awk-pipdemo,3,curl original-awk pipdemo,ACCEPT,0,0,0,0,0,0,0,0,0,0,0,0
curl-original-awk-postgres,3,curl original-awk postgres,ACCEPT,0,0,0,3,0,0,0,0,0,0,0,0
curl-original-awk-pytools,3,curl original-awk pytools,ACCEPT,0,0,0,0,0,0,0,0,0,0,0,0
curl-original-awk-pyyaml,3,curl original-awk pyyaml,ACCEPT,0,0,0,0,0,0,0,0,0,0,0,0
curl-original-awk-redis,3,curl original-awk redis,ACCEPT,0,0,0,0,0,0,0,0,0,0,0,0
curl-original-awk-rsync,3,curl original-awk rsync,ACCEPT,0,0,0,0,0,0,0,0,0,0,0,0
curl-original-awk-rust,3,curl original-awk rust,ACCEPT,0,0,0,8,0,0,0,0,0,0,0,0
curl-original-awk-socat,3,curl original-awk socat,ACCEPT,0,0,0,0,0,0,0,0,0,0,0,0
curl-original-awk-sqlite,3,curl original-awk sqlite,ACCEPT,0,0,0,0,0,0,0,0,0,0,0,0
curl-original-awk-tcpdump,3,curl original-awk tcpdump,ACCEPT,0,0,0,0,0,0,0,0,0,0,0,0
curl-original-awk-tmux,3,curl original-awk tmux,ACCEPT,0,0,0,0,0,0,0,0,0,0,0,0
curl-original-awk-vim,3,curl original-awk vim,ACCEPT,0,0,0,0,0,0,0,0,0,0,0,0
curl-original-awk-webserver,3,curl original-awk webserver,ACCEPT,0,0,0,1,0,0,0,0,0,0,0,0
curl-original-awk-wget,3,curl original-awk wget,ACCEPT,0,0,0,1,0,0,0,0,0,0,0,0
curl-original-awk-zstd,3,curl original-awk zstd,ACCEPT,0,0,0,0,0,0,0,0,0,0,0,0
curl-pgclient,2,curl pgclient,ACCEPT,0,0,0,3,0,0,0,0,0,0,0,0
curl-pgclient-pipdemo,3,curl pgclient pipdemo,ACCEPT,0,0,0,5,0,0,0,0,0,0,0,0
curl-pgclient-postgres,3,curl pgclient postgres,ACCEPT,0,0,0,20,0,0,0,0,0,0,0,0
curl-pgclient-pytools,3,curl pgclient pytools,ACCEPT,0,0,0,5,0,0,0,0,0,0,0,0
curl-pgclient-pyyaml,3,curl pgclient pyyaml,ACCEPT,0,0,0,5,0,0,0,0,0,0,0,0
curl-pgclient-redis,3,curl pgclient redis,ACCEPT,0,0,0,3,0,0,0,0,0,0,0,0
curl-pgclient-rsync,3,curl pgclient rsync,ACCEPT,0,0,0,3,0,0,0,0,0,0,0,0
curl-pgclient-rust,3,curl pgclient rust,ACCEPT,0,0,0,14,0,0,0,0,0,0,0,0
curl-pgclient-socat,3,curl pgclient socat,ACCEPT,0,0,0,3,0,0,0,0,0,0,0,0
curl-pgclient-sqlite,3,curl pgclient sqlite,ACCEPT,0,0,0,5,0,0,0,0,0,0,0,0
curl-pgclient-tcpdump,3,curl pgclient tcpdump,ACCEPT,0,0,0,3,0,0,0,0,0,0,0,0
curl-pgclient-tmux,3,curl pgclient tmux,ACCEPT,0,0,0,3,0,0,0,0,0,0,0,0
curl-pgclient-vim,3,curl pgclient vim,ACCEPT,0,0,0,5,0,0,0,0,0,0,0,0
curl-pgclient-webserver,3,curl pgclient webserver,ACCEPT,0,0,0,4,0,0,0,0,0,0,0,0
curl-pgclient-wget,3,curl pgclient wget,ACCEPT,0,0,0,4,0,0,0,0,0,0,0,0
curl-pgclient-zstd,3,curl pgclient zstd,ACCEPT,0,0,0,3,0,0,0,0,0,0,0,0
curl-pipdemo,2,curl pipdemo,ACCEPT,0,0,0,0,0,0,0,0,0,0,0,0
curl-pipdemo-postgres,3,curl pipdemo postgres,ACCEPT,0,0,0,5,0,0,0,0,0,0,0,0
curl-pipdemo-pytools,3,curl pipdemo pytools,ACCEPT,0,0,0,19,0,0,0,0,0,0,0,0
curl-pipdemo-pyyaml,3,curl pipdemo pyyaml,ACCEPT,0,0,0,13,0,0,0,0,0,0,0,0
curl-pipdemo-redis,3,curl pipdemo redis,ACCEPT,0,0,0,0,0,0,0,0,0,0,0,0
curl-pipdemo-rsync,3,curl pipdemo rsync,ACCEPT,0,0,0,0,0,0,0,0,0,0,0,0
curl-pipdemo-rust,3,curl pipdemo rust,ACCEPT,0,0,0,8,0,0,0,0,0,0,0,0
curl-pipdemo-socat,3,curl pipdemo socat,ACCEPT,0,0,0,0,0,0,0,0,0,0,0,0
curl-pipdemo-sqlite,3,curl pipdemo sqlite,ACCEPT,0,0,0,3,0,0,0,0,0,0,0,0
curl-pipdemo-tcpdump,3,curl pipdemo tcpdump,ACCEPT,0,0,0,0,0,0,0,0,0,0,0,0
curl-pipdemo-tmux,3,curl pipdemo tmux,ACCEPT,0,0,0,0,0,0,0,0,0,0,0,0
curl-pipdemo-vim,3,curl pipdemo vim,ACCEPT,0,0,0,8,0,0,0,0,0,0,0,0
curl-pipdemo-webserver,3,curl pipdemo webserver,ACCEPT,0,0,0,2,0,0,0,0,0,0,0,0
curl-pipdemo-wget,3,curl pipdemo wget,ACCEPT,0,0,0,1,0,0,0,0,0,0,0,0
curl-pipdemo-zstd,3,curl pipdemo zstd,ACCEPT,0,0,0,0,0,0,0,0,0,0,0,0
curl-postgres,2,curl postgres,ACCEPT,0,0,0,3,0,0,0,0,0,0,0,0
curl-postgres-pytools,3,curl postgres pytools,ACCEPT,0,0,0,5,0,0,0,0,0,0,0,0
curl-postgres-pyyaml,3,curl postgres pyyaml,ACCEPT,0,0,0,5,0,0,0,0,0,0,0,0
curl-postgres-redis,3,curl postgres redis,ACCEPT,0,0,0,3,0,0,0,0,0,0,0,0
curl-postgres-rsync,3,curl postgres rsync,ACCEPT,0,0,0,3,0,0,0,0,0,0,0,0
curl-postgres-rust,3,curl postgres rust,ACCEPT,0,0,0,14,0,0,0,0,0,0,0,0
curl-postgres-socat,3,curl postgres socat,ACCEPT,0,0,0,3,0,0,0,0,0,0,0,0
curl-postgres-sqlite,3,curl postgres sqlite,ACCEPT,0,0,0,5,0,0,0,0,0,0,0,0
curl-postgres-tcpdump,3,curl postgres tcpdump,ACCEPT,0,0,0,3,0,0,0,0,0,0,0,0
curl-postgres-tmux,3,curl postgres tmux,ACCEPT,0,0,0,3,0,0,0,0,0,0,0,0
curl-postgres-vim,3,curl postgres vim,ACCEPT,0,0,0,5,0,0,0,0,0,0,0,0
curl-postgres-webserver,3,curl postgres webserver,ACCEPT,0,0,0,10,0,0,0,0,0,0,0,0
curl-postgres-wget,3,curl postgres wget,ACCEPT,0,0,0,4,0,0,0,0,0,0,0,0
curl-postgres-zstd,3,curl postgres zstd,ACCEPT,0,0,0,3,0,0,0,0,0,0,0,0
curl-pytools,2,curl pytools,ACCEPT,0,0,0,0,0,0,0,0,0,0,0,0
curl-pytools-pyyaml,3,curl pytools pyyaml,ACCEPT,0,0,0,13,0,0,0,0,0,0,0,0
curl-pytools-redis,3,curl pytools redis,ACCEPT,0,0,0,0,0,0,0,0,0,0,0,0
curl-pytools-rsync,3,curl pytools rsync,ACCEPT,0,0,0,0,0,0,0,0,0,0,0,0
curl-pytools-rust,3,curl pytools rust,ACCEPT,0,0,0,9,0,0,0,0,0,0,0,0
curl-pytools-socat,3,curl pytools socat,ACCEPT,0,0,0,0,0,0,0,0,0,0,0,0
curl-pytools-sqlite,3,curl pytools sqlite,ACCEPT,0,0,0,3,0,0,0,0,0,0,0,0
curl-pytools-tcpdump,3,curl pytools tcpdump,ACCEPT,0,0,0,0,0,0,0,0,0,0,0,0
curl-pytools-tmux,3,curl pytools tmux,ACCEPT,0,0,0,0,0,0,0,0,0,0,0,0
curl-pytools-vim,3,curl pytools vim,ACCEPT,0,0,0,8,0,0,0,0,0,0,0,0
curl-pytools-webserver,3,curl pytools webserver,ACCEPT,0,0,0,2,0,0,0,0,0,0,0,0
curl-pytools-wget,3,curl pytools wget,ACCEPT,0,0,0,1,0,0,0,0,0,0,0,0
curl-pytools-zstd,3,curl pytools zstd,ACCEPT,0,0,0,0,0,0,0,0,0,0,0,0
curl-pyyaml,2,curl pyyaml,ACCEPT,0,0,0,0,0,0,0,0,0,0,0,0
curl-pyyaml-redis,3,curl pyyaml redis,ACCEPT,0,0,0,0,0,0,0,0,0,0,0,0
curl-pyyaml-rsync,3,curl pyyaml rsync,ACCEPT,0,0,0,0,0,0,0,0,0,0,0,0
curl-pyyaml-rust,3,curl pyyaml rust,ACCEPT,0,0,0,8,0,0,0,0,0,0,0,0
curl-pyyaml-socat,3,curl pyyaml socat,ACCEPT,0,0,0,0,0,0,0,0,0,0,0,0
curl-pyyaml-sqlite,3,curl pyyaml sqlite,ACCEPT,0,0,0,3,0,0,0,0,0,0,0,0
curl-pyyaml-tcpdump,3,curl pyyaml tcpdump,ACCEPT,0,0,0,0,0,0,0,0,0,0,0,0
curl-pyyaml-tmux,3,curl pyyaml tmux,ACCEPT,0,0,0,0,0,0,0,0,0,0,0,0
curl-pyyaml-vim,3,curl pyyaml vim,ACCEPT,0,0,0,8,0,0,0,0,0,0,0,0
curl-pyyaml-webserver,3,curl pyyaml webserver,ACCEPT,0,0,0,2,0,0,0,0,0,0,0,0
curl-pyyaml-wget,3,curl pyyaml wget,ACCEPT,0,0,0,1,0,0,0,0,0,0,0,0
curl-pyyaml-zstd,3,curl pyyaml zstd,ACCEPT,0,0,0,0,0,0,0,0,0,0,0,0
curl-redis,2,curl redis,ACCEPT,0,0,0,0,0,0,0,0,0,0,0,0
curl-redis-rsync,3,curl redis rsync,ACCEPT,0,0,0,0,0,0,0,0,0,0,0,0
curl-redis-rust,3,curl redis rust,ACCEPT,0,0,0,9,0,0,0,0,0,0,0,0
curl-redis-socat,3,curl redis socat,ACCEPT,0,0,0,0,0,0,0,0,0,0,0,0
curl-redis-sqlite,3,curl redis sqlite,ACCEPT,0,0,0,0,0,0,0,0,0,0,0,0
curl-redis-tcpdump,3,curl redis tcpdump,ACCEPT,0,0,0,0,0,0,0,0,0,0,0,0
curl-redis-tmux,3,curl redis tmux,ACCEPT,0,0,0,0,0,0,0,0,0,0,0,0
curl-redis-vim,3,curl redis vim,ACCEPT,0,0,0,0,0,0,0,0,0,0,0,0
curl-redis-webserver,3,curl redis webserver,ACCEPT,0,0,0,1,0,0,0,0,0,0,0,0
curl-redis-wget,3,curl redis wget,ACCEPT,0,0,0,1,0,0,0,0,0,0,0,0
curl-redis-zstd,3,curl redis zstd,ACCEPT,0,0,0,0,0,0,0,0,0,0,0,0
curl-rsync,2,curl rsync,ACCEPT,0,0,0,0,0,0,0,0,0,0,0,0
curl-rsync-rust,3,curl rsync rust,ACCEPT,0,0,0,8,0,0,0,0,0,0,0,0
curl-rsync-socat,3,curl rsync socat,ACCEPT,0,0,0,0,0,0,0,0,0,0,0,0
curl-rsync-sqlite,3,curl rsync sqlite,ACCEPT,0,0,0,0,0,0,0,0,0,0,0,0
curl-rsync-tcpdump,3,curl rsync tcpdump,ACCEPT,0,0,0,0,0,0,0,0,0,0,0,0
curl-rsync-tmux,3,curl rsync tmux,ACCEPT,0,0,0,0,0,0,0,0,0,0,0,0
curl-rsync-vim,3,curl rsync vim,ACCEPT,0,0,0,0,0,0,0,0,0,0,0,0
curl-rsync-webserver,3,curl rsync webserver,ACCEPT,0,0,0,1,0,0,0,0,0,0,0,0
curl-rsync-wget,3,curl rsync wget,ACCEPT,0,0,0,1,0,0,0,0,0,0,0,0
curl-rsync-zstd,3,curl rsync zstd,ACCEPT,0,0,0,0,0,0,0,0,0,0,0,0
curl-rust,2,curl rust,ACCEPT,0,0,0,8,0,0,0,0,0,0,0,0
curl-rust-socat,3,curl rust socat,ACCEPT,0,0,0,8,0,0,0,0,0,0,0,0
curl-rust-sqlite,3,curl rust sqlite,ACCEPT,0,0,0,8,0,0,0,0,0,0,0,0
curl-rust-tcpdump,3,curl rust tcpdump,ACCEPT,0,0,0,8,0,0,0,0,0,0,0,0
curl-rust-tmux,3,curl rust tmux,ACCEPT,0,0,0,8,0,0,0,0,0,0,0,0
curl-rust-vim,3,curl rust vim,ACCEPT,0,0,0,8,0,0,0,0,0,0,0,0
curl-rust-webserver,3,curl rust webserver,ACCEPT,0,0,0,10,0,0,0,0,0,0,0,0
curl-rust-wget,3,curl rust wget,ACCEPT,0,0,0,10,0,0,0,0,0,0,0,0
curl-rust-zstd,3,curl rust zstd,ACCEPT,0,0,0,8,0,0,0,0,0,0,0,0
curl-socat,2,curl socat,ACCEPT,0,0,0,0,0,0,0,0,0,0,0,0
curl-socat-sqlite,3,curl socat sqlite,ACCEPT,0,0,0,0,0,0,0,0,0,0,0,0
curl-socat-tcpdump,3,curl socat tcpdump,ACCEPT,0,0,0,0,0,0,0,0,0,0,0,0
curl-socat-tmux,3,curl socat tmux,ACCEPT,0,0,0,0,0,0,0,0,0,0,0,0
curl-socat-vim,3,curl socat vim,ACCEPT,0,0,0,0,0,0,0,0,0,0,0,0
curl-socat-webserver,3,curl socat webserver,ACCEPT,0,0,0,1,0,0,0,0,0,0,0,0
curl-socat-wget,3,curl socat wget,ACCEPT,0,0,0,1,0,0,0,0,0,0,0,0
curl-socat-zstd,3,curl socat zstd,ACCEPT,0,0,0,0,0,0,0,0,0,0,0,0
curl-sqlite,2,curl sqlite,ACCEPT,0,0,0,0,0,0,0,0,0,0,0,0
curl-sqlite-tcpdump,3,curl sqlite tcpdump,ACCEPT,0,0,0,0,0,0,0,0,0,0,0,0
curl-sqlite-tmux,3,curl sqlite tmux,ACCEPT,0,0,0,0,0,0,0,0,0,0,0,0
curl-sqlite-vim,3,curl sqlite vim,ACCEPT,0,0,0,3,0,0,0,0,0,0,0,0
curl-sqlite-webserver,3,curl sqlite webserver,ACCEPT,0,0,0,1,0,0,0,0,0,0,0,0
curl-sqlite-wget,3,curl sqlite wget,ACCEPT,0,0,0,1,0,0,0,0,0,0,0,0
curl-sqlite-zstd,3,curl sqlite zstd,ACCEPT,0,0,0,0,0,0,0,0,0,0,0,0
curl-tcpdump,2,curl tcpdump,ACCEPT,0,0,0,0,0,0,0,0,0,0,0,0
curl-tcpdump-tmux,3,curl tcpdump tmux,ACCEPT,0,0,0,0,0,0,0,0,0,0,0,0
curl-tcpdump-vim,3,curl tcpdump vim,ACCEPT,0,0,0,0,0,0,0,0,0,0,0,0
curl-tcpdump-webserver,3,curl tcpdump webserver,ACCEPT,0,0,0,1,0,0,0,0,0,0,0,0
curl-tcpdump-wget,3,curl tcpdump wget,ACCEPT,0,0,0,1,0,0,0,0,0,0,0,0
curl-tcpdump-zstd,3,curl tcpdump zstd,ACCEPT,0,0,0,0,0,0,0,0,0,0,0,0
curl-tmux,2,curl tmux,ACCEPT,0,0,0,0,0,0,0,0,0,0,0,0
curl-tmux-vim,3,curl tmux vim,ACCEPT,0,0,0,0,0,0,0,0,0,0,0,0
curl-tmux-webserver,3,curl tmux webserver,ACCEPT,0,0,0,1,0,0,0,0,0,0,0,0
curl-tmux-wget,3,curl tmux wget,ACCEPT,0,0,0,1,0,0,0,0,0,0,0,0
curl-tmux-zstd,3,curl tmux zstd,ACCEPT,0,0,0,0,0,0,0,0,0,0,0,0
curl-vim,2,curl vim,ACCEPT,0,0,0,0,0,0,0,0,0,0,0,0
curl-vim-webserver,3,curl vim webserver,ACCEPT,0,0,0,2,0,0,0,0,0,0,0,0
curl-vim-wget,3,curl vim wget,ACCEPT,0,0,0,1,0,0,0,0,0,0,0,0
curl-vim-zstd,3,curl vim zstd,ACCEPT,0,0,0,0,0,0,0,0,0,0,0,0
curl-webserver,2,curl webserver,ACCEPT,0,0,0,1,0,0,0,0,0,0,0,0
curl-webserver-wget,3,curl webserver wget,ACCEPT,0,0,0,2,0,0,0,0,0,0,0,0
curl-webserver-zstd,3,curl webserver zstd,ACCEPT,0,0,0,1,0,0,0,0,0,0,0,0
curl-wget,2,curl wget,ACCEPT,0,0,0,1,0,0,0,0,0,0,0,0
curl-wget-zstd,3,curl wget zstd,ACCEPT,0,0,0,1,0,0,0,0,0,0,0,0
curl-zstd,2,curl zstd,ACCEPT,0,0,0,0,0,0,0,0,0,0,0,0
dnsutils-docker,2,dnsutils docker,ACCEPT,0,0,0,0,0,0,0,0,0,0,0,0
dnsutils-docker-emacs,3,dnsutils docker emacs,ACCEPT,0,0,0,3,0,0,0,0,0,0,0,0
dnsutils-docker-fake-cuda,3,dnsutils docker fake-cuda,REJECT,1,1,0,0,0,0,0,0,0,1,0,0
dnsutils-docker-fake-nvidia-driver,3,dnsutils docker fake-nvidia-driver,ACCEPT,0,0,0,0,0,0,0,0,0,0,0,0
dnsutils-docker-gawk,3,dnsutils docker gawk,ACCEPT,0,0,0,0,0,0,0,0,0,0,0,0
dnsutils-docker-gcc,3,dnsutils docker gcc,ACCEPT,0,0,0,0,0,0,0,0,0,0,0,0
dnsutils-docker-git,3,dnsutils docker git,ACCEPT,0,0,0,1,0,0,0,0,0,0,0,0
dnsutils-docker-htop,3,dnsutils docker htop,ACCEPT,0,0,0,0,0,0,0,0,0,0,0,0
dnsutils-docker-java,3,dnsutils docker java,ACCEPT,0,0,0,0,0,0,0,0,0,0,0,0
dnsutils-docker-jq,3,dnsutils docker jq,ACCEPT,0,0,0,0,0,0,0,0,0,0,0,0
dnsutils-docker-llvm,3,dnsutils docker llvm,ACCEPT,0,0,0,5,0,0,0,0,0,0,0,0
dnsutils-docker-memcached,3,dnsutils docker memcached,ACCEPT,0,0,0,0,0,0,0,0,0,0,0,0
dnsutils-docker-mta-msmtp,3,dnsutils docker mta-msmtp,ACCEPT,0,0,0,0,0,0,0,0,0,0,0,0
dnsutils-docker-mta-nullmailer,3,dnsutils docker mta-nullmailer,ACCEPT,0,0,0,0,0,0,0,0,0,0,0,0
dnsutils-docker-mysql,3,dnsutils docker mysql,ACCEPT,0,0,0,5,0,0,0,0,0,0,0,0
dnsutils-docker-nc-openbsd,3,dnsutils docker nc-openbsd,ACCEPT,0,0,0,2,0,0,0,0,0,0,0,0
dnsutils-docker-nc-traditional,3,dnsutils docker nc-traditional,ACCEPT,0,0,0,0,0,0,0,0,0,0,0,0
dnsutils-docker-nvidia-driver-535,3,dnsutils docker nvidia-driver-535,ACCEPT,0,0,0,0,0,0,0,0,0,0,0,0
dnsutils-docker-original-awk,3,dnsutils docker original-awk,ACCEPT,0,0,0,0,0,0,0,0,0,0,0,0
dnsutils-docker-pgclient,3,dnsutils docker pgclient,ACCEPT,0,0,0,1,0,0,0,0,0,0,0,0
dnsutils-docker-pipdemo,3,dnsutils docker pipdemo,ACCEPT,0,0,0,0,0,0,0,0,0,0,0,0
dnsutils-docker-postgres,3,dnsutils docker postgres,ACCEPT,0,0,0,6,0,0,0,0,0,0,0,0
dnsutils-docker-pytools,3,dnsutils docker pytools,ACCEPT,0,0,0,0,0,0,0,0,0,0,0,0
dnsutils-docker-pyyaml,3,dnsutils docker pyyaml,ACCEPT,0,0,0,0,0,0,0,0,0,0,0,0
dnsutils-docker-redis,3,dnsutils docker redis,ACCEPT,0,0,0,0,0,0,0,0,0,0,0,0
dnsutils-docker-rsync,3,dnsutils docker rsync,ACCEPT,0,0,0,0,0,0,0,0,0,0,0,0
dnsutils-docker-rust,3,dnsutils docker rust,ACCEPT,0,0,0,1,0,0,0,0,0,0,0,0
dnsutils-docker-socat,3,dnsutils docker socat,ACCEPT,0,0,0,0,0,0,0,0,0,0,0,0
dnsutils-docker-sqlite,3,dnsutils docker sqlite,ACCEPT,0,0,0,0,0,0,0,0,0,0,0,0
dnsutils-docker-tcpdump,3,dnsutils docker tcpdump,ACCEPT,0,0,0,0,0,0,0,0,0,0,0,0
dnsutils-docker-tmux,3,dnsutils docker tmux,ACCEPT,0,0,0,0,0,0,0,0,0,0,0,0
dnsutils-docker-vim,3,dnsutils docker vim,ACCEPT,0,0,0,0,0,0,0,0,0,0,0,0
dnsutils-docker-webserver,3,dnsutils docker webserver,ACCEPT,0,0,0,7,0,0,0,0,0,0,0,0
dnsutils-docker-wget,3,dnsutils docker wget,ACCEPT,0,0,0,0,0,0,0,0,0,0,0,0
dnsutils-docker-zstd,3,dnsutils docker zstd,ACCEPT,0,0,0,0,0,0,0,0,0,0,0,0
dnsutils-emacs,2,dnsutils emacs,ACCEPT,0,0,0,2,0,0,0,0,0,0,0,0
dnsutils-emacs-fake-cuda,3,dnsutils emacs fake-cuda,REJECT,1,1,0,2,0,0,0,0,0,1,0,0
dnsutils-emacs-fake-nvidia-driver,3,dnsutils emacs fake-nvidia-driver,ACCEPT,0,0,0,2,0,0,0,0,0,0,0,0
dnsutils-emacs-gawk,3,dnsutils emacs gawk,ACCEPT,0,0,0,2,0,0,0,0,0,0,0,0
dnsutils-emacs-gcc,3,dnsutils emacs gcc,ACCEPT,0,0,0,2,0,0,0,0,0,0,0,0
dnsutils-emacs-git,3,dnsutils emacs git,ACCEPT,0,0,0,3,0,0,0,0,0,0,0,0
dnsutils-emacs-htop,3,dnsutils emacs htop,ACCEPT,0,0,0,2,0,0,0,0,0,0,0,0
dnsutils-emacs-java,3,dnsutils emacs java,ACCEPT,0,0,0,6,0,0,0,0,0,0,0,0
dnsutils-emacs-jq,3,dnsutils emacs jq,ACCEPT,0,0,0,2,0,0,0,0,0,0,0,0
dnsutils-emacs-llvm,3,dnsutils emacs llvm,ACCEPT,0,0,0,9,0,0,0,0,0,0,0,0
dnsutils-emacs-memcached,3,dnsutils emacs memcached,ACCEPT,0,0,0,2,0,0,0,0,0,0,0,0
dnsutils-emacs-mta-msmtp,3,dnsutils emacs mta-msmtp,ACCEPT,0,0,0,2,0,0,0,0,0,0,0,0
dnsutils-emacs-mta-nullmailer,3,dnsutils emacs mta-nullmailer,ACCEPT,0,0,0,2,0,0,0,0,0,0,0,0
dnsutils-emacs-mysql,3,dnsutils emacs mysql,ACCEPT,0,0,0,5,0,0,0,0,0,0,0,0
dnsutils-emacs-nc-openbsd,3,dnsutils emacs nc-openbsd,ACCEPT,0,0,0,4,0,0,0,0,0,0,0,0
dnsutils-emacs-nc-traditional,3,dnsutils emacs nc-traditional,ACCEPT,0,0,0,2,0,0,0,0,0,0,0,0
dnsutils-emacs-nvidia-driver-535,3,dnsutils emacs nvidia-driver-535,ACCEPT,0,0,0,2,0,0,0,0,0,0,0,0
dnsutils-emacs-original-awk,3,dnsutils emacs original-awk,ACCEPT,0,0,0,2,0,0,0,0,0,0,0,0
dnsutils-emacs-pgclient,3,dnsutils emacs pgclient,ACCEPT,0,0,0,2,0,0,0,0,0,0,0,0
dnsutils-emacs-pipdemo,3,dnsutils emacs pipdemo,ACCEPT,0,0,0,2,0,0,0,0,0,0,0,0
dnsutils-emacs-postgres,3,dnsutils emacs postgres,ACCEPT,0,0,0,9,0,0,0,0,0,0,0,0
dnsutils-emacs-pytools,3,dnsutils emacs pytools,ACCEPT,0,0,0,2,0,0,0,0,0,0,0,0
dnsutils-emacs-pyyaml,3,dnsutils emacs pyyaml,ACCEPT,0,0,0,2,0,0,0,0,0,0,0,0
dnsutils-emacs-redis,3,dnsutils emacs redis,ACCEPT,0,0,0,2,0,0,0,0,0,0,0,0
dnsutils-emacs-rsync,3,dnsutils emacs rsync,ACCEPT,0,0,0,2,0,0,0,0,0,0,0,0
dnsutils-emacs-rust,3,dnsutils emacs rust,ACCEPT,0,0,0,3,0,0,0,0,0,0,0,0
dnsutils-emacs-socat,3,dnsutils emacs socat,ACCEPT,0,0,0,2,0,0,0,0,0,0,0,0
dnsutils-emacs-sqlite,3,dnsutils emacs sqlite,ACCEPT,0,0,0,2,0,0,0,0,0,0,0,0
dnsutils-emacs-tcpdump,3,dnsutils emacs tcpdump,ACCEPT,0,0,0,3,0,0,0,0,0,0,0,0
dnsutils-emacs-tmux,3,dnsutils emacs tmux,ACCEPT,0,0,0,2,0,0,0,0,0,0,0,0
dnsutils-emacs-vim,3,dnsutils emacs vim,ACCEPT,0,0,0,3,0,0,0,0,0,0,0,0
dnsutils-emacs-webserver,3,dnsutils emacs webserver,ACCEPT,0,0,0,9,0,0,0,0,0,0,0,0
dnsutils-emacs-wget,3,dnsutils emacs wget,ACCEPT,0,0,0,2,0,0,0,0,0,0,0,0
dnsutils-emacs-zstd,3,dnsutils emacs zstd,ACCEPT,0,0,0,2,0,0,0,0,0,0,0,0
dnsutils-fake-cuda,2,dnsutils fake-cuda,REJECT,1,1,0,0,0,0,0,0,0,1,0,0
dnsutils-fake-cuda-fake-nvidia-driver,3,dnsutils fake-cuda fake-nvidia-driver,ACCEPT,0,0,0,0,0,0,0,0,0,0,0,0
dnsutils-fake-cuda-gawk,3,dnsutils fake-cuda gawk,REJECT,1,1,0,0,0,0,0,0,0,1,0,0
dnsutils-fake-cuda-gcc,3,dnsutils fake-cuda gcc,REJECT,1,1,0,0,0,0,0,0,0,1,0,0
dnsutils-fake-cuda-git,3,dnsutils fake-cuda git,REJECT,1,1,0,1,0,0,0,0,0,1,0,0
dnsutils-fake-cuda-htop,3,dnsutils fake-cuda htop,REJECT,1,1,0,0,0,0,0,0,0,1,0,0
dnsutils-fake-cuda-java,3,dnsutils fake-cuda java,REJECT,1,1,0,0,0,0,0,0,0,1,0,0
dnsutils-fake-cuda-jq,3,dnsutils fake-cuda jq,REJECT,1,1,0,0,0,0,0,0,0,1,0,0
dnsutils-fake-cuda-llvm,3,dnsutils fake-cuda llvm,REJECT,1,1,0,5,0,0,0,0,0,1,0,0
dnsutils-fake-cuda-memcached,3,dnsutils fake-cuda memcached,REJECT,1,1,0,0,0,0,0,0,0,1,0,0
dnsutils-fake-cuda-mta-msmtp,3,dnsutils fake-cuda mta-msmtp,REJECT,1,1,0,0,0,0,0,0,0,1,0,0
dnsutils-fake-cuda-mta-nullmailer,3,dnsutils fake-cuda mta-nullmailer,REJECT,1,1,0,0,0,0,0,0,0,1,0,0
dnsutils-fake-cuda-mysql,3,dnsutils fake-cuda mysql,REJECT,1,1,0,3,0,0,0,0,0,1,0,0
dnsutils-fake-cuda-nc-openbsd,3,dnsutils fake-cuda nc-openbsd,REJECT,1,1,0,2,0,0,0,0,0,1,0,0
dnsutils-fake-cuda-nc-traditional,3,dnsutils fake-cuda nc-traditional,REJECT,1,1,0,0,0,0,0,0,0,1,0,0
dnsutils-fake-cuda-nvidia-driver-535,3,dnsutils fake-cuda nvidia-driver-535,REJECT,1,1,0,0,0,0,0,0,0,1,0,0
dnsutils-fake-cuda-original-awk,3,dnsutils fake-cuda original-awk,REJECT,1,1,0,0,0,0,0,0,0,1,0,0
dnsutils-fake-cuda-pgclient,3,dnsutils fake-cuda pgclient,REJECT,1,1,0,0,0,0,0,0,0,1,0,0
dnsutils-fake-cuda-pipdemo,3,dnsutils fake-cuda pipdemo,REJECT,1,1,0,0,0,0,0,0,0,1,0,0
dnsutils-fake-cuda-postgres,3,dnsutils fake-cuda postgres,REJECT,1,1,0,5,0,0,0,0,0,1,0,0
dnsutils-fake-cuda-pytools,3,dnsutils fake-cuda pytools,REJECT,1,1,0,0,0,0,0,0,0,1,0,0
dnsutils-fake-cuda-pyyaml,3,dnsutils fake-cuda pyyaml,REJECT,1,1,0,0,0,0,0,0,0,1,0,0
dnsutils-fake-cuda-redis,3,dnsutils fake-cuda redis,REJECT,1,1,0,0,0,0,0,0,0,1,0,0
dnsutils-fake-cuda-rsync,3,dnsutils fake-cuda rsync,REJECT,1,1,0,0,0,0,0,0,0,1,0,0
dnsutils-fake-cuda-rust,3,dnsutils fake-cuda rust,REJECT,1,1,0,1,0,0,0,0,0,1,0,0
dnsutils-fake-cuda-socat,3,dnsutils fake-cuda socat,REJECT,1,1,0,0,0,0,0,0,0,1,0,0
dnsutils-fake-cuda-sqlite,3,dnsutils fake-cuda sqlite,REJECT,1,1,0,0,0,0,0,0,0,1,0,0
dnsutils-fake-cuda-tcpdump,3,dnsutils fake-cuda tcpdump,REJECT,1,1,0,0,0,0,0,0,0,1,0,0
dnsutils-fake-cuda-tmux,3,dnsutils fake-cuda tmux,REJECT,1,1,0,0,0,0,0,0,0,1,0,0
dnsutils-fake-cuda-vim,3,dnsutils fake-cuda vim,REJECT,1,1,0,0,0,0,0,0,0,1,0,0
dnsutils-fake-cuda-webserver,3,dnsutils fake-cuda webserver,REJECT,1,1,0,5,0,0,0,0,0,1,0,0
dnsutils-fake-cuda-wget,3,dnsutils fake-cuda wget,REJECT,1,1,0,0,0,0,0,0,0,1,0,0
dnsutils-fake-cuda-zstd,3,dnsutils fake-cuda zstd,REJECT,1,1,0,0,0,0,0,0,0,1,0,0
dnsutils-fake-nvidia-driver,2,dnsutils fake-nvidia-driver,ACCEPT,0,0,0,0,0,0,0,0,0,0,0,0
dnsutils-fake-nvidia-driver-gawk,3,dnsutils fake-nvidia-driver gawk,ACCEPT,0,0,0,0,0,0,0,0,0,0,0,0
dnsutils-fake-nvidia-driver-gcc,3,dnsutils fake-nvidia-driver gcc,ACCEPT,0,0,0,0,0,0,0,0,0,0,0,0
dnsutils-fake-nvidia-driver-git,3,dnsutils fake-nvidia-driver git,ACCEPT,0,0,0,1,0,0,0,0,0,0,0,0
dnsutils-fake-nvidia-driver-htop,3,dnsutils fake-nvidia-driver htop,ACCEPT,0,0,0,0,0,0,0,0,0,0,0,0
dnsutils-fake-nvidia-driver-java,3,dnsutils fake-nvidia-driver java,ACCEPT,0,0,0,0,0,0,0,0,0,0,0,0
dnsutils-fake-nvidia-driver-jq,3,dnsutils fake-nvidia-driver jq,ACCEPT,0,0,0,0,0,0,0,0,0,0,0,0
dnsutils-fake-nvidia-driver-llvm,3,dnsutils fake-nvidia-driver llvm,ACCEPT,0,0,0,5,0,0,0,0,0,0,0,0
dnsutils-fake-nvidia-driver-memcached,3,dnsutils fake-nvidia-driver memcached,ACCEPT,0,0,0,0,0,0,0,0,0,0,0,0
dnsutils-fake-nvidia-driver-mta-msmtp,3,dnsutils fake-nvidia-driver mta-msmtp,ACCEPT,0,0,0,0,0,0,0,0,0,0,0,0
dnsutils-fake-nvidia-driver-mta-nullmailer,3,dnsutils fake-nvidia-driver mta-nullmailer,ACCEPT,0,0,0,0,0,0,0,0,0,0,0,0
dnsutils-fake-nvidia-driver-mysql,3,dnsutils fake-nvidia-driver mysql,ACCEPT,0,0,0,3,0,0,0,0,0,0,0,0
dnsutils-fake-nvidia-driver-nc-openbsd,3,dnsutils fake-nvidia-driver nc-openbsd,ACCEPT,0,0,0,2,0,0,0,0,0,0,0,0
dnsutils-fake-nvidia-driver-nc-traditional,3,dnsutils fake-nvidia-driver nc-traditional,ACCEPT,0,0,0,0,0,0,0,0,0,0,0,0
dnsutils-fake-nvidia-driver-nvidia-driver-535,3,dnsutils fake-nvidia-driver nvidia-driver-535,ACCEPT,0,0,0,0,0,0,0,0,0,0,0,0
dnsutils-fake-nvidia-driver-original-awk,3,dnsutils fake-nvidia-driver original-awk,ACCEPT,0,0,0,0,0,0,0,0,0,0,0,0
dnsutils-fake-nvidia-driver-pgclient,3,dnsutils fake-nvidia-driver pgclient,ACCEPT,0,0,0,0,0,0,0,0,0,0,0,0
dnsutils-fake-nvidia-driver-pipdemo,3,dnsutils fake-nvidia-driver pipdemo,ACCEPT,0,0,0,0,0,0,0,0,0,0,0,0
dnsutils-fake-nvidia-driver-postgres,3,dnsutils fake-nvidia-driver postgres,ACCEPT,0,0,0,5,0,0,0,0,0,0,0,0
dnsutils-fake-nvidia-driver-pytools,3,dnsutils fake-nvidia-driver pytools,ACCEPT,0,0,0,0,0,0,0,0,0,0,0,0
dnsutils-fake-nvidia-driver-pyyaml,3,dnsutils fake-nvidia-driver pyyaml,ACCEPT,0,0,0,0,0,0,0,0,0,0,0,0
dnsutils-fake-nvidia-driver-redis,3,dnsutils fake-nvidia-driver redis,ACCEPT,0,0,0,0,0,0,0,0,0,0,0,0
dnsutils-fake-nvidia-driver-rsync,3,dnsutils fake-nvidia-driver rsync,ACCEPT,0,0,0,0,0,0,0,0,0,0,0,0
dnsutils-fake-nvidia-driver-rust,3,dnsutils fake-nvidia-driver rust,ACCEPT,0,0,0,1,0,0,0,0,0,0,0,0
dnsutils-fake-nvidia-driver-socat,3,dnsutils fake-nvidia-driver socat,ACCEPT,0,0,0,0,0,0,0,0,0,0,0,0
dnsutils-fake-nvidia-driver-sqlite,3,dnsutils fake-nvidia-driver sqlite,ACCEPT,0,0,0,0,0,0,0,0,0,0,0,0
dnsutils-fake-nvidia-driver-tcpdump,3,dnsutils fake-nvidia-driver tcpdump,ACCEPT,0,0,0,0,0,0,0,0,0,0,0,0
dnsutils-fake-nvidia-driver-tmux,3,dnsutils fake-nvidia-driver tmux,ACCEPT,0,0,0,0,0,0,0,0,0,0,0,0
dnsutils-fake-nvidia-driver-vim,3,dnsutils fake-nvidia-driver vim,ACCEPT,0,0,0,0,0,0,0,0,0,0,0,0
dnsutils-fake-nvidia-driver-webserver,3,dnsutils fake-nvidia-driver webserver,ACCEPT,0,0,0,5,0,0,0,0,0,0,0,0
dnsutils-fake-nvidia-driver-wget,3,dnsutils fake-nvidia-driver wget,ACCEPT,0,0,0,0,0,0,0,0,0,0,0,0
dnsutils-fake-nvidia-driver-zstd,3,dnsutils fake-nvidia-driver zstd,ACCEPT,0,0,0,0,0,0,0,0,0,0,0,0
dnsutils-gawk,2,dnsutils gawk,ACCEPT,0,0,0,0,0,0,0,0,0,0,0,0
dnsutils-gawk-gcc,3,dnsutils gawk gcc,ACCEPT,0,0,0,1,0,0,0,0,0,0,0,0
dnsutils-gawk-git,3,dnsutils gawk git,ACCEPT,0,0,0,1,0,0,0,0,0,0,0,0
dnsutils-gawk-htop,3,dnsutils gawk htop,ACCEPT,0,0,0,0,0,0,0,0,0,0,0,0
dnsutils-gawk-java,3,dnsutils gawk java,ACCEPT,0,0,0,0,0,0,0,0,0,0,0,0
dnsutils-gawk-jq,3,dnsutils gawk jq,ACCEPT,0,0,0,0,0,0,0,0,0,0,0,0
dnsutils-gawk-llvm,3,dnsutils gawk llvm,ACCEPT,0,0,0,5,0,0,0,0,0,0,0,0
dnsutils-gawk-memcached,3,dnsutils gawk memcached,ACCEPT,0,0,0,0,0,0,0,0,0,0,0,0
dnsutils-gawk-mta-msmtp,3,dnsutils gawk mta-msmtp,ACCEPT,0,0,0,0,0,0,0,0,0,0,0,0
dnsutils-gawk-mta-nullmailer,3,dnsutils gawk mta-nullmailer,ACCEPT,0,0,0,0,0,0,0,0,0,0,0,0
dnsutils-gawk-mysql,3,dnsutils gawk mysql,ACCEPT,0,0,0,8,0,0,0,0,0,0,0,0
dnsutils-gawk-nc-openbsd,3,dnsutils gawk nc-openbsd,ACCEPT,0,0,0,2,0,0,0,0,0,0,0,0
dnsutils-gawk-nc-traditional,3,dnsutils gawk nc-traditional,ACCEPT,0,0,0,0,0,0,0,0,0,0,0,0
dnsutils-gawk-nvidia-driver-535,3,dnsutils gawk nvidia-driver-535,ACCEPT,0,0,0,0,0,0,0,0,0,0,0,0
dnsutils-gawk-original-awk,3,dnsutils gawk original-awk,ACCEPT,0,0,0,0,0,0,0,0,0,0,0,0
dnsutils-gawk-pgclient,3,dnsutils gawk pgclient,ACCEPT,0,0,0,2,0,0,0,0,0,0,0,0
dnsutils-gawk-pipdemo,3,dnsutils gawk pipdemo,ACCEPT,0,0,0,2,0,0,0,0,0,0,0,0
dnsutils-gawk-postgres,3,dnsutils gawk postgres,ACCEPT,0,0,0,7,0,0,0,0,0,0,0,0
dnsutils-gawk-pytools,3,dnsutils gawk pytools,ACCEPT,0,0,0,2,0,0,0,0,0,0,0,0
dnsutils-gawk-pyyaml,3,dnsutils gawk pyyaml,ACCEPT,0,0,0,2,0,0,0,0,0,0,0,0
dnsutils-gawk-redis,3,dnsutils gawk redis,ACCEPT,0,0,0,0,0,0,0,0,0,0,0,0
dnsutils-gawk-rsync,3,dnsutils gawk rsync,ACCEPT,0,0,0,0,0,0,0,0,0,0,0,0
dnsutils-gawk-rust,3,dnsutils gawk rust,ACCEPT,0,0,0,2,0,0,0,0,0,0,0,0
dnsutils-gawk-socat,3,dnsutils gawk socat,ACCEPT,0,0,0,0,0,0,0,0,0,0,0,0
dnsutils-gawk-sqlite,3,dnsutils gawk sqlite,ACCEPT,0,0,0,2,0,0,0,0,0,0,0,0
dnsutils-gawk-tcpdump,3,dnsutils gawk tcpdump,ACCEPT,0,0,0,0,0,0,0,0,0,0,0,0
dnsutils-gawk-tmux,3,dnsutils gawk tmux,ACCEPT,0,0,0,0,0,0,0,0,0,0,0,0
dnsutils-gawk-vim,3,dnsutils gawk vim,ACCEPT,0,0,0,2,0,0,0,0,0,0,0,0
dnsutils-gawk-webserver,3,dnsutils gawk webserver,ACCEPT,0,0,0,5,0,0,0,0,0,0,0,0
dnsutils-gawk-wget,3,dnsutils gawk wget,ACCEPT,0,0,0,0,0,0,0,0,0,0,0,0
dnsutils-gawk-zstd,3,dnsutils gawk zstd,ACCEPT,0,0,0,0,0,0,0,0,0,0,0,0
dnsutils-gcc,2,dnsutils gcc,ACCEPT,0,0,0,0,0,0,0,0,0,0,0,0
dnsutils-gcc-git,3,dnsutils gcc git,ACCEPT,0,0,0,6,0,0,0,0,0,0,0,0
dnsutils-gcc-htop,3,dnsutils gcc htop,ACCEPT,0,0,0,0,0,0,0,0,0,0,0,0
dnsutils-gcc-java,3,dnsutils gcc java,ACCEPT,0,0,0,0,0,0,0,0,0,0,0,0
dnsutils-gcc-jq,3,dnsutils gcc jq,ACCEPT,0,0,0,5,0,0,0,0,0,0,0,0
dnsutils-gcc-llvm,3,dnsutils gcc llvm,ACCEPT,0,0,0,29,0,0,0,0,0,0,0,0
dnsutils-gcc-memcached,3,dnsutils gcc memcached,ACCEPT,0,0,0,5,0,0,0,0,0,0,0,0
dnsutils-gcc-mta-msmtp,3,dnsutils gcc mta-msmtp,ACCEPT,0,0,0,0,0,0,0,0,0,0,0,0
dnsutils-gcc-mta-nullmailer,3,dnsutils gcc mta-nullmailer,ACCEPT,0,0,0,0,0,0,0,0,0,0,0,0
dnsutils-gcc-mysql,3,dnsutils gcc mysql,ACCEPT,0,0,0,9,0,0,0,0,0,0,0,0
dnsutils-gcc-nc-openbsd,3,dnsutils gcc nc-openbsd,ACCEPT,0,0,0,2,0,0,0,0,0,0,0,0
dnsutils-gcc-nc-traditional,3,dnsutils gcc nc-traditional,ACCEPT,0,0,0,0,0,0,0,0,0,0,0,0
dnsutils-gcc-nvidia-driver-535,3,dnsutils gcc nvidia-driver-535,ACCEPT,0,0,0,6,0,0,0,0,0,0,0,0
dnsutils-gcc-original-awk,3,dnsutils gcc original-awk,ACCEPT,0,0,0,0,0,0,0,0,0,0,0,0
dnsutils-gcc-pgclient,3,dnsutils gcc pgclient,ACCEPT,0,0,0,5,0,0,0,0,0,0,0,0
dnsutils-gcc-pipdemo,3,dnsutils gcc pipdemo,ACCEPT,0,0,0,0,0,0,0,0,0,0,0,0
dnsutils-gcc-postgres,3,dnsutils gcc postgres,ACCEPT,0,0,0,10,0,0,0,0,0,0,0,0
dnsutils-gcc-pytools,3,dnsutils gcc pytools,ACCEPT,0,0,0,1,0,0,0,0,0,0,0,0
dnsutils-gcc-pyyaml,3,dnsutils gcc pyyaml,ACCEPT,0,0,0,0,0,0,0,0,0,0,0,0
dnsutils-gcc-redis,3,dnsutils gcc redis,ACCEPT,0,0,0,1,0,0,0,0,0,0,0,0
dnsutils-gcc-rsync,3,dnsutils gcc rsync,ACCEPT,0,0,0,0,0,0,0,0,0,0,0,0
dnsutils-gcc-rust,3,dnsutils gcc rust,ACCEPT,0,0,0,32,0,0,0,0,0,0,0,0
dnsutils-gcc-socat,3,dnsutils gcc socat,ACCEPT,0,0,0,0,0,0,0,0,0,0,0,0
dnsutils-gcc-sqlite,3,dnsutils gcc sqlite,ACCEPT,0,0,0,0,0,0,0,0,0,0,0,0
dnsutils-gcc-tcpdump,3,dnsutils gcc tcpdump,ACCEPT,0,0,0,0,0,0,0,0,0,0,0,0
dnsutils-gcc-tmux,3,dnsutils gcc tmux,ACCEPT,0,0,0,0,0,0,0,0,0,0,0,0
dnsutils-gcc-vim,3,dnsutils gcc vim,ACCEPT,0,0,0,0,0,0,0,0,0,0,0,0
dnsutils-gcc-webserver,3,dnsutils gcc webserver,ACCEPT,0,0,0,5,0,0,0,0,0,0,0,0
dnsutils-gcc-wget,3,dnsutils gcc wget,ACCEPT,0,0,0,0,0,0,0,0,0,0,0,0
dnsutils-gcc-zstd,3,dnsutils gcc zstd,ACCEPT,0,0,0,0,0,0,0,0,0,0,0,0
dnsutils-git,2,dnsutils git,ACCEPT,0,0,0,1,0,0,0,0,0,0,0,0
dnsutils-git-htop,3,dnsutils git htop,ACCEPT,0,0,0,1,0,0,0,0,0,0,0,0
dnsutils-git-java,3,dnsutils git java,ACCEPT,0,0,0,3,0,0,0,0,0,0,0,0
dnsutils-git-jq,3,dnsutils git jq,ACCEPT,0,0,0,6,0,0,0,0,0,0,0,0
dnsutils-git-llvm,3,dnsutils git llvm,ACCEPT,0,0,0,6,0,0,0,0,0,0,0,0
dnsutils-git-memcached,3,dnsutils git memcached,ACCEPT,0,0,0,8,0,0,0,0,0,0,0,0
dnsutils-git-mta-msmtp,3,dnsutils git mta-msmtp,ACCEPT,0,0,0,1,0,0,0,0,0,0,0,0
dnsutils-git-mta-nullmailer,3,dnsutils git mta-nullmailer,ACCEPT,0,0,0,1,0,0,0,0,0,0,0,0
dnsutils-git-mysql,3,dnsutils git mysql,ACCEPT,0,0,0,9,0,0,0,0,0,0,0,0
dnsutils-git-nc-openbsd,3,dnsutils git nc-openbsd,ACCEPT,0,0,0,3,0,0,0,0,0,0,0,0
dnsutils-git-nc-traditional,3,dnsutils git nc-traditional,ACCEPT,0,0,0,1,0,0,0,0,0,0,0,0
dnsutils-git-nvidia-driver-535,3,dnsutils git nvidia-driver-535,ACCEPT,0,0,0,1,0,0,0,0,0,0,0,0
dnsutils-git-original-awk,3,dnsutils git original-awk,ACCEPT,0,0,0,1,0,0,0,0,0,0,0,0
dnsutils-git-pgclient,3,dnsutils git pgclient,ACCEPT,0,0,0,9,0,0,0,0,0,0,0,0
dnsutils-git-pipdemo,3,dnsutils git pipdemo,ACCEPT,0,0,0,2,0,0,0,0,0,0,0,0
dnsutils-git-postgres,3,dnsutils git postgres,ACCEPT,0,0,0,14,0,0,0,0,0,0,0,0
dnsutils-git-pytools,3,dnsutils git pytools,ACCEPT,0,0,0,2,0,0,0,0,0,0,0,0
dnsutils-git-pyyaml,3,dnsutils git pyyaml,ACCEPT,0,0,0,2,0,0,0,0,0,0,0,0
dnsutils-git-redis,3,dnsutils git redis,ACCEPT,0,0,0,1,0,0,0,0,0,0,0,0
dnsutils-git-rsync,3,dnsutils git rsync,ACCEPT,0,0,0,1,0,0,0,0,0,0,0,0
dnsutils-git-rust,3,dnsutils git rust,ACCEPT,0,0,0,11,0,0,0,0,0,0,0,0
dnsutils-git-socat,3,dnsutils git socat,ACCEPT,0,0,0,1,0,0,0,0,0,0,0,0
dnsutils-git-sqlite,3,dnsutils git sqlite,ACCEPT,0,0,0,1,0,0,0,0,0,0,0,0
dnsutils-git-tcpdump,3,dnsutils git tcpdump,ACCEPT,0,0,0,1,0,0,0,0,0,0,0,0
dnsutils-git-tmux,3,dnsutils git tmux,ACCEPT,0,0,0,1,0,0,0,0,0,0,0,0
dnsutils-git-vim,3,dnsutils git vim,ACCEPT,0,0,0,2,0,0,0,0,0,0,0,0
dnsutils-git-webserver,3,dnsutils git webserver,ACCEPT,0,0,0,8,0,0,0,0,0,0,0,0
dnsutils-git-wget,3,dnsutils git wget,ACCEPT,0,0,0,2,0,0,0,0,0,0,0,0
dnsutils-git-zstd,3,dnsutils git zstd,ACCEPT,0,0,0,1,0,0,0,0,0,0,0,0
dnsutils-htop,2,dnsutils htop,ACCEPT,0,0,0,0,0,0,0,0,0,0,0,0
dnsutils-htop-java,3,dnsutils htop java,ACCEPT,0,0,0,0,0,0,0,0,0,0,0,0
dnsutils-htop-jq,3,dnsutils htop jq,ACCEPT,0,0,0,0,0,0,0,0,0,0,0,0
dnsutils-htop-llvm,3,dnsutils htop llvm,ACCEPT,0,0,0,5,0,0,0,0,0,0,0,0
dnsutils-htop-memcached,3,dnsutils htop memcached,ACCEPT,0,0,0,0,0,0,0,0,0,0,0,0
dnsutils-htop-mta-msmtp,3,dnsutils htop mta-msmtp,ACCEPT,0,0,0,0,0,0,0,0,0,0,0,0
dnsutils-htop-mta-nullmailer,3,dnsutils htop mta-nullmailer,ACCEPT,0,0,0,0,0,0,0,0,0,0,0,0
dnsutils-htop-mysql,3,dnsutils htop mysql,ACCEPT,0,0,0,3,0,0,0,0,0,0,0,0
dnsutils-htop-nc-openbsd,3,dnsutils htop nc-openbsd,ACCEPT,0,0,0,2,0,0,0,0,0,0,0,0
dnsutils-htop-nc-traditional,3,dnsutils htop nc-traditional,ACCEPT,0,0,0,0,0,0,0,0,0,0,0,0
dnsutils-htop-nvidia-driver-535,3,dnsutils htop nvidia-driver-535,ACCEPT,0,0,0,0,0,0,0,0,0,0,0,0
dnsutils-htop-original-awk,3,dnsutils htop original-awk,ACCEPT,0,0,0,0,0,0,0,0,0,0,0,0
dnsutils-htop-pgclient,3,dnsutils htop pgclient,ACCEPT,0,0,0,0,0,0,0,0,0,0,0,0
dnsutils-htop-pipdemo,3,dnsutils htop pipdemo,ACCEPT,0,0,0,0,0,0,0,0,0,0,0,0
dnsutils-htop-postgres,3,dnsutils htop postgres,ACCEPT,0,0,0,5,0,0,0,0,0,0,0,0
dnsutils-htop-pytools,3,dnsutils htop pytools,ACCEPT,0,0,0,0,0,0,0,0,0,0,0,0
dnsutils-htop-pyyaml,3,dnsutils htop pyyaml,ACCEPT,0,0,0,0,0,0,0,0,0,0,0,0
dnsutils-htop-redis,3,dnsutils htop redis,ACCEPT,0,0,0,0,0,0,0,0,0,0,0,0
dnsutils-htop-rsync,3,dnsutils htop rsync,ACCEPT,0,0,0,0,0,0,0,0,0,0,0,0
dnsutils-htop-rust,3,dnsutils htop rust,ACCEPT,0,0,0,1,0,0,0,0,0,0,0,0
dnsutils-htop-socat,3,dnsutils htop socat,ACCEPT,0,0,0,0,0,0,0,0,0,0,0,0
dnsutils-htop-sqlite,3,dnsutils htop sqlite,ACCEPT,0,0,0,0,0,0,0,0,0,0,0,0
dnsutils-htop-tcpdump,3,dnsutils htop tcpdump,ACCEPT,0,0,0,0,0,0,0,0,0,0,0,0
dnsutils-htop-tmux,3,dnsutils htop tmux,ACCEPT,0,0,0,0,0,0,0,0,0,0,0,0
dnsutils-htop-vim,3,dnsutils htop vim,ACCEPT,0,0,0,0,0,0,0,0,0,0,0,0
dnsutils-htop-webserver,3,dnsutils htop webserver,ACCEPT,0,0,0,5,0,0,0,0,0,0,0,0
dnsutils-htop-wget,3,dnsutils htop wget,ACCEPT,0,0,0,0,0,0,0,0,0,0,0,0
dnsutils-htop-zstd,3,dnsutils htop zstd,ACCEPT,0,0,0,0,0,0,0,0,0,0,0,0
dnsutils-java,2,dnsutils java,ACCEPT,0,0,0,0,0,0,0,0,0,0,0,0
dnsutils-java-jq,3,dnsutils java jq,ACCEPT,0,0,0,0,0,0,0,0,0,0,0,0
dnsutils-java-llvm,3,dnsutils java llvm,ACCEPT,0,0,0,5,0,0,0,0,0,0,0,0
dnsutils-java-memcached,3,dnsutils java memcached,ACCEPT,0,0,0,0,0,0,0,0,0,0,0,0
dnsutils-java-mta-msmtp,3,dnsutils java mta-msmtp,ACCEPT,0,0,0,2,0,0,0,0,0,0,0,0
dnsutils-java-mta-nullmailer,3,dnsutils java mta-nullmailer,ACCEPT,0,0,0,0,0,0,0,0,0,0,0,0
dnsutils-java-mysql,3,dnsutils java mysql,ACCEPT,0,0,0,3,0,0,0,0,0,0,0,0
dnsutils-java-nc-openbsd,3,dnsutils java nc-openbsd,ACCEPT,0,0,0,2,0,0,0,0,0,0,0,0
dnsutils-java-nc-traditional,3,dnsutils java nc-traditional,ACCEPT,0,0,0,0,0,0,0,0,0,0,0,0
dnsutils-java-nvidia-driver-535,3,dnsutils java nvidia-driver-535,ACCEPT,0,0,0,0,0,0,0,0,0,0,0,0
dnsutils-java-original-awk,3,dnsutils java original-awk,ACCEPT,0,0,0,0,0,0,0,0,0,0,0,0
dnsutils-java-pgclient,3,dnsutils java pgclient,ACCEPT,0,0,0,0,0,0,0,0,0,0,0,0
dnsutils-java-pipdemo,3,dnsutils java pipdemo,ACCEPT,0,0,0,2,0,0,0,0,0,0,0,0
dnsutils-java-postgres,3,dnsutils java postgres,ACCEPT,0,0,0,6,0,0,0,0,0,0,0,0
dnsutils-java-pytools,3,dnsutils java pytools,ACCEPT,0,0,0,2,0,0,0,0,0,0,0,0
dnsutils-java-pyyaml,3,dnsutils java pyyaml,ACCEPT,0,0,0,2,0,0,0,0,0,0,0,0
dnsutils-java-redis,3,dnsutils java redis,ACCEPT,0,0,0,0,0,0,0,0,0,0,0,0
dnsutils-java-rsync,3,dnsutils java rsync,ACCEPT,0,0,0,0,0,0,0,0,0,0,0,0
dnsutils-java-rust,3,dnsutils java rust,ACCEPT,0,0,0,2,0,0,0,0,0,0,0,0
dnsutils-java-socat,3,dnsutils java socat,ACCEPT,0,0,0,0,0,0,0,0,0,0,0,0
dnsutils-java-sqlite,3,dnsutils java sqlite,ACCEPT,0,0,0,1,0,0,0,0,0,0,0,0
dnsutils-java-tcpdump,3,dnsutils java tcpdump,ACCEPT,0,0,0,1,0,0,0,0,0,0,0,0
dnsutils-java-tmux,3,dnsutils java tmux,ACCEPT,0,0,0,0,0,0,0,0,0,0,0,0
dnsutils-java-vim,3,dnsutils java vim,ACCEPT,0,0,0,2,0,0,0,0,0,0,0,0
dnsutils-java-webserver,3,dnsutils java webserver,ACCEPT,0,0,0,15,0,0,0,0,0,0,0,0
dnsutils-java-wget,3,dnsutils java wget,ACCEPT,0,0,0,0,0,0,0,0,0,0,0,0
dnsutils-java-zstd,3,dnsutils java zstd,ACCEPT,0,0,0,0,0,0,0,0,0,0,0,0
dnsutils-jq,2,dnsutils jq,ACCEPT,0,0,0,0,0,0,0,0,0,0,0,0
dnsutils-jq-llvm,3,dnsutils jq llvm,ACCEPT,0,0,0,5,0,0,0,0,0,0,0,0
dnsutils-jq-memcached,3,dnsutils jq memcached,ACCEPT,0,0,0,5,0,0,0,0,0,0,0,0
dnsutils-jq-mta-msmtp,3,dnsutils jq mta-msmtp,ACCEPT,0,0,0,0,0,0,0,0,0,0,0,0
dnsutils-jq-mta-nullmailer,3,dnsutils jq mta-nullmailer,ACCEPT,0,0,0,0,0,0,0,0,0,0,0,0
dnsutils-jq-mysql,3,dnsutils jq mysql,ACCEPT,0,0,0,8,0,0,0,0,0,0,0,0
dnsutils-jq-nc-openbsd,3,dnsutils jq nc-openbsd,ACCEPT,0,0,0,2,0,0,0,0,0,0,0,0
dnsutils-jq-nc-traditional,3,dnsutils jq nc-traditional,ACCEPT,0,0,0,0,0,0,0,0,0,0,0,0
dnsutils-jq-nvidia-driver-535,3,dnsutils jq nvidia-driver-535,ACCEPT,0,0,0,0,0,0,0,0,0,0,0,0
dnsutils-jq-original-awk,3,dnsutils jq original-awk,ACCEPT,0,0,0,0,0,0,0,0,0,0,0,0
dnsutils-jq-pgclient,3,dnsutils jq pgclient,ACCEPT,0,0,0,5,0,0,0,0,0,0,0,0
dnsutils-jq-pipdemo,3,dnsutils jq pipdemo,ACCEPT,0,0,0,0,0,0,0,0,0,0,0,0
dnsutils-jq-postgres,3,dnsutils jq postgres,ACCEPT,0,0,0,10,0,0,0,0,0,0,0,0
dnsutils-jq-pytools,3,dnsutils jq pytools,ACCEPT,0,0,0,0,0,0,0,0,0,0,0,0
dnsutils-jq-pyyaml,3,dnsutils jq pyyaml,ACCEPT,0,0,0,0,0,0,0,0,0,0,0,0
dnsutils-jq-redis,3,dnsutils jq redis,ACCEPT,0,0,0,0,0,0,0,0,0,0,0,0
dnsutils-jq-rsync,3,dnsutils jq rsync,ACCEPT,0,0,0,0,0,0,0,0,0,0,0,0
dnsutils-jq-rust,3,dnsutils jq rust,ACCEPT,0,0,0,1,0,0,0,0,0,0,0,0
dnsutils-jq-socat,3,dnsutils jq socat,ACCEPT,0,0,0,0,0,0,0,0,0,0,0,0
dnsutils-jq-sqlite,3,dnsutils jq sqlite,ACCEPT,0,0,0,0,0,0,0,0,0,0,0,0
dnsutils-jq-tcpdump,3,dnsutils jq tcpdump,ACCEPT,0,0,0,0,0,0,0,0,0,0,0,0
dnsutils-jq-tmux,3,dnsutils jq tmux,ACCEPT,0,0,0,0,0,0,0,0,0,0,0,0
dnsutils-jq-vim,3,dnsutils jq vim,ACCEPT,0,0,0,0,0,0,0,0,0,0,0,0
dnsutils-jq-webserver,3,dnsutils jq webserver,ACCEPT,0,0,0,5,0,0,0,0,0,0,0,0
dnsutils-jq-wget,3,dnsutils jq wget,ACCEPT,0,0,0,0,0,0,0,0,0,0,0,0
dnsutils-jq-zstd,3,dnsutils jq zstd,ACCEPT,0,0,0,0,0,0,0,0,0,0,0,0
dnsutils-llvm,2,dnsutils llvm,ACCEPT,0,0,0,5,0,0,0,0,0,0,0,0
dnsutils-llvm-memcached,3,dnsutils llvm memcached,ACCEPT,0,0,0,5,0,0,0,0,0,0,0,0
dnsutils-llvm-mta-msmtp,3,dnsutils llvm mta-msmtp,ACCEPT,0,0,0,5,0,0,0,0,0,0,0,0
dnsutils-llvm-mta-nullmailer,3,dnsutils llvm mta-nullmailer,ACCEPT,0,0,0,5,0,0,0,0,0,0,0,0
dnsutils-llvm-mysql,3,dnsutils llvm mysql,ACCEPT,0,0,0,11,0,0,0,0,0,0,0,0
dnsutils-llvm-nc-openbsd,3,dnsutils llvm nc-openbsd,ACCEPT,0,0,0,9,0,0,0,0,0,0,0,0
dnsutils-llvm-nc-traditional,3,dnsutils llvm nc-traditional,ACCEPT,0,0,0,5,0,0,0,0,0,0,0,0
dnsutils-llvm-nvidia-driver-535,3,dnsutils llvm nvidia-driver-535,ACCEPT,0,0,0,11,0,0,0,0,0,0,0,0
dnsutils-llvm-original-awk,3,dnsutils llvm original-awk,ACCEPT,0,0,0,5,0,0,0,0,0,0,0,0
dnsutils-llvm-pgclient,3,dnsutils llvm pgclient,ACCEPT,0,0,0,5,0,0,0,0,0,0,0,0
dnsutils-llvm-pipdemo,3,dnsutils llvm pipdemo,ACCEPT,0,0,0,5,0,0,0,0,0,0,0,0
dnsutils-llvm-postgres,3,dnsutils llvm postgres,ACCEPT,0,0,0,16,0,0,0,0,0,0,0,0
dnsutils-llvm-pytools,3,dnsutils llvm pytools,ACCEPT,0,0,0,6,0,0,0,0,0,0,0,0
dnsutils-llvm-pyyaml,3,dnsutils llvm pyyaml,ACCEPT,0,0,0,5,0,0,0,0,0,0,0,0
dnsutils-llvm-redis,3,dnsutils llvm redis,ACCEPT,0,0,0,6,0,0,0,0,0,0,0,0
dnsutils-llvm-rsync,3,dnsutils llvm rsync,ACCEPT,0,0,0,5,0,0,0,0,0,0,0,0
dnsutils-llvm-rust,3,dnsutils llvm rust,ACCEPT,0,0,0,29,0,0,0,0,0,0,0,0
dnsutils-llvm-socat,3,dnsutils llvm socat,ACCEPT,0,0,0,5,0,0,0,0,0,0,0,0
dnsutils-llvm-sqlite,3,dnsutils llvm sqlite,ACCEPT,0,0,0,5,0,0,0,0,0,0,0,0
dnsutils-llvm-tcpdump,3,dnsutils llvm tcpdump,ACCEPT,0,0,0,5,0,0,0,0,0,0,0,0
dnsutils-llvm-tmux,3,dnsutils llvm tmux,ACCEPT,0,0,0,5,0,0,0,0,0,0,0,0
dnsutils-llvm-vim,3,dnsutils llvm vim,ACCEPT,0,0,0,5,0,0,0,0,0,0,0,0
dnsutils-llvm-webserver,3,dnsutils llvm webserver,ACCEPT,0,0,0,14,0,0,0,0,0,0,0,0
dnsutils-llvm-wget,3,dnsutils llvm wget,ACCEPT,0,0,0,5,0,0,0,0,0,0,0,0
dnsutils-llvm-zstd,3,dnsutils llvm zstd,ACCEPT,0,0,0,5,0,0,0,0,0,0,0,0
dnsutils-memcached,2,dnsutils memcached,ACCEPT,0,0,0,0,0,0,0,0,0,0,0,0
dnsutils-memcached-mta-msmtp,3,dnsutils memcached mta-msmtp,ACCEPT,0,0,0,0,0,0,0,0,0,0,0,0
dnsutils-memcached-mta-nullmailer,3,dnsutils memcached mta-nullmailer,ACCEPT,0,0,0,0,0,0,0,0,0,0,0,0
dnsutils-memcached-mysql,3,dnsutils memcached mysql,ACCEPT,0,0,0,8,0,0,0,0,0,0,0,0
dnsutils-memcached-nc-openbsd,3,dnsutils memcached nc-openbsd,ACCEPT,0,0,0,2,0,0,0,0,0,0,0,0
dnsutils-memcached-nc-traditional,3,dnsutils memcached nc-traditional,ACCEPT,0,0,0,0,0,0,0,0,0,0,0,0
dnsutils-memcached-nvidia-driver-535,3,dnsutils memcached nvidia-driver-535,ACCEPT,0,0,0,0,0,0,0,0,0,0,0,0
dnsutils-memcached-original-awk,3,dnsutils memcached original-awk,ACCEPT,0,0,0,0,0,0,0,0,0,0,0,0
dnsutils-memcached-pgclient,3,dnsutils memcached pgclient,ACCEPT,0,0,0,7,0,0,0,0,0,0,0,0
dnsutils-memcached-pipdemo,3,dnsutils memcached pipdemo,ACCEPT,0,0,0,0,0,0,0,0,0,0,0,0
dnsutils-memcached-postgres,3,dnsutils memcached postgres,ACCEPT,0,0,0,12,0,0,0,0,0,0,0,0
dnsutils-memcached-pytools,3,dnsutils memcached pytools,ACCEPT,0,0,0,0,0,0,0,0,0,0,0,0
dnsutils-memcached-pyyaml,3,dnsutils memcached pyyaml,ACCEPT,0,0,0,0,0,0,0,0,0,0,0,0
dnsutils-memcached-redis,3,dnsutils memcached redis,ACCEPT,0,0,0,0,0,0,0,0,0,0,0,0
dnsutils-memcached-rsync,3,dnsutils memcached rsync,ACCEPT,0,0,0,0,0,0,0,0,0,0,0,0
dnsutils-memcached-rust,3,dnsutils memcached rust,ACCEPT,0,0,0,3,0,0,0,0,0,0,0,0
dnsutils-memcached-socat,3,dnsutils memcached socat,ACCEPT,0,0,0,0,0,0,0,0,0,0,0,0
dnsutils-memcached-sqlite,3,dnsutils memcached sqlite,ACCEPT,0,0,0,0,0,0,0,0,0,0,0,0
dnsutils-memcached-tcpdump,3,dnsutils memcached tcpdump,ACCEPT,0,0,0,0,0,0,0,0,0,0,0,0
dnsutils-memcached-tmux,3,dnsutils memcached tmux,ACCEPT,0,0,0,0,0,0,0,0,0,0,0,0
dnsutils-memcached-vim,3,dnsutils memcached vim,ACCEPT,0,0,0,0,0,0,0,0,0,0,0,0
dnsutils-memcached-webserver,3,dnsutils memcached webserver,ACCEPT,0,0,0,5,0,0,0,0,0,0,0,0
dnsutils-memcached-wget,3,dnsutils memcached wget,ACCEPT,0,0,0,0,0,0,0,0,0,0,0,0
dnsutils-memcached-zstd,3,dnsutils memcached zstd,ACCEPT,0,0,0,0,0,0,0,0,0,0,0,0
dnsutils-mta-msmtp,2,dnsutils mta-msmtp,ACCEPT,0,0,0,0,0,0,0,0,0,0,0,0
dnsutils-mta-msmtp-mta-nullmailer,3,dnsutils mta-msmtp mta-nullmailer,REJECT,1,2,0,0,0,2,0,4,0,0,0,0
dnsutils-mta-msmtp-mysql,3,dnsutils mta-msmtp mysql,ACCEPT,0,0,0,3,0,0,0,0,0,0,0,0
dnsutils-mta-msmtp-nc-openbsd,3,dnsutils mta-msmtp nc-openbsd,ACCEPT,0,0,0,2,0,0,0,0,0,0,0,0
dnsutils-mta-msmtp-nc-traditional,3,dnsutils mta-msmtp nc-traditional,ACCEPT,0,0,0,0,0,0,0,0,0,0,0,0
dnsutils-mta-msmtp-nvidia-driver-535,3,dnsutils mta-msmtp nvidia-driver-535,ACCEPT,0,0,0,0,0,0,0,0,0,0,0,0
dnsutils-mta-msmtp-original-awk,3,dnsutils mta-msmtp original-awk,ACCEPT,0,0,0,0,0,0,0,0,0,0,0,0
dnsutils-mta-msmtp-pgclient,3,dnsutils mta-msmtp pgclient,ACCEPT,0,0,0,0,0,0,0,0,0,0,0,0
dnsutils-mta-msmtp-pipdemo,3,dnsutils mta-msmtp pipdemo,ACCEPT,0,0,0,0,0,0,0,0,0,0,0,0
dnsutils-mta-msmtp-postgres,3,dnsutils mta-msmtp postgres,ACCEPT,0,0,0,6,0,0,0,0,0,0,0,0
dnsutils-mta-msmtp-pytools,3,dnsutils mta-msmtp pytools,ACCEPT,0,0,0,0,0,0,0,0,0,0,0,0
dnsutils-mta-msmtp-pyyaml,3,dnsutils mta-msmtp pyyaml,ACCEPT,0,0,0,0,0,0,0,0,0,0,0,0
dnsutils-mta-msmtp-redis,3,dnsutils mta-msmtp redis,ACCEPT,0,0,0,0,0,0,0,0,0,0,0,0
dnsutils-mta-msmtp-rsync,3,dnsutils mta-msmtp rsync,ACCEPT,0,0,0,0,0,0,0,0,0,0,0,0
dnsutils-mta-msmtp-rust,3,dnsutils mta-msmtp rust,ACCEPT,0,0,0,1,0,0,0,0,0,0,0,0
dnsutils-mta-msmtp-socat,3,dnsutils mta-msmtp socat,ACCEPT,0,0,0,0,0,0,0,0,0,0,0,0
dnsutils-mta-msmtp-sqlite,3,dnsutils mta-msmtp sqlite,ACCEPT,0,0,0,0,0,0,0,0,0,0,0,0
dnsutils-mta-msmtp-tcpdump,3,dnsutils mta-msmtp tcpdump,ACCEPT,0,0,0,0,0,0,0,0,0,0,0,0
dnsutils-mta-msmtp-tmux,3,dnsutils mta-msmtp tmux,ACCEPT,0,0,0,0,0,0,0,0,0,0,0,0
dnsutils-mta-msmtp-vim,3,dnsutils mta-msmtp vim,ACCEPT,0,0,0,0,0,0,0,0,0,0,0,0
dnsutils-mta-msmtp-webserver,3,dnsutils mta-msmtp webserver,ACCEPT,0,0,0,6,0,0,0,0,0,0,0,0
dnsutils-mta-msmtp-wget,3,dnsutils mta-msmtp wget,ACCEPT,0,0,0,0,0,0,0,0,0,0,0,0
dnsutils-mta-msmtp-zstd,3,dnsutils mta-msmtp zstd,ACCEPT,0,0,0,0,0,0,0,0,0,0,0,0
dnsutils-mta-nullmailer,2,dnsutils mta-nullmailer,ACCEPT,0,0,0,0,0,0,0,0,0,0,0,0
dnsutils-mta-nullmailer-mysql,3,dnsutils mta-nullmailer mysql,ACCEPT,0,0,0,3,0,0,0,0,0,0,0,0
dnsutils-mta-nullmailer-nc-openbsd,3,dnsutils mta-nullmailer nc-openbsd,ACCEPT,0,0,0,2,0,0,0,0,0,0,0,0
dnsutils-mta-nullmailer-nc-traditional,3,dnsutils mta-nullmailer nc-traditional,ACCEPT,0,0,0,0,0,0,0,0,0,0,0,0
dnsutils-mta-nullmailer-nvidia-driver-535,3,dnsutils mta-nullmailer nvidia-driver-535,ACCEPT,0,0,0,0,0,0,0,0,0,0,0,0
dnsutils-mta-nullmailer-original-awk,3,dnsutils mta-nullmailer original-awk,ACCEPT,0,0,0,0,0,0,0,0,0,0,0,0
dnsutils-mta-nullmailer-pgclient,3,dnsutils mta-nullmailer pgclient,ACCEPT,0,0,0,0,0,0,0,0,0,0,0,0
dnsutils-mta-nullmailer-pipdemo,3,dnsutils mta-nullmailer pipdemo,ACCEPT,0,0,0,0,0,0,0,0,0,0,0,0
dnsutils-mta-nullmailer-postgres,3,dnsutils mta-nullmailer postgres,ACCEPT,0,0,0,5,0,0,0,0,0,0,0,0
dnsutils-mta-nullmailer-pytools,3,dnsutils mta-nullmailer pytools,ACCEPT,0,0,0,0,0,0,0,0,0,0,0,0
dnsutils-mta-nullmailer-pyyaml,3,dnsutils mta-nullmailer pyyaml,ACCEPT,0,0,0,0,0,0,0,0,0,0,0,0
dnsutils-mta-nullmailer-redis,3,dnsutils mta-nullmailer redis,ACCEPT,0,0,0,0,0,0,0,0,0,0,0,0
dnsutils-mta-nullmailer-rsync,3,dnsutils mta-nullmailer rsync,ACCEPT,0,0,0,0,0,0,0,0,0,0,0,0
dnsutils-mta-nullmailer-rust,3,dnsutils mta-nullmailer rust,ACCEPT,0,0,0,1,0,0,0,0,0,0,0,0
dnsutils-mta-nullmailer-socat,3,dnsutils mta-nullmailer socat,ACCEPT,0,0,0,0,0,0,0,0,0,0,0,0
dnsutils-mta-nullmailer-sqlite,3,dnsutils mta-nullmailer sqlite,ACCEPT,0,0,0,0,0,0,0,0,0,0,0,0
dnsutils-mta-nullmailer-tcpdump,3,dnsutils mta-nullmailer tcpdump,ACCEPT,0,0,0,0,0,0,0,0,0,0,0,0
dnsutils-mta-nullmailer-tmux,3,dnsutils mta-nullmailer tmux,ACCEPT,0,0,0,0,0,0,0,0,0,0,0,0
dnsutils-mta-nullmailer-vim,3,dnsutils mta-nullmailer vim,ACCEPT,0,0,0,0,0,0,0,0,0,0,0,0
dnsutils-mta-nullmailer-webserver,3,dnsutils mta-nullmailer webserver,ACCEPT,0,0,0,5,0,0,0,0,0,0,0,0
dnsutils-mta-nullmailer-wget,3,dnsutils mta-nullmailer wget,ACCEPT,0,0,0,0,0,0,0,0,0,0,0,0
dnsutils-mta-nullmailer-zstd,3,dnsutils mta-nullmailer zstd,ACCEPT,0,0,0,0,0,0,0,0,0,0,0,0
dnsutils-mysql,2,dnsutils mysql,ACCEPT,0,0,0,3,0,0,0,0,0,0,0,0
dnsutils-mysql-nc-openbsd,3,dnsutils mysql nc-openbsd,ACCEPT,0,0,0,7,0,0,0,0,0,0,0,0
dnsutils-mysql-nc-traditional,3,dnsutils mysql nc-traditional,ACCEPT,0,0,0,3,0,0,0,0,0,0,0,0
dnsutils-mysql-nvidia-driver-535,3,dnsutils mysql nvidia-driver-535,ACCEPT,0,0,0,3,0,0,0,0,0,0,0,0
dnsutils-mysql-original-awk,3,dnsutils mysql original-awk,ACCEPT,0,0,0,3,0,0,0,0,0,0,0,0
dnsutils-mysql-pgclient,3,dnsutils mysql pgclient,ACCEPT,0,0,0,10,0,0,0,0,0,0,0,0
dnsutils-mysql-pipdemo,3,dnsutils mysql pipdemo,ACCEPT,0,0,0,5,0,0,0,0,0,0,0,0
dnsutils-mysql-postgres,3,dnsutils mysql postgres,ACCEPT,0,0,0,18,0,0,0,0,0,0,0,0
dnsutils-mysql-pytools,3,dnsutils mysql pytools,ACCEPT,0,0,0,5,0,0,0,0,0,0,0,0
dnsutils-mysql-pyyaml,3,dnsutils mysql pyyaml,ACCEPT,0,0,0,5,0,0,0,0,0,0,0,0
dnsutils-mysql-redis,3,dnsutils mysql redis,ACCEPT,0,0,0,3,0,0,0,0,0,0,0,0
dnsutils-mysql-rsync,3,dnsutils mysql rsync,ACCEPT,0,0,0,5,0,0,0,0,0,0,0,0
dnsutils-mysql-rust,3,dnsutils mysql rust,ACCEPT,0,0,0,5,0,0,0,0,0,0,0,0
dnsutils-mysql-socat,3,dnsutils mysql socat,ACCEPT,0,0,0,5,0,0,0,0,0,0,0,0
dnsutils-mysql-sqlite,3,dnsutils mysql sqlite,ACCEPT,0,0,0,5,0,0,0,0,0,0,0,0
dnsutils-mysql-tcpdump,3,dnsutils mysql tcpdump,ACCEPT,0,0,0,3,0,0,0,0,0,0,0,0
dnsutils-mysql-tmux,3,dnsutils mysql tmux,ACCEPT,0,0,0,3,0,0,0,0,0,0,0,0
dnsutils-mysql-vim,3,dnsutils mysql vim,ACCEPT,0,0,0,5,0,0,0,0,0,0,0,0
dnsutils-mysql-webserver,3,dnsutils mysql webserver,ACCEPT,0,0,0,16,0,0,0,0,0,0,0,0
dnsutils-mysql-wget,3,dnsutils mysql wget,ACCEPT,0,0,0,3,0,0,0,0,0,0,0,0
dnsutils-mysql-zstd,3,dnsutils mysql zstd,ACCEPT,0,0,0,3,0,0,0,0,0,0,0,0
dnsutils-nc-openbsd,2,dnsutils nc-openbsd,ACCEPT,0,0,0,2,0,0,0,0,0,0,0,0
dnsutils-nc-openbsd-nc-traditional,3,dnsutils nc-openbsd nc-traditional,ACCEPT,0,0,0,2,0,0,0,0,0,0,0,0
dnsutils-nc-openbsd-nvidia-driver-535,3,dnsutils nc-openbsd nvidia-driver-535,ACCEPT,0,0,0,2,0,0,0,0,0,0,0,0
dnsutils-nc-openbsd-original-awk,3,dnsutils nc-openbsd original-awk,ACCEPT,0,0,0,2,0,0,0,0,0,0,0,0
dnsutils-nc-openbsd-pgclient,3,dnsutils nc-openbsd pgclient,ACCEPT,0,0,0,2,0,0,0,0,0,0,0,0
dnsutils-nc-openbsd-pipdemo,3,dnsutils nc-openbsd pipdemo,ACCEPT,0,0,0,2,0,0,0,0,0,0,0,0
dnsutils-nc-openbsd-postgres,3,dnsutils nc-openbsd postgres,ACCEPT,0,0,0,9,0,0,0,0,0,0,0,0
dnsutils-nc-openbsd-pytools,3,dnsutils nc-openbsd pytools,ACCEPT,0,0,0,2,0,0,0,0,0,0,0,0
dnsutils-nc-openbsd-pyyaml,3,dnsutils nc-openbsd pyyaml,ACCEPT,0,0,0,2,0,0,0,0,0,0,0,0
dnsutils-nc-openbsd-redis,3,dnsutils nc-openbsd redis,ACCEPT,0,0,0,2,0,0,0,0,0,0,0,0
dnsutils-nc-openbsd-rsync,3,dnsutils nc-openbsd rsync,ACCEPT,0,0,0,2,0,0,0,0,0,0,0,0
dnsutils-nc-openbsd-rust,3,dnsutils nc-openbsd rust,ACCEPT,0,0,0,3,0,0,0,0,0,0,0,0
dnsutils-nc-openbsd-socat,3,dnsutils nc-openbsd socat,ACCEPT,0,0,0,2,0,0,0,0,0,0,0,0
dnsutils-nc-openbsd-sqlite,3,dnsutils nc-openbsd sqlite,ACCEPT,0,0,0,2,0,0,0,0,0,0,0,0
dnsutils-nc-openbsd-tcpdump,3,dnsutils nc-openbsd tcpdump,ACCEPT,0,0,0,2,0,0,0,0,0,0,0,0
dnsutils-nc-openbsd-tmux,3,dnsutils nc-openbsd tmux,ACCEPT,0,0,0,2,0,0,0,0,0,0,0,0
dnsutils-nc-openbsd-vim,3,dnsutils nc-openbsd vim,ACCEPT,0,0,0,2,0,0,0,0,0,0,0,0
dnsutils-nc-openbsd-webserver,3,dnsutils nc-openbsd webserver,ACCEPT,0,0,0,9,0,0,0,0,0,0,0,0
dnsutils-nc-openbsd-wget,3,dnsutils nc-openbsd wget,ACCEPT,0,0,0,2,0,0,0,0,0,0,0,0
dnsutils-nc-openbsd-zstd,3,dnsutils nc-openbsd zstd,ACCEPT,0,0,0,2,0,0,0,0,0,0,0,0
dnsutils-nc-traditional,2,dnsutils nc-traditional,ACCEPT,0,0,0,0,0,0,0,0,0,0,0,0
dnsutils-nc-traditional-nvidia-driver-535,3,dnsutils nc-traditional nvidia-driver-535,ACCEPT,0,0,0,0,0,0,0,0,0,0,0,0
dnsutils-nc-traditional-original-awk,3,dnsutils nc-traditional original-awk,ACCEPT,0,0,0,0,0,0,0,0,0,0,0,0
dnsutils-nc-traditional-pgclient,3,dnsutils nc-traditional pgclient,ACCEPT,0,0,0,0,0,0,0,0,0,0,0,0
dnsutils-nc-traditional-pipdemo,3,dnsutils nc-traditional pipdemo,ACCEPT,0,0,0,0,0,0,0,0,0,0,0,0
dnsutils-nc-traditional-postgres,3,dnsutils nc-traditional postgres,ACCEPT,0,0,0,5,0,0,0,0,0,0,0,0
dnsutils-nc-traditional-pytools,3,dnsutils nc-traditional pytools,ACCEPT,0,0,0,0,0,0,0,0,0,0,0,0
dnsutils-nc-traditional-pyyaml,3,dnsutils nc-traditional pyyaml,ACCEPT,0,0,0,0,0,0,0,0,0,0,0,0
dnsutils-nc-traditional-redis,3,dnsutils nc-traditional redis,ACCEPT,0,0,0,0,0,0,0,0,0,0,0,0
dnsutils-nc-traditional-rsync,3,dnsutils nc-traditional rsync,ACCEPT,0,0,0,0,0,0,0,0,0,0,0,0
dnsutils-nc-traditional-rust,3,dnsutils nc-traditional rust,ACCEPT,0,0,0,1,0,0,0,0,0,0,0,0
dnsutils-nc-traditional-socat,3,dnsutils nc-traditional socat,ACCEPT,0,0,0,0,0,0,0,0,0,0,0,0
dnsutils-nc-traditional-sqlite,3,dnsutils nc-traditional sqlite,ACCEPT,0,0,0,0,0,0,0,0,0,0,0,0
dnsutils-nc-traditional-tcpdump,3,dnsutils nc-traditional tcpdump,ACCEPT,0,0,0,0,0,0,0,0,0,0,0,0
dnsutils-nc-traditional-tmux,3,dnsutils nc-traditional tmux,ACCEPT,0,0,0,0,0,0,0,0,0,0,0,0
dnsutils-nc-traditional-vim,3,dnsutils nc-traditional vim,ACCEPT,0,0,0,0,0,0,0,0,0,0,0,0
dnsutils-nc-traditional-webserver,3,dnsutils nc-traditional webserver,ACCEPT,0,0,0,5,0,0,0,0,0,0,0,0
dnsutils-nc-traditional-wget,3,dnsutils nc-traditional wget,ACCEPT,0,0,0,0,0,0,0,0,0,0,0,0
dnsutils-nc-traditional-zstd,3,dnsutils nc-traditional zstd,ACCEPT,0,0,0,0,0,0,0,0,0,0,0,0
dnsutils-nvidia-driver-535,2,dnsutils nvidia-driver-535,ACCEPT,0,0,0,0,0,0,0,0,0,0,0,0
dnsutils-nvidia-driver-535-original-awk,3,dnsutils nvidia-driver-535 original-awk,ACCEPT,0,0,0,0,0,0,0,0,0,0,0,0
dnsutils-nvidia-driver-535-pgclient,3,dnsutils nvidia-driver-535 pgclient,ACCEPT,0,0,0,0,0,0,0,0,0,0,0,0
dnsutils-nvidia-driver-535-pipdemo,3,dnsutils nvidia-driver-535 pipdemo,ACCEPT,0,0,0,0,0,0,0,0,0,0,0,0
dnsutils-nvidia-driver-535-postgres,3,dnsutils nvidia-driver-535 postgres,ACCEPT,0,0,0,5,0,0,0,0,0,0,0,0
dnsutils-nvidia-driver-535-pytools,3,dnsutils nvidia-driver-535 pytools,ACCEPT,0,0,0,0,0,0,0,0,0,0,0,0
dnsutils-nvidia-driver-535-pyyaml,3,dnsutils nvidia-driver-535 pyyaml,ACCEPT,0,0,0,0,0,0,0,0,0,0,0,0
dnsutils-nvidia-driver-535-redis,3,dnsutils nvidia-driver-535 redis,ACCEPT,0,0,0,0,0,0,0,0,0,0,0,0
dnsutils-nvidia-driver-535-rsync,3,dnsutils nvidia-driver-535 rsync,ACCEPT,0,0,0,0,0,0,0,0,0,0,0,0
dnsutils-nvidia-driver-535-rust,3,dnsutils nvidia-driver-535 rust,ACCEPT,0,0,0,7,0,0,0,0,0,0,0,0
dnsutils-nvidia-driver-535-socat,3,dnsutils nvidia-driver-535 socat,ACCEPT,0,0,0,0,0,0,0,0,0,0,0,0
dnsutils-nvidia-driver-535-sqlite,3,dnsutils nvidia-driver-535 sqlite,ACCEPT,0,0,0,0,0,0,0,0,0,0,0,0
dnsutils-nvidia-driver-535-tcpdump,3,dnsutils nvidia-driver-535 tcpdump,ACCEPT,0,0,0,0,0,0,0,0,0,0,0,0
dnsutils-nvidia-driver-535-tmux,3,dnsutils nvidia-driver-535 tmux,ACCEPT,0,0,0,0,0,0,0,0,0,0,0,0
dnsutils-nvidia-driver-535-vim,3,dnsutils nvidia-driver-535 vim,ACCEPT,0,0,0,0,0,0,0,0,0,0,0,0
dnsutils-nvidia-driver-535-webserver,3,dnsutils nvidia-driver-535 webserver,ACCEPT,0,0,0,5,0,0,0,0,0,0,0,0
dnsutils-nvidia-driver-535-wget,3,dnsutils nvidia-driver-535 wget,ACCEPT,0,0,0,0,0,0,0,0,0,0,0,0
dnsutils-nvidia-driver-535-zstd,3,dnsutils nvidia-driver-535 zstd,ACCEPT,0,0,0,0,0,0,0,0,0,0,0,0
dnsutils-original-awk,2,dnsutils original-awk,ACCEPT,0,0,0,0,0,0,0,0,0,0,0,0
dnsutils-original-awk-pgclient,3,dnsutils original-awk pgclient,ACCEPT,0,0,0,0,0,0,0,0,0,0,0,0
dnsutils-original-awk-pipdemo,3,dnsutils original-awk pipdemo,ACCEPT,0,0,0,0,0,0,0,0,0,0,0,0
dnsutils-original-awk-postgres,3,dnsutils original-awk postgres,ACCEPT,0,0,0,5,0,0,0,0,0,0,0,0
dnsutils-original-awk-pytools,3,dnsutils original-awk pytools,ACCEPT,0,0,0,0,0,0,0,0,0,0,0,0
dnsutils-original-awk-pyyaml,3,dnsutils original-awk pyyaml,ACCEPT,0,0,0,0,0,0,0,0,0,0,0,0
dnsutils-original-awk-redis,3,dnsutils original-awk redis,ACCEPT,0,0,0,0,0,0,0,0,0,0,0,0
dnsutils-original-awk-rsync,3,dnsutils original-awk rsync,ACCEPT,0,0,0,0,0,0,0,0,0,0,0,0
dnsutils-original-awk-rust,3,dnsutils original-awk rust,ACCEPT,0,0,0,1,0,0,0,0,0,0,0,0
dnsutils-original-awk-socat,3,dnsutils original-awk socat,ACCEPT,0,0,0,0,0,0,0,0,0,0,0,0
dnsutils-original-awk-sqlite,3,dnsutils original-awk sqlite,ACCEPT,0,0,0,0,0,0,0,0,0,0,0,0
dnsutils-original-awk-tcpdump,3,dnsutils original-awk tcpdump,ACCEPT,0,0,0,0,0,0,0,0,0,0,0,0
dnsutils-original-awk-tmux,3,dnsutils original-awk tmux,ACCEPT,0,0,0,0,0,0,0,0,0,0,0,0
dnsutils-original-awk-vim,3,dnsutils original-awk vim,ACCEPT,0,0,0,0,0,0,0,0,0,0,0,0
dnsutils-original-awk-webserver,3,dnsutils original-awk webserver,ACCEPT,0,0,0,5,0,0,0,0,0,0,0,0
dnsutils-original-awk-wget,3,dnsutils original-awk wget,ACCEPT,0,0,0,0,0,0,0,0,0,0,0,0
dnsutils-original-awk-zstd,3,dnsutils original-awk zstd,ACCEPT,0,0,0,0,0,0,0,0,0,0,0,0
dnsutils-pgclient,2,dnsutils pgclient,ACCEPT,0,0,0,0,0,0,0,0,0,0,0,0
dnsutils-pgclient-pipdemo,3,dnsutils pgclient pipdemo,ACCEPT,0,0,0,2,0,0,0,0,0,0,0,0
dnsutils-pgclient-postgres,3,dnsutils pgclient postgres,ACCEPT,0,0,0,19,0,0,0,0,0,0,0,0
dnsutils-pgclient-pytools,3,dnsutils pgclient pytools,ACCEPT,0,0,0,2,0,0,0,0,0,0,0,0
dnsutils-pgclient-pyyaml,3,dnsutils pgclient pyyaml,ACCEPT,0,0,0,2,0,0,0,0,0,0,0,0
dnsutils-pgclient-redis,3,dnsutils pgclient redis,ACCEPT,0,0,0,0,0,0,0,0,0,0,0,0
dnsutils-pgclient-rsync,3,dnsutils pgclient rsync,ACCEPT,0,0,0,0,0,0,0,0,0,0,0,0
dnsutils-pgclient-rust,3,dnsutils pgclient rust,ACCEPT,0,0,0,4,0,0,0,0,0,0,0,0
dnsutils-pgclient-socat,3,dnsutils pgclient socat,ACCEPT,0,0,0,0,0,0,0,0,0,0,0,0
dnsutils-pgclient-sqlite,3,dnsutils pgclient sqlite,ACCEPT,0,0,0,2,0,0,0,0,0,0,0,0
dnsutils-pgclient-tcpdump,3,dnsutils pgclient tcpdump,ACCEPT,0,0,0,0,0,0,0,0,0,0,0,0
dnsutils-pgclient-tmux,3,dnsutils pgclient tmux,ACCEPT,0,0,0,0,0,0,0,0,0,0,0,0
dnsutils-pgclient-vim,3,dnsutils pgclient vim,ACCEPT,0,0,0,2,0,0,0,0,0,0,0,0
dnsutils-pgclient-webserver,3,dnsutils pgclient webserver,ACCEPT,0,0,0,5,0,0,0,0,0,0,0,0
dnsutils-pgclient-wget,3,dnsutils pgclient wget,ACCEPT,0,0,0,0,0,0,0,0,0,0,0,0
dnsutils-pgclient-zstd,3,dnsutils pgclient zstd,ACCEPT,0,0,0,0,0,0,0,0,0,0,0,0
dnsutils-pipdemo,2,dnsutils pipdemo,ACCEPT,0,0,0,0,0,0,0,0,0,0,0,0
dnsutils-pipdemo-postgres,3,dnsutils pipdemo postgres,ACCEPT,0,0,0,7,0,0,0,0,0,0,0,0
dnsutils-pipdemo-pytools,3,dnsutils pipdemo pytools,ACCEPT,0,0,0,19,0,0,0,0,0,0,0,0
dnsutils-pipdemo-pyyaml,3,dnsutils pipdemo pyyaml,ACCEPT,0,0,0,13,0,0,0,0,0,0,0,0
dnsutils-pipdemo-redis,3,dnsutils pipdemo redis,ACCEPT,0,0,0,0,0,0,0,0,0,0,0,0
dnsutils-pipdemo-rsync,3,dnsutils pipdemo rsync,ACCEPT,0,0,0,0,0,0,0,0,0,0,0,0
dnsutils-pipdemo-rust,3,dnsutils pipdemo rust,ACCEPT,0,0,0,1,0,0,0,0,0,0,0,0
dnsutils-pipdemo-socat,3,dnsutils pipdemo socat,ACCEPT,0,0,0,0,0,0,0,0,0,0,0,0
dnsutils-pipdemo-sqlite,3,dnsutils pipdemo sqlite,ACCEPT,0,0,0,3,0,0,0,0,0,0,0,0
dnsutils-pipdemo-tcpdump,3,dnsutils pipdemo tcpdump,ACCEPT,0,0,0,0,0,0,0,0,0,0,0,0
dnsutils-pipdemo-tmux,3,dnsutils pipdemo tmux,ACCEPT,0,0,0,0,0,0,0,0,0,0,0,0
dnsutils-pipdemo-vim,3,dnsutils pipdemo vim,ACCEPT,0,0,0,8,0,0,0,0,0,0,0,0
dnsutils-pipdemo-webserver,3,dnsutils pipdemo webserver,ACCEPT,0,0,0,6,0,0,0,0,0,0,0,0
dnsutils-pipdemo-wget,3,dnsutils pipdemo wget,ACCEPT,0,0,0,0,0,0,0,0,0,0,0,0
dnsutils-pipdemo-zstd,3,dnsutils pipdemo zstd,ACCEPT,0,0,0,0,0,0,0,0,0,0,0,0
dnsutils-postgres,2,dnsutils postgres,ACCEPT,0,0,0,5,0,0,0,0,0,0,0,0
dnsutils-postgres-pytools,3,dnsutils postgres pytools,ACCEPT,0,0,0,7,0,0,0,0,0,0,0,0
dnsutils-postgres-pyyaml,3,dnsutils postgres pyyaml,ACCEPT,0,0,0,7,0,0,0,0,0,0,0,0
dnsutils-postgres-redis,3,dnsutils postgres redis,ACCEPT,0,0,0,5,0,0,0,0,0,0,0,0
dnsutils-postgres-rsync,3,dnsutils postgres rsync,ACCEPT,0,0,0,5,0,0,0,0,0,0,0,0
dnsutils-postgres-rust,3,dnsutils postgres rust,ACCEPT,0,0,0,9,0,0,0,0,0,0,0,0
dnsutils-postgres-socat,3,dnsutils postgres socat,ACCEPT,0,0,0,5,0,0,0,0,0,0,0,0
dnsutils-postgres-sqlite,3,dnsutils postgres sqlite,ACCEPT,0,0,0,7,0,0,0,0,0,0,0,0
dnsutils-postgres-tcpdump,3,dnsutils postgres tcpdump,ACCEPT,0,0,0,5,0,0,0,0,0,0,0,0
dnsutils-postgres-tmux,3,dnsutils postgres tmux,ACCEPT,0,0,0,5,0,0,0,0,0,0,0,0
dnsutils-postgres-vim,3,dnsutils postgres vim,ACCEPT,0,0,0,7,0,0,0,0,0,0,0,0
dnsutils-postgres-webserver,3,dnsutils postgres webserver,ACCEPT,0,0,0,16,0,0,0,0,0,0,0,0
dnsutils-postgres-wget,3,dnsutils postgres wget,ACCEPT,0,0,0,5,0,0,0,0,0,0,0,0
dnsutils-postgres-zstd,3,dnsutils postgres zstd,ACCEPT,0,0,0,5,0,0,0,0,0,0,0,0
dnsutils-pytools,2,dnsutils pytools,ACCEPT,0,0,0,0,0,0,0,0,0,0,0,0
dnsutils-pytools-pyyaml,3,dnsutils pytools pyyaml,ACCEPT,0,0,0,13,0,0,0,0,0,0,0,0
dnsutils-pytools-redis,3,dnsutils pytools redis,ACCEPT,0,0,0,0,0,0,0,0,0,0,0,0
dnsutils-pytools-rsync,3,dnsutils pytools rsync,ACCEPT,0,0,0,0,0,0,0,0,0,0,0,0
dnsutils-pytools-rust,3,dnsutils pytools rust,ACCEPT,0,0,0,2,0,0,0,0,0,0,0,0
dnsutils-pytools-socat,3,dnsutils pytools socat,ACCEPT,0,0,0,0,0,0,0,0,0,0,0,0
dnsutils-pytools-sqlite,3,dnsutils pytools sqlite,ACCEPT,0,0,0,3,0,0,0,0,0,0,0,0
dnsutils-pytools-tcpdump,3,dnsutils pytools tcpdump,ACCEPT,0,0,0,0,0,0,0,0,0,0,0,0
dnsutils-pytools-tmux,3,dnsutils pytools tmux,ACCEPT,0,0,0,0,0,0,0,0,0,0,0,0
dnsutils-pytools-vim,3,dnsutils pytools vim,ACCEPT,0,0,0,8,0,0,0,0,0,0,0,0
dnsutils-pytools-webserver,3,dnsutils pytools webserver,ACCEPT,0,0,0,6,0,0,0,0,0,0,0,0
dnsutils-pytools-wget,3,dnsutils pytools wget,ACCEPT,0,0,0,0,0,0,0,0,0,0,0,0
dnsutils-pytools-zstd,3,dnsutils pytools zstd,ACCEPT,0,0,0,0,0,0,0,0,0,0,0,0
dnsutils-pyyaml,2,dnsutils pyyaml,ACCEPT,0,0,0,0,0,0,0,0,0,0,0,0
dnsutils-pyyaml-redis,3,dnsutils pyyaml redis,ACCEPT,0,0,0,0,0,0,0,0,0,0,0,0
dnsutils-pyyaml-rsync,3,dnsutils pyyaml rsync,ACCEPT,0,0,0,0,0,0,0,0,0,0,0,0
dnsutils-pyyaml-rust,3,dnsutils pyyaml rust,ACCEPT,0,0,0,1,0,0,0,0,0,0,0,0
dnsutils-pyyaml-socat,3,dnsutils pyyaml socat,ACCEPT,0,0,0,0,0,0,0,0,0,0,0,0
dnsutils-pyyaml-sqlite,3,dnsutils pyyaml sqlite,ACCEPT,0,0,0,3,0,0,0,0,0,0,0,0
dnsutils-pyyaml-tcpdump,3,dnsutils pyyaml tcpdump,ACCEPT,0,0,0,0,0,0,0,0,0,0,0,0
dnsutils-pyyaml-tmux,3,dnsutils pyyaml tmux,ACCEPT,0,0,0,0,0,0,0,0,0,0,0,0
dnsutils-pyyaml-vim,3,dnsutils pyyaml vim,ACCEPT,0,0,0,8,0,0,0,0,0,0,0,0
dnsutils-pyyaml-webserver,3,dnsutils pyyaml webserver,ACCEPT,0,0,0,6,0,0,0,0,0,0,0,0
dnsutils-pyyaml-wget,3,dnsutils pyyaml wget,ACCEPT,0,0,0,0,0,0,0,0,0,0,0,0
dnsutils-pyyaml-zstd,3,dnsutils pyyaml zstd,ACCEPT,0,0,0,0,0,0,0,0,0,0,0,0
dnsutils-redis,2,dnsutils redis,ACCEPT,0,0,0,0,0,0,0,0,0,0,0,0
dnsutils-redis-rsync,3,dnsutils redis rsync,ACCEPT,0,0,0,0,0,0,0,0,0,0,0,0
dnsutils-redis-rust,3,dnsutils redis rust,ACCEPT,0,0,0,2,0,0,0,0,0,0,0,0
dnsutils-redis-socat,3,dnsutils redis socat,ACCEPT,0,0,0,0,0,0,0,0,0,0,0,0
dnsutils-redis-sqlite,3,dnsutils redis sqlite,ACCEPT,0,0,0,0,0,0,0,0,0,0,0,0
dnsutils-redis-tcpdump,3,dnsutils redis tcpdump,ACCEPT,0,0,0,0,0,0,0,0,0,0,0,0
dnsutils-redis-tmux,3,dnsutils redis tmux,ACCEPT,0,0,0,0,0,0,0,0,0,0,0,0
dnsutils-redis-vim,3,dnsutils redis vim,ACCEPT,0,0,0,0,0,0,0,0,0,0,0,0
dnsutils-redis-webserver,3,dnsutils redis webserver,ACCEPT,0,0,0,5,0,0,0,0,0,0,0,0
dnsutils-redis-wget,3,dnsutils redis wget,ACCEPT,0,0,0,0,0,0,0,0,0,0,0,0
dnsutils-redis-zstd,3,dnsutils redis zstd,ACCEPT,0,0,0,0,0,0,0,0,0,0,0,0
dnsutils-rsync,2,dnsutils rsync,ACCEPT,0,0,0,0,0,0,0,0,0,0,0,0
dnsutils-rsync-rust,3,dnsutils rsync rust,ACCEPT,0,0,0,1,0,0,0,0,0,0,0,0
dnsutils-rsync-socat,3,dnsutils rsync socat,ACCEPT,0,0,0,0,0,0,0,0,0,0,0,0
dnsutils-rsync-sqlite,3,dnsutils rsync sqlite,ACCEPT,0,0,0,0,0,0,0,0,0,0,0,0
dnsutils-rsync-tcpdump,3,dnsutils rsync tcpdump,ACCEPT,0,0,0,0,0,0,0,0,0,0,0,0
dnsutils-rsync-tmux,3,dnsutils rsync tmux,ACCEPT,0,0,0,0,0,0,0,0,0,0,0,0
dnsutils-rsync-vim,3,dnsutils rsync vim,ACCEPT,0,0,0,0,0,0,0,0,0,0,0,0
dnsutils-rsync-webserver,3,dnsutils rsync webserver,ACCEPT,0,0,0,5,0,0,0,0,0,0,0,0
dnsutils-rsync-wget,3,dnsutils rsync wget,ACCEPT,0,0,0,0,0,0,0,0,0,0,0,0
dnsutils-rsync-zstd,3,dnsutils rsync zstd,ACCEPT,0,0,0,0,0,0,0,0,0,0,0,0
dnsutils-rust,2,dnsutils rust,ACCEPT,0,0,0,1,0,0,0,0,0,0,0,0
dnsutils-rust-socat,3,dnsutils rust socat,ACCEPT,0,0,0,1,0,0,0,0,0,0,0,0
dnsutils-rust-sqlite,3,dnsutils rust sqlite,ACCEPT,0,0,0,1,0,0,0,0,0,0,0,0
dnsutils-rust-tcpdump,3,dnsutils rust tcpdump,ACCEPT,0,0,0,1,0,0,0,0,0,0,0,0
dnsutils-rust-tmux,3,dnsutils rust tmux,ACCEPT,0,0,0,1,0,0,0,0,0,0,0,0
dnsutils-rust-vim,3,dnsutils rust vim,ACCEPT,0,0,0,1,0,0,0,0,0,0,0,0
dnsutils-rust-webserver,3,dnsutils rust webserver,ACCEPT,0,0,0,7,0,0,0,0,0,0,0,0
dnsutils-rust-wget,3,dnsutils rust wget,ACCEPT,0,0,0,2,0,0,0,0,0,0,0,0
dnsutils-rust-zstd,3,dnsutils rust zstd,ACCEPT,0,0,0,1,0,0,0,0,0,0,0,0
dnsutils-socat,2,dnsutils socat,ACCEPT,0,0,0,0,0,0,0,0,0,0,0,0
dnsutils-socat-sqlite,3,dnsutils socat sqlite,ACCEPT,0,0,0,0,0,0,0,0,0,0,0,0
dnsutils-socat-tcpdump,3,dnsutils socat tcpdump,ACCEPT,0,0,0,0,0,0,0,0,0,0,0,0
dnsutils-socat-tmux,3,dnsutils socat tmux,ACCEPT,0,0,0,0,0,0,0,0,0,0,0,0
dnsutils-socat-vim,3,dnsutils socat vim,ACCEPT,0,0,0,0,0,0,0,0,0,0,0,0
dnsutils-socat-webserver,3,dnsutils socat webserver,ACCEPT,0,0,0,5,0,0,0,0,0,0,0,0
dnsutils-socat-wget,3,dnsutils socat wget,ACCEPT,0,0,0,0,0,0,0,0,0,0,0,0
dnsutils-socat-zstd,3,dnsutils socat zstd,ACCEPT,0,0,0,0,0,0,0,0,0,0,0,0
dnsutils-sqlite,2,dnsutils sqlite,ACCEPT,0,0,0,0,0,0,0,0,0,0,0,0
dnsutils-sqlite-tcpdump,3,dnsutils sqlite tcpdump,ACCEPT,0,0,0,0,0,0,0,0,0,0,0,0
dnsutils-sqlite-tmux,3,dnsutils sqlite tmux,ACCEPT,0,0,0,0,0,0,0,0,0,0,0,0
dnsutils-sqlite-vim,3,dnsutils sqlite vim,ACCEPT,0,0,0,3,0,0,0,0,0,0,0,0
dnsutils-sqlite-webserver,3,dnsutils sqlite webserver,ACCEPT,0,0,0,5,0,0,0,0,0,0,0,0
dnsutils-sqlite-wget,3,dnsutils sqlite wget,ACCEPT,0,0,0,0,0,0,0,0,0,0,0,0
dnsutils-sqlite-zstd,3,dnsutils sqlite zstd,ACCEPT,0,0,0,0,0,0,0,0,0,0,0,0
dnsutils-tcpdump,2,dnsutils tcpdump,ACCEPT,0,0,0,0,0,0,0,0,0,0,0,0
dnsutils-tcpdump-tmux,3,dnsutils tcpdump tmux,ACCEPT,0,0,0,0,0,0,0,0,0,0,0,0
dnsutils-tcpdump-vim,3,dnsutils tcpdump vim,ACCEPT,0,0,0,0,0,0,0,0,0,0,0,0
dnsutils-tcpdump-webserver,3,dnsutils tcpdump webserver,ACCEPT,0,0,0,5,0,0,0,0,0,0,0,0
dnsutils-tcpdump-wget,3,dnsutils tcpdump wget,ACCEPT,0,0,0,0,0,0,0,0,0,0,0,0
dnsutils-tcpdump-zstd,3,dnsutils tcpdump zstd,ACCEPT,0,0,0,0,0,0,0,0,0,0,0,0
dnsutils-tmux,2,dnsutils tmux,ACCEPT,0,0,0,0,0,0,0,0,0,0,0,0
dnsutils-tmux-vim,3,dnsutils tmux vim,ACCEPT,0,0,0,0,0,0,0,0,0,0,0,0
dnsutils-tmux-webserver,3,dnsutils tmux webserver,ACCEPT,0,0,0,5,0,0,0,0,0,0,0,0
dnsutils-tmux-wget,3,dnsutils tmux wget,ACCEPT,0,0,0,0,0,0,0,0,0,0,0,0
dnsutils-tmux-zstd,3,dnsutils tmux zstd,ACCEPT,0,0,0,0,0,0,0,0,0,0,0,0
dnsutils-vim,2,dnsutils vim,ACCEPT,0,0,0,0,0,0,0,0,0,0,0,0
dnsutils-vim-webserver,3,dnsutils vim webserver,ACCEPT,0,0,0,6,0,0,0,0,0,0,0,0
dnsutils-vim-wget,3,dnsutils vim wget,ACCEPT,0,0,0,0,0,0,0,0,0,0,0,0
dnsutils-vim-zstd,3,dnsutils vim zstd,ACCEPT,0,0,0,0,0,0,0,0,0,0,0,0
dnsutils-webserver,2,dnsutils webserver,ACCEPT,0,0,0,5,0,0,0,0,0,0,0,0
dnsutils-webserver-wget,3,dnsutils webserver wget,ACCEPT,0,0,0,5,0,0,0,0,0,0,0,0
dnsutils-webserver-zstd,3,dnsutils webserver zstd,ACCEPT,0,0,0,5,0,0,0,0,0,0,0,0
dnsutils-wget,2,dnsutils wget,ACCEPT,0,0,0,0,0,0,0,0,0,0,0,0
dnsutils-wget-zstd,3,dnsutils wget zstd,ACCEPT,0,0,0,0,0,0,0,0,0,0,0,0
dnsutils-zstd,2,dnsutils zstd,ACCEPT,0,0,0,0,0,0,0,0,0,0,0,0
docker-emacs,2,docker emacs,ACCEPT,0,0,0,1,0,0,0,0,0,0,0,0
docker-emacs-fake-cuda,3,docker emacs fake-cuda,REJECT,1,1,0,1,0,0,0,0,0,1,0,0
docker-emacs-fake-nvidia-driver,3,docker emacs fake-nvidia-driver,ACCEPT,0,0,0,1,0,0,0,0,0,0,0,0
docker-emacs-gawk,3,docker emacs gawk,ACCEPT,0,0,0,1,0,0,0,0,0,0,0,0
docker-emacs-gcc,3,docker emacs gcc,ACCEPT,0,0,0,1,0,0,0,0,0,0,0,0
docker-emacs-git,3,docker emacs git,ACCEPT,0,0,0,1,0,0,0,0,0,0,0,0
docker-emacs-htop,3,docker emacs htop,ACCEPT,0,0,0,1,0,0,0,0,0,0,0,0
docker-emacs-java,3,docker emacs java,ACCEPT,0,0,0,5,0,0,0,0,0,0,0,0
docker-emacs-jq,3,docker emacs jq,ACCEPT,0,0,0,1,0,0,0,0,0,0,0,0
docker-emacs-llvm,3,docker emacs llvm,ACCEPT,0,0,0,3,0,0,0,0,0,0,0,0
docker-emacs-memcached,3,docker emacs memcached,ACCEPT,0,0,0,1,0,0,0,0,0,0,0,0
docker-emacs-mta-msmtp,3,docker emacs mta-msmtp,ACCEPT,0,0,0,1,0,0,0,0,0,0,0,0
docker-emacs-mta-nullmailer,3,docker emacs mta-nullmailer,ACCEPT,0,0,0,1,0,0,0,0,0,0,0,0
docker-emacs-mysql,3,docker emacs mysql,ACCEPT,0,0,0,3,0,0,0,0,0,0,0,0
docker-emacs-nc-openbsd,3,docker emacs nc-openbsd,ACCEPT,0,0,0,1,0,0,0,0,0,0,0,0
docker-emacs-nc-traditional,3,docker emacs nc-traditional,ACCEPT,0,0,0,1,0,0,0,0,0,0,0,0
docker-emacs-nvidia-driver-535,3,docker emacs nvidia-driver-535,ACCEPT,0,0,0,1,0,0,0,0,0,0,0,0
docker-emacs-original-awk,3,docker emacs original-awk,ACCEPT,0,0,0,1,0,0,0,0,0,0,0,0
docker-emacs-pgclient,3,docker emacs pgclient,ACCEPT,0,0,0,2,0,0,0,0,0,0,0,0
docker-emacs-pipdemo,3,docker emacs pipdemo,ACCEPT,0,0,0,1,0,0,0,0,0,0,0,0
docker-emacs-postgres,3,docker emacs postgres,ACCEPT,0,0,0,4,0,0,0,0,0,0,0,0
docker-emacs-pytools,3,docker emacs pytools,ACCEPT,0,0,0,1,0,0,0,0,0,0,0,0
docker-emacs-pyyaml,3,docker emacs pyyaml,ACCEPT,0,0,0,1,0,0,0,0,0,0,0,0
docker-emacs-redis,3,docker emacs redis,ACCEPT,0,0,0,1,0,0,0,0,0,0,0,0
docker-emacs-rsync,3,docker emacs rsync,ACCEPT,0,0,0,1,0,0,0,0,0,0,0,0
docker-emacs-rust,3,docker emacs rust,ACCEPT,0,0,0,1,0,0,0,0,0,0,0,0
docker-emacs-socat,3,docker emacs socat,ACCEPT,0,0,0,1,0,0,0,0,0,0,0,0
docker-emacs-sqlite,3,docker emacs sqlite,ACCEPT,0,0,0,1,0,0,0,0,0,0,0,0
docker-emacs-tcpdump,3,docker emacs tcpdump,ACCEPT,0,0,0,2,0,0,0,0,0,0,0,0
docker-emacs-tmux,3,docker emacs tmux,ACCEPT,0,0,0,1,0,0,0,0,0,0,0,0
docker-emacs-vim,3,docker emacs vim,ACCEPT,0,0,0,2,0,0,0,0,0,0,0,0
docker-emacs-webserver,3,docker emacs webserver,ACCEPT,0,0,0,5,0,0,0,0,0,0,0,0
docker-emacs-wget,3,docker emacs wget,ACCEPT,0,0,0,1,0,0,0,0,0,0,0,0
docker-emacs-zstd,3,docker emacs zstd,ACCEPT,0,0,0,1,0,0,0,0,0,0,0,0
docker-fake-cuda,2,docker fake-cuda,REJECT,1,1,0,0,0,0,0,0,0,1,0,0
docker-fake-cuda-fake-nvidia-driver,3,docker fake-cuda fake-nvidia-driver,ACCEPT,0,0,0,0,0,0,0,0,0,0,0,0
docker-fake-cuda-gawk,3,docker fake-cuda gawk,REJECT,1,1,0,0,0,0,0,0,0,1,0,0
docker-fake-cuda-gcc,3,docker fake-cuda gcc,REJECT,1,1,0,0,0,0,0,0,0,1,0,0
docker-fake-cuda-git,3,docker fake-cuda git,REJECT,1,1,0,0,0,0,0,0,0,1,0,0
docker-fake-cuda-htop,3,docker fake-cuda htop,REJECT,1,1,0,0,0,0,0,0,0,1,0,0
docker-fake-cuda-java,3,docker fake-cuda java,REJECT,1,1,0,0,0,0,0,0,0,1,0,0
docker-fake-cuda-jq,3,docker fake-cuda jq,REJECT,1,1,0,0,0,0,0,0,0,1,0,0
docker-fake-cuda-llvm,3,docker fake-cuda llvm,REJECT,1,1,0,0,0,0,0,0,0,1,0,0
docker-fake-cuda-memcached,3,docker fake-cuda memcached,REJECT,1,1,0,0,0,0,0,0,0,1,0,0
docker-fake-cuda-mta-msmtp,3,docker fake-cuda mta-msmtp,REJECT,1,1,0,0,0,0,0,0,0,1,0,0
docker-fake-cuda-mta-nullmailer,3,docker fake-cuda mta-nullmailer,REJECT,1,1,0,0,0,0,0,0,0,1,0,0
docker-fake-cuda-mysql,3,docker fake-cuda mysql,REJECT,1,1,0,2,0,0,0,0,0,1,0,0
docker-fake-cuda-nc-openbsd,3,docker fake-cuda nc-openbsd,REJECT,1,1,0,0,0,0,0,0,0,1,0,0
docker-fake-cuda-nc-traditional,3,docker fake-cuda nc-traditional,REJECT,1,1,0,0,0,0,0,0,0,1,0,0
docker-fake-cuda-nvidia-driver-535,3,docker fake-cuda nvidia-driver-535,REJECT,1,1,0,0,0,0,0,0,0,1,0,0
docker-fake-cuda-original-awk,3,docker fake-cuda original-awk,REJECT,1,1,0,0,0,0,0,0,0,1,0,0
docker-fake-cuda-pgclient,3,docker fake-cuda pgclient,REJECT,1,1,0,1,0,0,0,0,0,1,0,0
docker-fake-cuda-pipdemo,3,docker fake-cuda pipdemo,REJECT,1,1,0,0,0,0,0,0,0,1,0,0
docker-fake-cuda-postgres,3,docker fake-cuda postgres,REJECT,1,1,0,1,0,0,0,0,0,1,0,0
docker-fake-cuda-pytools,3,docker fake-cuda pytools,REJECT,1,1,0,0,0,0,0,0,0,1,0,0
docker-fake-cuda-pyyaml,3,docker fake-cuda pyyaml,REJECT,1,1,0,0,0,0,0,0,0,1,0,0
docker-fake-cuda-redis,3,docker fake-cuda redis,REJECT,1,1,0,0,0,0,0,0,0,1,0,0
docker-fake-cuda-rsync,3,docker fake-cuda rsync,REJECT,1,1,0,0,0,0,0,0,0,1,0,0
docker-fake-cuda-rust,3,docker fake-cuda rust,REJECT,1,1,0,0,0,0,0,0,0,1,0,0
docker-fake-cuda-socat,3,docker fake-cuda socat,REJECT,1,1,0,0,0,0,0,0,0,1,0,0
docker-fake-cuda-sqlite,3,docker fake-cuda sqlite,REJECT,1,1,0,0,0,0,0,0,0,1,0,0
docker-fake-cuda-tcpdump,3,docker fake-cuda tcpdump,REJECT,1,1,0,0,0,0,0,0,0,1,0,0
docker-fake-cuda-tmux,3,docker fake-cuda tmux,REJECT,1,1,0,0,0,0,0,0,0,1,0,0
docker-fake-cuda-vim,3,docker fake-cuda vim,REJECT,1,1,0,0,0,0,0,0,0,1,0,0
docker-fake-cuda-webserver,3,docker fake-cuda webserver,REJECT,1,1,0,2,0,0,0,0,0,1,0,0
docker-fake-cuda-wget,3,docker fake-cuda wget,REJECT,1,1,0,0,0,0,0,0,0,1,0,0
docker-fake-cuda-zstd,3,docker fake-cuda zstd,REJECT,1,1,0,0,0,0,0,0,0,1,0,0
docker-fake-nvidia-driver,2,docker fake-nvidia-driver,ACCEPT,0,0,0,0,0,0,0,0,0,0,0,0
docker-fake-nvidia-driver-gawk,3,docker fake-nvidia-driver gawk,ACCEPT,0,0,0,0,0,0,0,0,0,0,0,0
docker-fake-nvidia-driver-gcc,3,docker fake-nvidia-driver gcc,ACCEPT,0,0,0,0,0,0,0,0,0,0,0,0
docker-fake-nvidia-driver-git,3,docker fake-nvidia-driver git,ACCEPT,0,0,0,0,0,0,0,0,0,0,0,0
docker-fake-nvidia-driver-htop,3,docker fake-nvidia-driver htop,ACCEPT,0,0,0,0,0,0,0,0,0,0,0,0
docker-fake-nvidia-driver-java,3,docker fake-nvidia-driver java,ACCEPT,0,0,0,0,0,0,0,0,0,0,0,0
docker-fake-nvidia-driver-jq,3,docker fake-nvidia-driver jq,ACCEPT,0,0,0,0,0,0,0,0,0,0,0,0
docker-fake-nvidia-driver-llvm,3,docker fake-nvidia-driver llvm,ACCEPT,0,0,0,0,0,0,0,0,0,0,0,0
docker-fake-nvidia-driver-memcached,3,docker fake-nvidia-driver memcached,ACCEPT,0,0,0,0,0,0,0,0,0,0,0,0
docker-fake-nvidia-driver-mta-msmtp,3,docker fake-nvidia-driver mta-msmtp,ACCEPT,0,0,0,0,0,0,0,0,0,0,0,0
docker-fake-nvidia-driver-mta-nullmailer,3,docker fake-nvidia-driver mta-nullmailer,ACCEPT,0,0,0,0,0,0,0,0,0,0,0,0
docker-fake-nvidia-driver-mysql,3,docker fake-nvidia-driver mysql,ACCEPT,0,0,0,2,0,0,0,0,0,0,0,0
docker-fake-nvidia-driver-nc-openbsd,3,docker fake-nvidia-driver nc-openbsd,ACCEPT,0,0,0,0,0,0,0,0,0,0,0,0
docker-fake-nvidia-driver-nc-traditional,3,docker fake-nvidia-driver nc-traditional,ACCEPT,0,0,0,0,0,0,0,0,0,0,0,0
docker-fake-nvidia-driver-nvidia-driver-535,3,docker fake-nvidia-driver nvidia-driver-535,ACCEPT,0,0,0,0,0,0,0,0,0,0,0,0
docker-fake-nvidia-driver-original-awk,3,docker fake-nvidia-driver original-awk,ACCEPT,0,0,0,0,0,0,0,0,0,0,0,0
docker-fake-nvidia-driver-pgclient,3,docker fake-nvidia-driver pgclient,ACCEPT,0,0,0,1,0,0,0,0,0,0,0,0
docker-fake-nvidia-driver-pipdemo,3,docker fake-nvidia-driver pipdemo,ACCEPT,0,0,0,0,0,0,0,0,0,0,0,0
docker-fake-nvidia-driver-postgres,3,docker fake-nvidia-driver postgres,ACCEPT,0,0,0,1,0,0,0,0,0,0,0,0
docker-fake-nvidia-driver-pytools,3,docker fake-nvidia-driver pytools,ACCEPT,0,0,0,0,0,0,0,0,0,0,0,0
docker-fake-nvidia-driver-pyyaml,3,docker fake-nvidia-driver pyyaml,ACCEPT,0,0,0,0,0,0,0,0,0,0,0,0
docker-fake-nvidia-driver-redis,3,docker fake-nvidia-driver redis,ACCEPT,0,0,0,0,0,0,0,0,0,0,0,0
docker-fake-nvidia-driver-rsync,3,docker fake-nvidia-driver rsync,ACCEPT,0,0,0,0,0,0,0,0,0,0,0,0
docker-fake-nvidia-driver-rust,3,docker fake-nvidia-driver rust,ACCEPT,0,0,0,0,0,0,0,0,0,0,0,0
docker-fake-nvidia-driver-socat,3,docker fake-nvidia-driver socat,ACCEPT,0,0,0,0,0,0,0,0,0,0,0,0
docker-fake-nvidia-driver-sqlite,3,docker fake-nvidia-driver sqlite,ACCEPT,0,0,0,0,0,0,0,0,0,0,0,0
docker-fake-nvidia-driver-tcpdump,3,docker fake-nvidia-driver tcpdump,ACCEPT,0,0,0,0,0,0,0,0,0,0,0,0
docker-fake-nvidia-driver-tmux,3,docker fake-nvidia-driver tmux,ACCEPT,0,0,0,0,0,0,0,0,0,0,0,0
docker-fake-nvidia-driver-vim,3,docker fake-nvidia-driver vim,ACCEPT,0,0,0,0,0,0,0,0,0,0,0,0
docker-fake-nvidia-driver-webserver,3,docker fake-nvidia-driver webserver,ACCEPT,0,0,0,2,0,0,0,0,0,0,0,0
docker-fake-nvidia-driver-wget,3,docker fake-nvidia-driver wget,ACCEPT,0,0,0,0,0,0,0,0,0,0,0,0
docker-fake-nvidia-driver-zstd,3,docker fake-nvidia-driver zstd,ACCEPT,0,0,0,0,0,0,0,0,0,0,0,0
docker-gawk,2,docker gawk,ACCEPT,0,0,0,0,0,0,0,0,0,0,0,0
docker-gawk-gcc,3,docker gawk gcc,ACCEPT,0,0,0,1,0,0,0,0,0,0,0,0
docker-gawk-git,3,docker gawk git,ACCEPT,0,0,0,0,0,0,0,0,0,0,0,0
docker-gawk-htop,3,docker gawk htop,ACCEPT,0,0,0,0,0,0,0,0,0,0,0,0
docker-gawk-java,3,docker gawk java,ACCEPT,0,0,0,0,0,0,0,0,0,0,0,0
docker-gawk-jq,3,docker gawk jq,ACCEPT,0,0,0,0,0,0,0,0,0,0,0,0
docker-gawk-llvm,3,docker gawk llvm,ACCEPT,0,0,0,0,0,0,0,0,0,0,0,0
docker-gawk-memcached,3,docker gawk memcached,ACCEPT,0,0,0,0,0,0,0,0,0,0,0,0
docker-gawk-mta-msmtp,3,docker gawk mta-msmtp,ACCEPT,0,0,0,0,0,0,0,0,0,0,0,0
docker-gawk-mta-nullmailer,3,docker gawk mta-nullmailer,ACCEPT,0,0,0,0,0,0,0,0,0,0,0,0
docker-gawk-mysql,3,docker gawk mysql,ACCEPT,0,0,0,7,0,0,0,0,0,0,0,0
docker-gawk-nc-openbsd,3,docker gawk nc-openbsd,ACCEPT,0,0,0,0,0,0,0,0,0,0,0,0
docker-gawk-nc-traditional,3,docker gawk nc-traditional,ACCEPT,0,0,0,0,0,0,0,0,0,0,0,0
docker-gawk-nvidia-driver-535,3,docker gawk nvidia-driver-535,ACCEPT,0,0,0,0,0,0,0,0,0,0,0,0
docker-gawk-original-awk,3,docker gawk original-awk,ACCEPT,0,0,0,0,0,0,0,0,0,0,0,0
docker-gawk-pgclient,3,docker gawk pgclient,ACCEPT,0,0,0,3,0,0,0,0,0,0,0,0
docker-gawk-pipdemo,3,docker gawk pipdemo,ACCEPT,0,0,0,2,0,0,0,0,0,0,0,0
docker-gawk-postgres,3,docker gawk postgres,ACCEPT,0,0,0,3,0,0,0,0,0,0,0,0
docker-gawk-pytools,3,docker gawk pytools,ACCEPT,0,0,0,2,0,0,0,0,0,0,0,0
docker-gawk-pyyaml,3,docker gawk pyyaml,ACCEPT,0,0,0,2,0,0,0,0,0,0,0,0
docker-gawk-redis,3,docker gawk redis,ACCEPT,0,0,0,0,0,0,0,0,0,0,0,0
docker-gawk-rsync,3,docker gawk rsync,ACCEPT,0,0,0,0,0,0,0,0,0,0,0,0
docker-gawk-rust,3,docker gawk rust,ACCEPT,0,0,0,1,0,0,0,0,0,0,0,0
docker-gawk-socat,3,docker gawk socat,ACCEPT,0,0,0,0,0,0,0,0,0,0,0,0
docker-gawk-sqlite,3,docker gawk sqlite,ACCEPT,0,0,0,2,0,0,0,0,0,0,0,0
docker-gawk-tcpdump,3,docker gawk tcpdump,ACCEPT,0,0,0,0,0,0,0,0,0,0,0,0
docker-gawk-tmux,3,docker gawk tmux,ACCEPT,0,0,0,0,0,0,0,0,0,0,0,0
docker-gawk-vim,3,docker gawk vim,ACCEPT,0,0,0,2,0,0,0,0,0,0,0,0
docker-gawk-webserver,3,docker gawk webserver,ACCEPT,0,0,0,2,0,0,0,0,0,0,0,0
docker-gawk-wget,3,docker gawk wget,ACCEPT,0,0,0,0,0,0,0,0,0,0,0,0
docker-gawk-zstd,3,docker gawk zstd,ACCEPT,0,0,0,0,0,0,0,0,0,0,0,0
docker-gcc,2,docker gcc,ACCEPT,0,0,0,0,0,0,0,0,0,0,0,0
docker-gcc-git,3,docker gcc git,ACCEPT,0,0,0,5,0,0,0,0,0,0,0,0
docker-gcc-htop,3,docker gcc htop,ACCEPT,0,0,0,0,0,0,0,0,0,0,0,0
docker-gcc-java,3,docker gcc java,ACCEPT,0,0,0,0,0,0,0,0,0,0,0,0
docker-gcc-jq,3,docker gcc jq,ACCEPT,0,0,0,5,0,0,0,0,0,0,0,0
docker-gcc-llvm,3,docker gcc llvm,ACCEPT,0,0,0,24,0,0,0,0,0,0,0,0
docker-gcc-memcached,3,docker gcc memcached,ACCEPT,0,0,0,5,0,0,0,0,0,0,0,0
docker-gcc-mta-msmtp,3,docker gcc mta-msmtp,ACCEPT,0,0,0,0,0,0,0,0,0,0,0,0
docker-gcc-mta-nullmailer,3,docker gcc mta-nullmailer,ACCEPT,0,0,0,0,0,0,0,0,0,0,0,0
docker-gcc-mysql,3,docker gcc mysql,ACCEPT,0,0,0,8,0,0,0,0,0,0,0,0
docker-gcc-nc-openbsd,3,docker gcc nc-openbsd,ACCEPT,0,0,0,0,0,0,0,0,0,0,0,0
docker-gcc-nc-traditional,3,docker gcc nc-traditional,ACCEPT,0,0,0,0,0,0,0,0,0,0,0,0
docker-gcc-nvidia-driver-535,3,docker gcc nvidia-driver-535,ACCEPT,0,0,0,6,0,0,0,0,0,0,0,0
docker-gcc-original-awk,3,docker gcc original-awk,ACCEPT,0,0,0,0,0,0,0,0,0,0,0,0
docker-gcc-pgclient,3,docker gcc pgclient,ACCEPT,0,0,0,6,0,0,0,0,0,0,0,0
docker-gcc-pipdemo,3,docker gcc pipdemo,ACCEPT,0,0,0,0,0,0,0,0,0,0,0,0
docker-gcc-postgres,3,docker gcc postgres,ACCEPT,0,0,0,6,0,0,0,0,0,0,0,0
docker-gcc-pytools,3,docker gcc pytools,ACCEPT,0,0,0,1,0,0,0,0,0,0,0,0
docker-gcc-pyyaml,3,docker gcc pyyaml,ACCEPT,0,0,0,0,0,0,0,0,0,0,0,0
docker-gcc-redis,3,docker gcc redis,ACCEPT,0,0,0,1,0,0,0,0,0,0,0,0
docker-gcc-rsync,3,docker gcc rsync,ACCEPT,0,0,0,0,0,0,0,0,0,0,0,0
docker-gcc-rust,3,docker gcc rust,ACCEPT,0,0,0,31,0,0,0,0,0,0,0,0
docker-gcc-socat,3,docker gcc socat,ACCEPT,0,0,0,0,0,0,0,0,0,0,0,0
docker-gcc-sqlite,3,docker gcc sqlite,ACCEPT,0,0,0,0,0,0,0,0,0,0,0,0
docker-gcc-tcpdump,3,docker gcc tcpdump,ACCEPT,0,0,0,0,0,0,0,0,0,0,0,0
docker-gcc-tmux,3,docker gcc tmux,ACCEPT,0,0,0,0,0,0,0,0,0,0,0,0
docker-gcc-vim,3,docker gcc vim,ACCEPT,0,0,0,0,0,0,0,0,0,0,0,0
docker-gcc-webserver,3,docker gcc webserver,ACCEPT,0,0,0,2,0,0,0,0,0,0,0,0
docker-gcc-wget,3,docker gcc wget,ACCEPT,0,0,0,0,0,0,0,0,0,0,0,0
docker-gcc-zstd,3,docker gcc zstd,ACCEPT,0,0,0,0,0,0,0,0,0,0,0,0
docker-git,2,docker git,ACCEPT,0,0,0,0,0,0,0,0,0,0,0,0
docker-git-htop,3,docker git htop,ACCEPT,0,0,0,0,0,0,0,0,0,0,0,0
docker-git-java,3,docker git java,ACCEPT,0,0,0,2,0,0,0,0,0,0,0,0
docker-git-jq,3,docker git jq,ACCEPT,0,0,0,5,0,0,0,0,0,0,0,0
docker-git-llvm,3,docker git llvm,ACCEPT,0,0,0,0,0,0,0,0,0,0,0,0
docker-git-memcached,3,docker git memcached,ACCEPT,0,0,0,7,0,0,0,0,0,0,0,0
docker-git-mta-msmtp,3,docker git mta-msmtp,ACCEPT,0,0,0,0,0,0,0,0,0,0,0,0
docker-git-mta-nullmailer,3,docker git mta-nullmailer,ACCEPT,0,0,0,0,0,0,0,0,0,0,0,0
docker-git-mysql,3,docker git mysql,ACCEPT,0,0,0,7,0,0,0,0,0,0,0,0
docker-git-nc-openbsd,3,docker git nc-openbsd,ACCEPT,0,0,0,0,0,0,0,0,0,0,0,0
docker-git-nc-traditional,3,docker git nc-traditional,ACCEPT,0,0,0,0,0,0,0,0,0,0,0,0
docker-git-nvidia-driver-535,3,docker git nvidia-driver-535,ACCEPT,0,0,0,0,0,0,0,0,0,0,0,0
docker-git-original-awk,3,docker git original-awk,ACCEPT,0,0,0,0,0,0,0,0,0,0,0,0
docker-git-pgclient,3,docker git pgclient,ACCEPT,0,0,0,9,0,0,0,0,0,0,0,0
docker-git-pipdemo,3,docker git pipdemo,ACCEPT,0,0,0,1,0,0,0,0,0,0,0,0
docker-git-postgres,3,docker git postgres,ACCEPT,0,0,0,9,0,0,0,0,0,0,0,0
docker-git-pytools,3,docker git pytools,ACCEPT,0,0,0,1,0,0,0,0,0,0,0,0
docker-git-pyyaml,3,docker git pyyaml,ACCEPT,0,0,0,1,0,0,0,0,0,0,0,0
docker-git-redis,3,docker git redis,ACCEPT,0,0,0,0,0,0,0,0,0,0,0,0
docker-git-rsync,3,docker git rsync,ACCEPT,0,0,0,0,0,0,0,0,0,0,0,0
docker-git-rust,3,docker git rust,ACCEPT,0,0,0,9,0,0,0,0,0,0,0,0
docker-git-socat,3,docker git socat,ACCEPT,0,0,0,0,0,0,0,0,0,0,0,0
docker-git-sqlite,3,docker git sqlite,ACCEPT,0,0,0,0,0,0,0,0,0,0,0,0
docker-git-tcpdump,3,docker git tcpdump,ACCEPT,0,0,0,0,0,0,0,0,0,0,0,0
docker-git-tmux,3,docker git tmux,ACCEPT,0,0,0,0,0,0,0,0,0,0,0,0
docker-git-vim,3,docker git vim,ACCEPT,0,0,0,1,0,0,0,0,0,0,0,0
docker-git-webserver,3,docker git webserver,ACCEPT,0,0,0,4,0,0,0,0,0,0,0,0
docker-git-wget,3,docker git wget,ACCEPT,0,0,0,1,0,0,0,0,0,0,0,0
docker-git-zstd,3,docker git zstd,ACCEPT,0,0,0,0,0,0,0,0,0,0,0,0
docker-htop,2,docker htop,ACCEPT,0,0,0,0,0,0,0,0,0,0,0,0
docker-htop-java,3,docker htop java,ACCEPT,0,0,0,0,0,0,0,0,0,0,0,0
docker-htop-jq,3,docker htop jq,ACCEPT,0,0,0,0,0,0,0,0,0,0,0,0
docker-htop-llvm,3,docker htop llvm,ACCEPT,0,0,0,0,0,0,0,0,0,0,0,0
docker-htop-memcached,3,docker htop memcached,ACCEPT,0,0,0,0,0,0,0,0,0,0,0,0
docker-htop-mta-msmtp,3,docker htop mta-msmtp,ACCEPT,0,0,0,0,0,0,0,0,0,0,0,0
docker-htop-mta-nullmailer,3,docker htop mta-nullmailer,ACCEPT,0,0,0,0,0,0,0,0,0,0,0,0
docker-htop-mysql,3,docker htop mysql,ACCEPT,0,0,0,2,0,0,0,0,0,0,0,0
docker-htop-nc-openbsd,3,docker htop nc-openbsd,ACCEPT,0,0,0,0,0,0,0,0,0,0,0,0
docker-htop-nc-traditional,3,docker htop nc-traditional,ACCEPT,0,0,0,0,0,0,0,0,0,0,0,0
docker-htop-nvidia-driver-535,3,docker htop nvidia-driver-535,ACCEPT,0,0,0,0,0,0,0,0,0,0,0,0
docker-htop-original-awk,3,docker htop original-awk,ACCEPT,0,0,0,0,0,0,0,0,0,0,0,0
docker-htop-pgclient,3,docker htop pgclient,ACCEPT,0,0,0,1,0,0,0,0,0,0,0,0
docker-htop-pipdemo,3,docker htop pipdemo,ACCEPT,0,0,0,0,0,0,0,0,0,0,0,0
docker-htop-postgres,3,docker htop postgres,ACCEPT,0,0,0,1,0,0,0,0,0,0,0,0
docker-htop-pytools,3,docker htop pytools,ACCEPT,0,0,0,0,0,0,0,0,0,0,0,0
docker-htop-pyyaml,3,docker htop pyyaml,ACCEPT,0,0,0,0,0,0,0,0,0,0,0,0
docker-htop-redis,3,docker htop redis,ACCEPT,0,0,0,0,0,0,0,0,0,0,0,0
docker-htop-rsync,3,docker htop rsync,ACCEPT,0,0,0,0,0,0,0,0,0,0,0,0
docker-htop-rust,3,docker htop rust,ACCEPT,0,0,0,0,0,0,0,0,0,0,0,0
docker-htop-socat,3,docker htop socat,ACCEPT,0,0,0,0,0,0,0,0,0,0,0,0
docker-htop-sqlite,3,docker htop sqlite,ACCEPT,0,0,0,0,0,0,0,0,0,0,0,0
docker-htop-tcpdump,3,docker htop tcpdump,ACCEPT,0,0,0,0,0,0,0,0,0,0,0,0
docker-htop-tmux,3,docker htop tmux,ACCEPT,0,0,0,0,0,0,0,0,0,0,0,0
docker-htop-vim,3,docker htop vim,ACCEPT,0,0,0,0,0,0,0,0,0,0,0,0
docker-htop-webserver,3,docker htop webserver,ACCEPT,0,0,0,2,0,0,0,0,0,0,0,0
docker-htop-wget,3,docker htop wget,ACCEPT,0,0,0,0,0,0,0,0,0,0,0,0
docker-htop-zstd,3,docker htop zstd,ACCEPT,0,0,0,0,0,0,0,0,0,0,0,0
docker-java,2,docker java,ACCEPT,0,0,0,0,0,0,0,0,0,0,0,0
docker-java-jq,3,docker java jq,ACCEPT,0,0,0,0,0,0,0,0,0,0,0,0
docker-java-llvm,3,docker java llvm,ACCEPT,0,0,0,0,0,0,0,0,0,0,0,0
docker-java-memcached,3,docker java memcached,ACCEPT,0,0,0,0,0,0,0,0,0,0,0,0
docker-java-mta-msmtp,3,docker java mta-msmtp,ACCEPT,0,0,0,2,0,0,0,0,0,0,0,0
docker-java-mta-nullmailer,3,docker java mta-nullmailer,ACCEPT,0,0,0,0,0,0,0,0,0,0,0,0
docker-java-mysql,3,docker java mysql,ACCEPT,0,0,0,2,0,0,0,0,0,0,0,0
docker-java-nc-openbsd,3,docker java nc-openbsd,ACCEPT,0,0,0,0,0,0,0,0,0,0,0,0
docker-java-nc-traditional,3,docker java nc-traditional,ACCEPT,0,0,0,0,0,0,0,0,0,0,0,0
docker-java-nvidia-driver-535,3,docker java nvidia-driver-535,ACCEPT,0,0,0,0,0,0,0,0,0,0,0,0
docker-java-original-awk,3,docker java original-awk,ACCEPT,0,0,0,0,0,0,0,0,0,0,0,0
docker-java-pgclient,3,docker java pgclient,ACCEPT,0,0,0,1,0,0,0,0,0,0,0,0
docker-java-pipdemo,3,docker java pipdemo,ACCEPT,0,0,0,2,0,0,0,0,0,0,0,0
docker-java-postgres,3,docker java postgres,ACCEPT,0,0,0,2,0,0,0,0,0,0,0,0
docker-java-pytools,3,docker java pytools,ACCEPT,0,0,0,2,0,0,0,0,0,0,0,0
docker-java-pyyaml,3,docker java pyyaml,ACCEPT,0,0,0,2,0,0,0,0,0,0,0,0
docker-java-redis,3,docker java redis,ACCEPT,0,0,0,0,0,0,0,0,0,0,0,0
docker-java-rsync,3,docker java rsync,ACCEPT,0,0,0,0,0,0,0,0,0,0,0,0
docker-java-rust,3,docker java rust,ACCEPT,0,0,0,1,0,0,0,0,0,0,0,0
docker-java-socat,3,docker java socat,ACCEPT,0,0,0,0,0,0,0,0,0,0,0,0
docker-java-sqlite,3,docker java sqlite,ACCEPT,0,0,0,1,0,0,0,0,0,0,0,0
docker-java-tcpdump,3,docker java tcpdump,ACCEPT,0,0,0,1,0,0,0,0,0,0,0,0
docker-java-tmux,3,docker java tmux,ACCEPT,0,0,0,0,0,0,0,0,0,0,0,0
docker-java-vim,3,docker java vim,ACCEPT,0,0,0,2,0,0,0,0,0,0,0,0
docker-java-webserver,3,docker java webserver,ACCEPT,0,0,0,12,0,0,0,0,0,0,0,0
docker-java-wget,3,docker java wget,ACCEPT,0,0,0,0,0,0,0,0,0,0,0,0
docker-java-zstd,3,docker java zstd,ACCEPT,0,0,0,0,0,0,0,0,0,0,0,0
docker-jq,2,docker jq,ACCEPT,0,0,0,0,0,0,0,0,0,0,0,0
docker-jq-llvm,3,docker jq llvm,ACCEPT,0,0,0,0,0,0,0,0,0,0,0,0
docker-jq-memcached,3,docker jq memcached,ACCEPT,0,0,0,5,0,0,0,0,0,0,0,0
docker-jq-mta-msmtp,3,docker jq mta-msmtp,ACCEPT,0,0,0,0,0,0,0,0,0,0,0,0
docker-jq-mta-nullmailer,3,docker jq mta-nullmailer,ACCEPT,0,0,0,0,0,0,0,0,0,0,0,0
docker-jq-mysql,3,docker jq mysql,ACCEPT,0,0,0,7,0,0,0,0,0,0,0,0
docker-jq-nc-openbsd,3,docker jq nc-openbsd,ACCEPT,0,0,0,0,0,0,0,0,0,0,0,0
docker-jq-nc-traditional,3,docker jq nc-traditional,ACCEPT,0,0,0,0,0,0,0,0,0,0,0,0
docker-jq-nvidia-driver-535,3,docker jq nvidia-driver-535,ACCEPT,0,0,0,0,0,0,0,0,0,0,0,0
docker-jq-original-awk,3,docker jq original-awk,ACCEPT,0,0,0,0,0,0,0,0,0,0,0,0
docker-jq-pgclient,3,docker jq pgclient,ACCEPT,0,0,0,6,0,0,0,0,0,0,0,0
docker-jq-pipdemo,3,docker jq pipdemo,ACCEPT,0,0,0,0,0,0,0,0,0,0,0,0
docker-jq-postgres,3,docker jq postgres,ACCEPT,0,0,0,6,0,0,0,0,0,0,0,0
docker-jq-pytools,3,docker jq pytools,ACCEPT,0,0,0,0,0,0,0,0,0,0,0,0
docker-jq-pyyaml,3,docker jq pyyaml,ACCEPT,0,0,0,0,0,0,0,0,0,0,0,0
docker-jq-redis,3,docker jq redis,ACCEPT,0,0,0,0,0,0,0,0,0,0,0,0
docker-jq-rsync,3,docker jq rsync,ACCEPT,0,0,0,0,0,0,0,0,0,0,0,0
docker-jq-rust,3,docker jq rust,ACCEPT,0,0,0,0,0,0,0,0,0,0,0,0
docker-jq-socat,3,docker jq socat,ACCEPT,0,0,0,0,0,0,0,0,0,0,0,0
docker-jq-sqlite,3,docker jq sqlite,ACCEPT,0,0,0,0,0,0,0,0,0,0,0,0
docker-jq-tcpdump,3,docker jq tcpdump,ACCEPT,0,0,0,0,0,0,0,0,0,0,0,0
docker-jq-tmux,3,docker jq tmux,ACCEPT,0,0,0,0,0,0,0,0,0,0,0,0
docker-jq-vim,3,docker jq vim,ACCEPT,0,0,0,0,0,0,0,0,0,0,0,0
docker-jq-webserver,3,docker jq webserver,ACCEPT,0,0,0,2,0,0,0,0,0,0,0,0
docker-jq-wget,3,docker jq wget,ACCEPT,0,0,0,0,0,0,0,0,0,0,0,0
docker-jq-zstd,3,docker jq zstd,ACCEPT,0,0,0,0,0,0,0,0,0,0,0,0
docker-llvm,2,docker llvm,ACCEPT,0,0,0,0,0,0,0,0,0,0,0,0
docker-llvm-memcached,3,docker llvm memcached,ACCEPT,0,0,0,0,0,0,0,0,0,0,0,0
docker-llvm-mta-msmtp,3,docker llvm mta-msmtp,ACCEPT,0,0,0,0,0,0,0,0,0,0,0,0
docker-llvm-mta-nullmailer,3,docker llvm mta-nullmailer,ACCEPT,0,0,0,0,0,0,0,0,0,0,0,0
docker-llvm-mysql,3,docker llvm mysql,ACCEPT,0,0,0,5,0,0,0,0,0,0,0,0
docker-llvm-nc-openbsd,3,docker llvm nc-openbsd,ACCEPT,0,0,0,2,0,0,0,0,0,0,0,0
docker-llvm-nc-traditional,3,docker llvm nc-traditional,ACCEPT,0,0,0,0,0,0,0,0,0,0,0,0
docker-llvm-nvidia-driver-535,3,docker llvm nvidia-driver-535,ACCEPT,0,0,0,6,0,0,0,0,0,0,0,0
docker-llvm-original-awk,3,docker llvm original-awk,ACCEPT,0,0,0,0,0,0,0,0,0,0,0,0
docker-llvm-pgclient,3,docker llvm pgclient,ACCEPT,0,0,0,1,0,0,0,0,0,0,0,0
docker-llvm-pipdemo,3,docker llvm pipdemo,ACCEPT,0,0,0,0,0,0,0,0,0,0,0,0
docker-llvm-postgres,3,docker llvm postgres,ACCEPT,0,0,0,7,0,0,0,0,0,0,0,0
docker-llvm-pytools,3,docker llvm pytools,ACCEPT,0,0,0,1,0,0,0,0,0,0,0,0
docker-llvm-pyyaml,3,docker llvm pyyaml,ACCEPT,0,0,0,0,0,0,0,0,0,0,0,0
docker-llvm-redis,3,docker llvm redis,ACCEPT,0,0,0,1,0,0,0,0,0,0,0,0
docker-llvm-rsync,3,docker llvm rsync,ACCEPT,0,0,0,0,0,0,0,0,0,0,0,0
docker-llvm-rust,3,docker llvm rust,ACCEPT,0,0,0,23,0,0,0,0,0,0,0,0
docker-llvm-socat,3,docker llvm socat,ACCEPT,0,0,0,0,0,0,0,0,0,0,0,0
docker-llvm-sqlite,3,docker llvm sqlite,ACCEPT,0,0,0,0,0,0,0,0,0,0,0,0
docker-llvm-tcpdump,3,docker llvm tcpdump,ACCEPT,0,0,0,0,0,0,0,0,0,0,0,0
docker-llvm-tmux,3,docker llvm tmux,ACCEPT,0,0,0,0,0,0,0,0,0,0,0,0
docker-llvm-vim,3,docker llvm vim,ACCEPT,0,0,0,0,0,0,0,0,0,0,0,0
docker-llvm-webserver,3,docker llvm webserver,ACCEPT,0,0,0,6,0,0,0,0,0,0,0,0
docker-llvm-wget,3,docker llvm wget,ACCEPT,0,0,0,0,0,0,0,0,0,0,0,0
docker-llvm-zstd,3,docker llvm zstd,ACCEPT,0,0,0,0,0,0,0,0,0,0,0,0
docker-memcached,2,docker memcached,ACCEPT,0,0,0,0,0,0,0,0,0,0,0,0
docker-memcached-mta-msmtp,3,docker memcached mta-msmtp,ACCEPT,0,0,0,0,0,0,0,0,0,0,0,0
docker-memcached-mta-nullmailer,3,docker memcached mta-nullmailer,ACCEPT,0,0,0,0,0,0,0,0,0,0,0,0
docker-memcached-mysql,3,docker memcached mysql,ACCEPT,0,0,0,7,0,0,0,0,0,0,0,0
docker-memcached-nc-openbsd,3,docker memcached nc-openbsd,ACCEPT,0,0,0,0,0,0,0,0,0,0,0,0
docker-memcached-nc-traditional,3,docker memcached nc-traditional,ACCEPT,0,0,0,0,0,0,0,0,0,0,0,0
docker-memcached-nvidia-driver-535,3,docker memcached nvidia-driver-535,ACCEPT,0,0,0,0,0,0,0,0,0,0,0,0
docker-memcached-original-awk,3,docker memcached original-awk,ACCEPT,0,0,0,0,0,0,0,0,0,0,0,0
docker-memcached-pgclient,3,docker memcached pgclient,ACCEPT,0,0,0,8,0,0,0,0,0,0,0,0
docker-memcached-pipdemo,3,docker memcached pipdemo,ACCEPT,0,0,0,0,0,0,0,0,0,0,0,0
docker-memcached-postgres,3,docker memcached postgres,ACCEPT,0,0,0,8,0,0,0,0,0,0,0,0
docker-memcached-pytools,3,docker memcached pytools,ACCEPT,0,0,0,0,0,0,0,0,0,0,0,0
docker-memcached-pyyaml,3,docker memcached pyyaml,ACCEPT,0,0,0,0,0,0,0,0,0,0,0,0
docker-memcached-redis,3,docker memcached redis,ACCEPT,0,0,0,0,0,0,0,0,0,0,0,0
docker-memcached-rsync,3,docker memcached rsync,ACCEPT,0,0,0,0,0,0,0,0,0,0,0,0
docker-memcached-rust,3,docker memcached rust,ACCEPT,0,0,0,2,0,0,0,0,0,0,0,0
docker-memcached-socat,3,docker memcached socat,ACCEPT,0,0,0,0,0,0,0,0,0,0,0,0
docker-memcached-sqlite,3,docker memcached sqlite,ACCEPT,0,0,0,0,0,0,0,0,0,0,0,0
docker-memcached-tcpdump,3,docker memcached tcpdump,ACCEPT,0,0,0,0,0,0,0,0,0,0,0,0
docker-memcached-tmux,3,docker memcached tmux,ACCEPT,0,0,0,0,0,0,0,0,0,0,0,0
docker-memcached-vim,3,docker memcached vim,ACCEPT,0,0,0,0,0,0,0,0,0,0,0,0
docker-memcached-webserver,3,docker memcached webserver,ACCEPT,0,0,0,2,0,0,0,0,0,0,0,0
docker-memcached-wget,3,docker memcached wget,ACCEPT,0,0,0,0,0,0,0,0,0,0,0,0
docker-memcached-zstd,3,docker memcached zstd,ACCEPT,0,0,0,0,0,0,0,0,0,0,0,0
docker-mta-msmtp,2,docker mta-msmtp,ACCEPT,0,0,0,0,0,0,0,0,0,0,0,0
docker-mta-msmtp-mta-nullmailer,3,docker mta-msmtp mta-nullmailer,REJECT,1,2,0,0,0,2,0,4,0,0,0,0
docker-mta-msmtp-mysql,3,docker mta-msmtp mysql,ACCEPT,0,0,0,2,0,0,0,0,0,0,0,0
docker-mta-msmtp-nc-openbsd,3,docker mta-msmtp nc-openbsd,ACCEPT,0,0,0,0,0,0,0,0,0,0,0,0
docker-mta-msmtp-nc-traditional,3,docker mta-msmtp nc-traditional,ACCEPT,0,0,0,0,0,0,0,0,0,0,0,0
docker-mta-msmtp-nvidia-driver-535,3,docker mta-msmtp nvidia-driver-535,ACCEPT,0,0,0,0,0,0,0,0,0,0,0,0
docker-mta-msmtp-original-awk,3,docker mta-msmtp original-awk,ACCEPT,0,0,0,0,0,0,0,0,0,0,0,0
docker-mta-msmtp-pgclient,3,docker mta-msmtp pgclient,ACCEPT,0,0,0,1,0,0,0,0,0,0,0,0
docker-mta-msmtp-pipdemo,3,docker mta-msmtp pipdemo,ACCEPT,0,0,0,0,0,0,0,0,0,0,0,0
docker-mta-msmtp-postgres,3,docker mta-msmtp postgres,ACCEPT,0,0,0,2,0,0,0,0,0,0,0,0
docker-mta-msmtp-pytools,3,docker mta-msmtp pytools,ACCEPT,0,0,0,0,0,0,0,0,0,0,0,0
docker-mta-msmtp-pyyaml,3,docker mta-msmtp pyyaml,ACCEPT,0,0,0,0,0,0,0,0,0,0,0,0
docker-mta-msmtp-redis,3,docker mta-msmtp redis,ACCEPT,0,0,0,0,0,0,0,0,0,0,0,0
docker-mta-msmtp-rsync,3,docker mta-msmtp rsync,ACCEPT,0,0,0,0,0,0,0,0,0,0,0,0
docker-mta-msmtp-rust,3,docker mta-msmtp rust,ACCEPT,0,0,0,0,0,0,0,0,0,0,0,0
docker-mta-msmtp-socat,3,docker mta-msmtp socat,ACCEPT,0,0,0,0,0,0,0,0,0,0,0,0
docker-mta-msmtp-sqlite,3,docker mta-msmtp sqlite,ACCEPT,0,0,0,0,0,0,0,0,0,0,0,0
docker-mta-msmtp-tcpdump,3,docker mta-msmtp tcpdump,ACCEPT,0,0,0,0,0,0,0,0,0,0,0,0
docker-mta-msmtp-tmux,3,docker mta-msmtp tmux,ACCEPT,0,0,0,0,0,0,0,0,0,0,0,0
docker-mta-msmtp-vim,3,docker mta-msmtp vim,ACCEPT,0,0,0,0,0,0,0,0,0,0,0,0
docker-mta-msmtp-webserver,3,docker mta-msmtp webserver,ACCEPT,0,0,0,3,0,0,0,0,0,0,0,0
docker-mta-msmtp-wget,3,docker mta-msmtp wget,ACCEPT,0,0,0,0,0,0,0,0,0,0,0,0
docker-mta-msmtp-zstd,3,docker mta-msmtp zstd,ACCEPT,0,0,0,0,0,0,0,0,0,0,0,0
docker-mta-nullmailer,2,docker mta-nullmailer,ACCEPT,0,0,0,0,0,0,0,0,0,0,0,0
docker-mta-nullmailer-mysql,3,docker mta-nullmailer mysql,ACCEPT,0,0,0,2,0,0,0,0,0,0,0,0
docker-mta-nullmailer-nc-openbsd,3,docker mta-nullmailer nc-openbsd,ACCEPT,0,0,0,0,0,0,0,0,0,0,0,0
docker-mta-nullmailer-nc-traditional,3,docker mta-nullmailer nc-traditional,ACCEPT,0,0,0,0,0,0,0,0,0,0,0,0
docker-mta-nullmailer-nvidia-driver-535,3,docker mta-nullmailer nvidia-driver-535,ACCEPT,0,0,0,0,0,0,0,0,0,0,0,0
docker-mta-nullmailer-original-awk,3,docker mta-nullmailer original-awk,ACCEPT,0,0,0,0,0,0,0,0,0,0,0,0
docker-mta-nullmailer-pgclient,3,docker mta-nullmailer pgclient,ACCEPT,0,0,0,1,0,0,0,0,0,0,0,0
docker-mta-nullmailer-pipdemo,3,docker mta-nullmailer pipdemo,ACCEPT,0,0,0,0,0,0,0,0,0,0,0,0
docker-mta-nullmailer-postgres,3,docker mta-nullmailer postgres,ACCEPT,0,0,0,1,0,0,0,0,0,0,0,0
docker-mta-nullmailer-pytools,3,docker mta-nullmailer pytools,ACCEPT,0,0,0,0,0,0,0,0,0,0,0,0
docker-mta-nullmailer-pyyaml,3,docker mta-nullmailer pyyaml,ACCEPT,0,0,0,0,0,0,0,0,0,0,0,0
docker-mta-nullmailer-redis,3,docker mta-nullmailer redis,ACCEPT,0,0,0,0,0,0,0,0,0,0,0,0
docker-mta-nullmailer-rsync,3,docker mta-nullmailer rsync,ACCEPT,0,0,0,0,0,0,0,0,0,0,0,0
docker-mta-nullmailer-rust,3,docker mta-nullmailer rust,ACCEPT,0,0,0,0,0,0,0,0,0,0,0,0
docker-mta-nullmailer-socat,3,docker mta-nullmailer socat,ACCEPT,0,0,0,0,0,0,0,0,0,0,0,0
docker-mta-nullmailer-sqlite,3,docker mta-nullmailer sqlite,ACCEPT,0,0,0,0,0,0,0,0,0,0,0,0
docker-mta-nullmailer-tcpdump,3,docker mta-nullmailer tcpdump,ACCEPT,0,0,0,0,0,0,0,0,0,0,0,0
docker-mta-nullmailer-tmux,3,docker mta-nullmailer tmux,ACCEPT,0,0,0,0,0,0,0,0,0,0,0,0
docker-mta-nullmailer-vim,3,docker mta-nullmailer vim,ACCEPT,0,0,0,0,0,0,0,0,0,0,0,0
docker-mta-nullmailer-webserver,3,docker mta-nullmailer webserver,ACCEPT,0,0,0,2,0,0,0,0,0,0,0,0
docker-mta-nullmailer-wget,3,docker mta-nullmailer wget,ACCEPT,0,0,0,0,0,0,0,0,0,0,0,0
docker-mta-nullmailer-zstd,3,docker mta-nullmailer zstd,ACCEPT,0,0,0,0,0,0,0,0,0,0,0,0
docker-mysql,2,docker mysql,ACCEPT,0,0,0,2,0,0,0,0,0,0,0,0
docker-mysql-nc-openbsd,3,docker mysql nc-openbsd,ACCEPT,0,0,0,4,0,0,0,0,0,0,0,0
docker-mysql-nc-traditional,3,docker mysql nc-traditional,ACCEPT,0,0,0,2,0,0,0,0,0,0,0,0
docker-mysql-nvidia-driver-535,3,docker mysql nvidia-driver-535,ACCEPT,0,0,0,2,0,0,0,0,0,0,0,0
docker-mysql-original-awk,3,docker mysql original-awk,ACCEPT,0,0,0,2,0,0,0,0,0,0,0,0
docker-mysql-pgclient,3,docker mysql pgclient,ACCEPT,0,0,0,10,0,0,0,0,0,0,0,0
docker-mysql-pipdemo,3,docker mysql pipdemo,ACCEPT,0,0,0,4,0,0,0,0,0,0,0,0
docker-mysql-postgres,3,docker mysql postgres,ACCEPT,0,0,0,13,0,0,0,0,0,0,0,0
docker-mysql-pytools,3,docker mysql pytools,ACCEPT,0,0,0,4,0,0,0,0,0,0,0,0
docker-mysql-pyyaml,3,docker mysql pyyaml,ACCEPT,0,0,0,4,0,0,0,0,0,0,0,0
docker-mysql-redis,3,docker mysql redis,ACCEPT,0,0,0,2,0,0,0,0,0,0,0,0
docker-mysql-rsync,3,docker mysql rsync,ACCEPT,0,0,0,4,0,0,0,0,0,0,0,0
docker-mysql-rust,3,docker mysql rust,ACCEPT,0,0,0,3,0,0,0,0,0,0,0,0
docker-mysql-socat,3,docker mysql socat,ACCEPT,0,0,0,4,0,0,0,0,0,0,0,0
docker-mysql-sqlite,3,docker mysql sqlite,ACCEPT,0,0,0,4,0,0,0,0,0,0,0,0
docker-mysql-tcpdump,3,docker mysql tcpdump,ACCEPT,0,0,0,2,0,0,0,0,0,0,0,0
docker-mysql-tmux,3,docker mysql tmux,ACCEPT,0,0,0,2,0,0,0,0,0,0,0,0
docker-mysql-vim,3,docker mysql vim,ACCEPT,0,0,0,4,0,0,0,0,0,0,0,0
docker-mysql-webserver,3,docker mysql webserver,ACCEPT,0,0,0,12,0,0,0,0,0,0,0,0
docker-mysql-wget,3,docker mysql wget,ACCEPT,0,0,0,2,0,0,0,0,0,0,0,0
docker-mysql-zstd,3,docker mysql zstd,ACCEPT,0,0,0,2,0,0,0,0,0,0,0,0
docker-nc-openbsd,2,docker nc-openbsd,ACCEPT,0,0,0,0,0,0,0,0,0,0,0,0
docker-nc-openbsd-nc-traditional,3,docker nc-openbsd nc-traditional,ACCEPT,0,0,0,0,0,0,0,0,0,0,0,0
docker-nc-openbsd-nvidia-driver-535,3,docker nc-openbsd nvidia-driver-535,ACCEPT,0,0,0,0,0,0,0,0,0,0,0,0
docker-nc-openbsd-original-awk,3,docker nc-openbsd original-awk,ACCEPT,0,0,0,0,0,0,0,0,0,0,0,0
docker-nc-openbsd-pgclient,3,docker nc-openbsd pgclient,ACCEPT,0,0,0,1,0,0,0,0,0,0,0,0
docker-nc-openbsd-pipdemo,3,docker nc-openbsd pipdemo,ACCEPT,0,0,0,0,0,0,0,0,0,0,0,0
docker-nc-openbsd-postgres,3,docker nc-openbsd postgres,ACCEPT,0,0,0,3,0,0,0,0,0,0,0,0
docker-nc-openbsd-pytools,3,docker nc-openbsd pytools,ACCEPT,0,0,0,0,0,0,0,0,0,0,0,0
docker-nc-openbsd-pyyaml,3,docker nc-openbsd pyyaml,ACCEPT,0,0,0,0,0,0,0,0,0,0,0,0
docker-nc-openbsd-redis,3,docker nc-openbsd redis,ACCEPT,0,0,0,0,0,0,0,0,0,0,0,0
docker-nc-openbsd-rsync,3,docker nc-openbsd rsync,ACCEPT,0,0,0,0,0,0,0,0,0,0,0,0
docker-nc-openbsd-rust,3,docker nc-openbsd rust,ACCEPT,0,0,0,0,0,0,0,0,0,0,0,0
docker-nc-openbsd-socat,3,docker nc-openbsd socat,ACCEPT,0,0,0,0,0,0,0,0,0,0,0,0
docker-nc-openbsd-sqlite,3,docker nc-openbsd sqlite,ACCEPT,0,0,0,0,0,0,0,0,0,0,0,0
docker-nc-openbsd-tcpdump,3,docker nc-openbsd tcpdump,ACCEPT,0,0,0,0,0,0,0,0,0,0,0,0
docker-nc-openbsd-tmux,3,docker nc-openbsd tmux,ACCEPT,0,0,0,0,0,0,0,0,0,0,0,0
docker-nc-openbsd-vim,3,docker nc-openbsd vim,ACCEPT,0,0,0,0,0,0,0,0,0,0,0,0
docker-nc-openbsd-webserver,3,docker nc-openbsd webserver,ACCEPT,0,0,0,4,0,0,0,0,0,0,0,0
docker-nc-openbsd-wget,3,docker nc-openbsd wget,ACCEPT,0,0,0,0,0,0,0,0,0,0,0,0
docker-nc-openbsd-zstd,3,docker nc-openbsd zstd,ACCEPT,0,0,0,0,0,0,0,0,0,0,0,0
docker-nc-traditional,2,docker nc-traditional,ACCEPT,0,0,0,0,0,0,0,0,0,0,0,0
docker-nc-traditional-nvidia-driver-535,3,docker nc-traditional nvidia-driver-535,ACCEPT,0,0,0,0,0,0,0,0,0,0,0,0
docker-nc-traditional-original-awk,3,docker nc-traditional original-awk,ACCEPT,0,0,0,0,0,0,0,0,0,0,0,0
docker-nc-traditional-pgclient,3,docker nc-traditional pgclient,ACCEPT,0,0,0,1,0,0,0,0,0,0,0,0
docker-nc-traditional-pipdemo,3,docker nc-traditional pipdemo,ACCEPT,0,0,0,0,0,0,0,0,0,0,0,0
docker-nc-traditional-postgres,3,docker nc-traditional postgres,ACCEPT,0,0,0,1,0,0,0,0,0,0,0,0
docker-nc-traditional-pytools,3,docker nc-traditional pytools,ACCEPT,0,0,0,0,0,0,0,0,0,0,0,0
docker-nc-traditional-pyyaml,3,docker nc-traditional pyyaml,ACCEPT,0,0,0,0,0,0,0,0,0,0,0,0
docker-nc-traditional-redis,3,docker nc-traditional redis,ACCEPT,0,0,0,0,0,0,0,0,0,0,0,0
docker-nc-traditional-rsync,3,docker nc-traditional rsync,ACCEPT,0,0,0,0,0,0,0,0,0,0,0,0
docker-nc-traditional-rust,3,docker nc-traditional rust,ACCEPT,0,0,0,0,0,0,0,0,0,0,0,0
docker-nc-traditional-socat,3,docker nc-traditional socat,ACCEPT,0,0,0,0,0,0,0,0,0,0,0,0
docker-nc-traditional-sqlite,3,docker nc-traditional sqlite,ACCEPT,0,0,0,0,0,0,0,0,0,0,0,0
docker-nc-traditional-tcpdump,3,docker nc-traditional tcpdump,ACCEPT,0,0,0,0,0,0,0,0,0,0,0,0
docker-nc-traditional-tmux,3,docker nc-traditional tmux,ACCEPT,0,0,0,0,0,0,0,0,0,0,0,0
docker-nc-traditional-vim,3,docker nc-traditional vim,ACCEPT,0,0,0,0,0,0,0,0,0,0,0,0
docker-nc-traditional-webserver,3,docker nc-traditional webserver,ACCEPT,0,0,0,2,0,0,0,0,0,0,0,0
docker-nc-traditional-wget,3,docker nc-traditional wget,ACCEPT,0,0,0,0,0,0,0,0,0,0,0,0
docker-nc-traditional-zstd,3,docker nc-traditional zstd,ACCEPT,0,0,0,0,0,0,0,0,0,0,0,0
docker-nvidia-driver-535,2,docker nvidia-driver-535,ACCEPT,0,0,0,0,0,0,0,0,0,0,0,0
docker-nvidia-driver-535-original-awk,3,docker nvidia-driver-535 original-awk,ACCEPT,0,0,0,0,0,0,0,0,0,0,0,0
docker-nvidia-driver-535-pgclient,3,docker nvidia-driver-535 pgclient,ACCEPT,0,0,0,1,0,0,0,0,0,0,0,0
docker-nvidia-driver-535-pipdemo,3,docker nvidia-driver-535 pipdemo,ACCEPT,0,0,0,0,0,0,0,0,0,0,0,0
docker-nvidia-driver-535-postgres,3,docker nvidia-driver-535 postgres,ACCEPT,0,0,0,1,0,0,0,0,0,0,0,0
docker-nvidia-driver-535-pytools,3,docker nvidia-driver-535 pytools,ACCEPT,0,0,0,0,0,0,0,0,0,0,0,0
docker-nvidia-driver-535-pyyaml,3,docker nvidia-driver-535 pyyaml,ACCEPT,0,0,0,0,0,0,0,0,0,0,0,0
docker-nvidia-driver-535-redis,3,docker nvidia-driver-535 redis,ACCEPT,0,0,0,0,0,0,0,0,0,0,0,0
docker-nvidia-driver-535-rsync,3,docker nvidia-driver-535 rsync,ACCEPT,0,0,0,0,0,0,0,0,0,0,0,0
docker-nvidia-driver-535-rust,3,docker nvidia-driver-535 rust,ACCEPT,0,0,0,6,0,0,0,0,0,0,0,0
docker-nvidia-driver-535-socat,3,docker nvidia-driver-535 socat,ACCEPT,0,0,0,0,0,0,0,0,0,0,0,0
docker-nvidia-driver-535-sqlite,3,docker nvidia-driver-535 sqlite,ACCEPT,0,0,0,0,0,0,0,0,0,0,0,0
docker-nvidia-driver-535-tcpdump,3,docker nvidia-driver-535 tcpdump,ACCEPT,0,0,0,0,0,0,0,0,0,0,0,0
docker-nvidia-driver-535-tmux,3,docker nvidia-driver-535 tmux,ACCEPT,0,0,0,0,0,0,0,0,0,0,0,0
docker-nvidia-driver-535-vim,3,docker nvidia-driver-535 vim,ACCEPT,0,0,0,0,0,0,0,0,0,0,0,0
docker-nvidia-driver-535-webserver,3,docker nvidia-driver-535 webserver,ACCEPT,0,0,0,2,0,0,0,0,0,0,0,0
docker-nvidia-driver-535-wget,3,docker nvidia-driver-535 wget,ACCEPT,0,0,0,0,0,0,0,0,0,0,0,0
docker-nvidia-driver-535-zstd,3,docker nvidia-driver-535 zstd,ACCEPT,0,0,0,0,0,0,0,0,0,0,0,0
docker-original-awk,2,docker original-awk,ACCEPT,0,0,0,0,0,0,0,0,0,0,0,0
docker-original-awk-pgclient,3,docker original-awk pgclient,ACCEPT,0,0,0,1,0,0,0,0,0,0,0,0
docker-original-awk-pipdemo,3,docker original-awk pipdemo,ACCEPT,0,0,0,0,0,0,0,0,0,0,0,0
docker-original-awk-postgres,3,docker original-awk postgres,ACCEPT,0,0,0,1,0,0,0,0,0,0,0,0
docker-original-awk-pytools,3,docker original-awk pytools,ACCEPT,0,0,0,0,0,0,0,0,0,0,0,0
docker-original-awk-pyyaml,3,docker original-awk pyyaml,ACCEPT,0,0,0,0,0,0,0,0,0,0,0,0
docker-original-awk-redis,3,docker original-awk redis,ACCEPT,0,0,0,0,0,0,0,0,0,0,0,0
docker-original-awk-rsync,3,docker original-awk rsync,ACCEPT,0,0,0,0,0,0,0,0,0,0,0,0
docker-original-awk-rust,3,docker original-awk rust,ACCEPT,0,0,0,0,0,0,0,0,0,0,0,0
docker-original-awk-socat,3,docker original-awk socat,ACCEPT,0,0,0,0,0,0,0,0,0,0,0,0
docker-original-awk-sqlite,3,docker original-awk sqlite,ACCEPT,0,0,0,0,0,0,0,0,0,0,0,0
docker-original-awk-tcpdump,3,docker original-awk tcpdump,ACCEPT,0,0,0,0,0,0,0,0,0,0,0,0
docker-original-awk-tmux,3,docker original-awk tmux,ACCEPT,0,0,0,0,0,0,0,0,0,0,0,0
docker-original-awk-vim,3,docker original-awk vim,ACCEPT,0,0,0,0,0,0,0,0,0,0,0,0
docker-original-awk-webserver,3,docker original-awk webserver,ACCEPT,0,0,0,2,0,0,0,0,0,0,0,0
docker-original-awk-wget,3,docker original-awk wget,ACCEPT,0,0,0,0,0,0,0,0,0,0,0,0
docker-original-awk-zstd,3,docker original-awk zstd,ACCEPT,0,0,0,0,0,0,0,0,0,0,0,0
docker-pgclient,2,docker pgclient,ACCEPT,0,0,0,1,0,0,0,0,0,0,0,0
docker-pgclient-pipdemo,3,docker pgclient pipdemo,ACCEPT,0,0,0,3,0,0,0,0,0,0,0,0
docker-pgclient-postgres,3,docker pgclient postgres,ACCEPT,0,0,0,16,0,0,0,0,0,0,0,0
docker-pgclient-pytools,3,docker pgclient pytools,ACCEPT,0,0,0,3,0,0,0,0,0,0,0,0
docker-pgclient-pyyaml,3,docker pgclient pyyaml,ACCEPT,0,0,0,3,0,0,0,0,0,0,0,0
docker-pgclient-redis,3,docker pgclient redis,ACCEPT,0,0,0,1,0,0,0,0,0,0,0,0
docker-pgclient-rsync,3,docker pgclient rsync,ACCEPT,0,0,0,1,0,0,0,0,0,0,0,0
docker-pgclient-rust,3,docker pgclient rust,ACCEPT,0,0,0,4,0,0,0,0,0,0,0,0
docker-pgclient-socat,3,docker pgclient socat,ACCEPT,0,0,0,1,0,0,0,0,0,0,0,0
docker-pgclient-sqlite,3,docker pgclient sqlite,ACCEPT,0,0,0,3,0,0,0,0,0,0,0,0
docker-pgclient-tcpdump,3,docker pgclient tcpdump,ACCEPT,0,0,0,1,0,0,0,0,0,0,0,0
docker-pgclient-tmux,3,docker pgclient tmux,ACCEPT,0,0,0,1,0,0,0,0,0,0,0,0
docker-pgclient-vim,3,docker pgclient vim,ACCEPT,0,0,0,3,0,0,0,0,0,0,0,0
docker-pgclient-webserver,3,docker pgclient webserver,ACCEPT,0,0,0,3,0,0,0,0,0,0,0,0
docker-pgclient-wget,3,docker pgclient wget,ACCEPT,0,0,0,1,0,0,0,0,0,0,0,0
docker-pgclient-zstd,3,docker pgclient zstd,ACCEPT,0,0,0,1,0,0,0,0,0,0,0,0
docker-pipdemo,2,docker pipdemo,ACCEPT,0,0,0,0,0,0,0,0,0,0,0,0
docker-pipdemo-postgres,3,docker pipdemo postgres,ACCEPT,0,0,0,3,0,0,0,0,0,0,0,0
docker-pipdemo-pytools,3,docker pipdemo pytools,ACCEPT,0,0,0,19,0,0,0,0,0,0,0,0
docker-pipdemo-pyyaml,3,docker pipdemo pyyaml,ACCEPT,0,0,0,13,0,0,0,0,0,0,0,0
docker-pipdemo-redis,3,docker pipdemo redis,ACCEPT,0,0,0,0,0,0,0,0,0,0,0,0
docker-pipdemo-rsync,3,docker pipdemo rsync,ACCEPT,0,0,0,0,0,0,0,0,0,0,0,0
docker-pipdemo-rust,3,docker pipdemo rust,ACCEPT,0,0,0,0,0,0,0,0,0,0,0,0
docker-pipdemo-socat,3,docker pipdemo socat,ACCEPT,0,0,0,0,0,0,0,0,0,0,0,0
docker-pipdemo-sqlite,3,docker pipdemo sqlite,ACCEPT,0,0,0,3,0,0,0,0,0,0,0,0
docker-pipdemo-tcpdump,3,docker pipdemo tcpdump,ACCEPT,0,0,0,0,0,0,0,0,0,0,0,0
docker-pipdemo-tmux,3,docker pipdemo tmux,ACCEPT,0,0,0,0,0,0,0,0,0,0,0,0
docker-pipdemo-vim,3,docker pipdemo vim,ACCEPT,0,0,0,8,0,0,0,0,0,0,0,0
docker-pipdemo-webserver,3,docker pipdemo webserver,ACCEPT,0,0,0,3,0,0,0,0,0,0,0,0
docker-pipdemo-wget,3,docker pipdemo wget,ACCEPT,0,0,0,0,0,0,0,0,0,0,0,0
docker-pipdemo-zstd,3,docker pipdemo zstd,ACCEPT,0,0,0,0,0,0,0,0,0,0,0,0
docker-postgres,2,docker postgres,ACCEPT,0,0,0,1,0,0,0,0,0,0,0,0
docker-postgres-pytools,3,docker postgres pytools,ACCEPT,0,0,0,3,0,0,0,0,0,0,0,0
docker-postgres-pyyaml,3,docker postgres pyyaml,ACCEPT,0,0,0,3,0,0,0,0,0,0,0,0
docker-postgres-redis,3,docker postgres redis,ACCEPT,0,0,0,1,0,0,0,0,0,0,0,0
docker-postgres-rsync,3,docker postgres rsync,ACCEPT,0,0,0,1,0,0,0,0,0,0,0,0
docker-postgres-rust,3,docker postgres rust,ACCEPT,0,0,0,4,0,0,0,0,0,0,0,0
docker-postgres-socat,3,docker postgres socat,ACCEPT,0,0,0,1,0,0,0,0,0,0,0,0
docker-postgres-sqlite,3,docker postgres sqlite,ACCEPT,0,0,0,3,0,0,0,0,0,0,0,0
docker-postgres-tcpdump,3,docker postgres tcpdump,ACCEPT,0,0,0,1,0,0,0,0,0,0,0,0
docker-postgres-tmux,3,docker postgres tmux,ACCEPT,0,0,0,1,0,0,0,0,0,0,0,0
docker-postgres-vim,3,docker postgres vim,ACCEPT,0,0,0,3,0,0,0,0,0,0,0,0
docker-postgres-webserver,3,docker postgres webserver,ACCEPT,0,0,0,9,0,0,0,0,0,0,0,0
docker-postgres-wget,3,docker postgres wget,ACCEPT,0,0,0,1,0,0,0,0,0,0,0,0
docker-postgres-zstd,3,docker postgres zstd,ACCEPT,0,0,0,1,0,0,0,0,0,0,0,0
docker-pytools,2,docker pytools,ACCEPT,0,0,0,0,0,0,0,0,0,0,0,0
docker-pytools-pyyaml,3,docker pytools pyyaml,ACCEPT,0,0,0,13,0,0,0,0,0,0,0,0
docker-pytools-redis,3,docker pytools redis,ACCEPT,0,0,0,0,0,0,0,0,0,0,0,0
docker-pytools-rsync,3,docker pytools rsync,ACCEPT,0,0,0,0,0,0,0,0,0,0,0,0
docker-pytools-rust,3,docker pytools rust,ACCEPT,0,0,0,1,0,0,0,0,0,0,0,0
docker-pytools-socat,3,docker pytools socat,ACCEPT,0,0,0,0,0,0,0,0,0,0,0,0
docker-pytools-sqlite,3,docker pytools sqlite,ACCEPT,0,0,0,3,0,0,0,0,0,0,0,0
docker-pytools-tcpdump,3,docker pytools tcpdump,ACCEPT,0,0,0,0,0,0,0,0,0,0,0,0
docker-pytools-tmux,3,docker pytools tmux,ACCEPT,0,0,0,0,0,0,0,0,0,0,0,0
docker-pytools-vim,3,docker pytools vim,ACCEPT,0,0,0,8,0,0,0,0,0,0,0,0
docker-pytools-webserver,3,docker pytools webserver,ACCEPT,0,0,0,3,0,0,0,0,0,0,0,0
docker-pytools-wget,3,docker pytools wget,ACCEPT,0,0,0,0,0,0,0,0,0,0,0,0
docker-pytools-zstd,3,docker pytools zstd,ACCEPT,0,0,0,0,0,0,0,0,0,0,0,0
docker-pyyaml,2,docker pyyaml,ACCEPT,0,0,0,0,0,0,0,0,0,0,0,0
docker-pyyaml-redis,3,docker pyyaml redis,ACCEPT,0,0,0,0,0,0,0,0,0,0,0,0
docker-pyyaml-rsync,3,docker pyyaml rsync,ACCEPT,0,0,0,0,0,0,0,0,0,0,0,0
docker-pyyaml-rust,3,docker pyyaml rust,ACCEPT,0,0,0,0,0,0,0,0,0,0,0,0
docker-pyyaml-socat,3,docker pyyaml socat,ACCEPT,0,0,0,0,0,0,0,0,0,0,0,0
docker-pyyaml-sqlite,3,docker pyyaml sqlite,ACCEPT,0,0,0,3,0,0,0,0,0,0,0,0
docker-pyyaml-tcpdump,3,docker pyyaml tcpdump,ACCEPT,0,0,0,0,0,0,0,0,0,0,0,0
docker-pyyaml-tmux,3,docker pyyaml tmux,ACCEPT,0,0,0,0,0,0,0,0,0,0,0,0
docker-pyyaml-vim,3,docker pyyaml vim,ACCEPT,0,0,0,8,0,0,0,0,0,0,0,0
docker-pyyaml-webserver,3,docker pyyaml webserver,ACCEPT,0,0,0,3,0,0,0,0,0,0,0,0
docker-pyyaml-wget,3,docker pyyaml wget,ACCEPT,0,0,0,0,0,0,0,0,0,0,0,0
docker-pyyaml-zstd,3,docker pyyaml zstd,ACCEPT,0,0,0,0,0,0,0,0,0,0,0,0
docker-redis,2,docker redis,ACCEPT,0,0,0,0,0,0,0,0,0,0,0,0
docker-redis-rsync,3,docker redis rsync,ACCEPT,0,0,0,0,0,0,0,0,0,0,0,0
docker-redis-rust,3,docker redis rust,ACCEPT,0,0,0,1,0,0,0,0,0,0,0,0
docker-redis-socat,3,docker redis socat,ACCEPT,0,0,0,0,0,0,0,0,0,0,0,0
docker-redis-sqlite,3,docker redis sqlite,ACCEPT,0,0,0,0,0,0,0,0,0,0,0,0
docker-redis-tcpdump,3,docker redis tcpdump,ACCEPT,0,0,0,0,0,0,0,0,0,0,0,0
docker-redis-tmux,3,docker redis tmux,ACCEPT,0,0,0,0,0,0,0,0,0,0,0,0
docker-redis-vim,3,docker redis vim,ACCEPT,0,0,0,0,0,0,0,0,0,0,0,0
docker-redis-webserver,3,docker redis webserver,ACCEPT,0,0,0,2,0,0,0,0,0,0,0,0
docker-redis-wget,3,docker redis wget,ACCEPT,0,0,0,0,0,0,0,0,0,0,0,0
docker-redis-zstd,3,docker redis zstd,ACCEPT,0,0,0,0,0,0,0,0,0,0,0,0
docker-rsync,2,docker rsync,ACCEPT,0,0,0,0,0,0,0,0,0,0,0,0
docker-rsync-rust,3,docker rsync rust,ACCEPT,0,0,0,0,0,0,0,0,0,0,0,0
docker-rsync-socat,3,docker rsync socat,ACCEPT,0,0,0,0,0,0,0,0,0,0,0,0
docker-rsync-sqlite,3,docker rsync sqlite,ACCEPT,0,0,0,0,0,0,0,0,0,0,0,0
docker-rsync-tcpdump,3,docker rsync tcpdump,ACCEPT,0,0,0,0,0,0,0,0,0,0,0,0
docker-rsync-tmux,3,docker rsync tmux,ACCEPT,0,0,0,0,0,0,0,0,0,0,0,0
docker-rsync-vim,3,docker rsync vim,ACCEPT,0,0,0,0,0,0,0,0,0,0,0,0
docker-rsync-webserver,3,docker rsync webserver,ACCEPT,0,0,0,2,0,0,0,0,0,0,0,0
docker-rsync-wget,3,docker rsync wget,ACCEPT,0,0,0,0,0,0,0,0,0,0,0,0
docker-rsync-zstd,3,docker rsync zstd,ACCEPT,0,0,0,0,0,0,0,0,0,0,0,0
docker-rust,2,docker rust,ACCEPT,0,0,0,0,0,0,0,0,0,0,0,0
docker-rust-socat,3,docker rust socat,ACCEPT,0,0,0,0,0,0,0,0,0,0,0,0
docker-rust-sqlite,3,docker rust sqlite,ACCEPT,0,0,0,0,0,0,0,0,0,0,0,0
docker-rust-tcpdump,3,docker rust tcpdump,ACCEPT,0,0,0,0,0,0,0,0,0,0,0,0
docker-rust-tmux,3,docker rust tmux,ACCEPT,0,0,0,0,0,0,0,0,0,0,0,0
docker-rust-vim,3,docker rust vim,ACCEPT,0,0,0,0,0,0,0,0,0,0,0,0
docker-rust-webserver,3,docker rust webserver,ACCEPT,0,0,0,3,0,0,0,0,0,0,0,0
docker-rust-wget,3,docker rust wget,ACCEPT,0,0,0,1,0,0,0,0,0,0,0,0
docker-rust-zstd,3,docker rust zstd,ACCEPT,0,0,0,0,0,0,0,0,0,0,0,0
docker-socat,2,docker socat,ACCEPT,0,0,0,0,0,0,0,0,0,0,0,0
docker-socat-sqlite,3,docker socat sqlite,ACCEPT,0,0,0,0,0,0,0,0,0,0,0,0
docker-socat-tcpdump,3,docker socat tcpdump,ACCEPT,0,0,0,0,0,0,0,0,0,0,0,0
docker-socat-tmux,3,docker socat tmux,ACCEPT,0,0,0,0,0,0,0,0,0,0,0,0
docker-socat-vim,3,docker socat vim,ACCEPT,0,0,0,0,0,0,0,0,0,0,0,0
docker-socat-webserver,3,docker socat webserver,ACCEPT,0,0,0,2,0,0,0,0,0,0,0,0
docker-socat-wget,3,docker socat wget,ACCEPT,0,0,0,0,0,0,0,0,0,0,0,0
docker-socat-zstd,3,docker socat zstd,ACCEPT,0,0,0,0,0,0,0,0,0,0,0,0
docker-sqlite,2,docker sqlite,ACCEPT,0,0,0,0,0,0,0,0,0,0,0,0
docker-sqlite-tcpdump,3,docker sqlite tcpdump,ACCEPT,0,0,0,0,0,0,0,0,0,0,0,0
docker-sqlite-tmux,3,docker sqlite tmux,ACCEPT,0,0,0,0,0,0,0,0,0,0,0,0
docker-sqlite-vim,3,docker sqlite vim,ACCEPT,0,0,0,3,0,0,0,0,0,0,0,0
docker-sqlite-webserver,3,docker sqlite webserver,ACCEPT,0,0,0,2,0,0,0,0,0,0,0,0
docker-sqlite-wget,3,docker sqlite wget,ACCEPT,0,0,0,0,0,0,0,0,0,0,0,0
docker-sqlite-zstd,3,docker sqlite zstd,ACCEPT,0,0,0,0,0,0,0,0,0,0,0,0
docker-tcpdump,2,docker tcpdump,ACCEPT,0,0,0,0,0,0,0,0,0,0,0,0
docker-tcpdump-tmux,3,docker tcpdump tmux,ACCEPT,0,0,0,0,0,0,0,0,0,0,0,0
docker-tcpdump-vim,3,docker tcpdump vim,ACCEPT,0,0,0,0,0,0,0,0,0,0,0,0
docker-tcpdump-webserver,3,docker tcpdump webserver,ACCEPT,0,0,0,2,0,0,0,0,0,0,0,0
docker-tcpdump-wget,3,docker tcpdump wget,ACCEPT,0,0,0,0,0,0,0,0,0,0,0,0
docker-tcpdump-zstd,3,docker tcpdump zstd,ACCEPT,0,0,0,0,0,0,0,0,0,0,0,0
docker-tmux,2,docker tmux,ACCEPT,0,0,0,0,0,0,0,0,0,0,0,0
docker-tmux-vim,3,docker tmux vim,ACCEPT,0,0,0,0,0,0,0,0,0,0,0,0
docker-tmux-webserver,3,docker tmux webserver,ACCEPT,0,0,0,2,0,0,0,0,0,0,0,0
docker-tmux-wget,3,docker tmux wget,ACCEPT,0,0,0,0,0,0,0,0,0,0,0,0
docker-tmux-zstd,3,docker tmux zstd,ACCEPT,0,0,0,0,0,0,0,0,0,0,0,0
docker-vim,2,docker vim,ACCEPT,0,0,0,0,0,0,0,0,0,0,0,0
docker-vim-webserver,3,docker vim webserver,ACCEPT,0,0,0,3,0,0,0,0,0,0,0,0
docker-vim-wget,3,docker vim wget,ACCEPT,0,0,0,0,0,0,0,0,0,0,0,0
docker-vim-zstd,3,docker vim zstd,ACCEPT,0,0,0,0,0,0,0,0,0,0,0,0
docker-webserver,2,docker webserver,ACCEPT,0,0,0,2,0,0,0,0,0,0,0,0
docker-webserver-wget,3,docker webserver wget,ACCEPT,0,0,0,2,0,0,0,0,0,0,0,0
docker-webserver-zstd,3,docker webserver zstd,ACCEPT,0,0,0,2,0,0,0,0,0,0,0,0
docker-wget,2,docker wget,ACCEPT,0,0,0,0,0,0,0,0,0,0,0,0
docker-wget-zstd,3,docker wget zstd,ACCEPT,0,0,0,0,0,0,0,0,0,0,0,0
docker-zstd,2,docker zstd,ACCEPT,0,0,0,0,0,0,0,0,0,0,0,0
emacs-fake-cuda,2,emacs fake-cuda,REJECT,1,1,0,0,0,0,0,0,0,1,0,0
emacs-fake-cuda-fake-nvidia-driver,3,emacs fake-cuda fake-nvidia-driver,ACCEPT,0,0,0,0,0,0,0,0,0,0,0,0
emacs-fake-cuda-gawk,3,emacs fake-cuda gawk,REJECT,1,1,0,0,0,0,0,0,0,1,0,0
emacs-fake-cuda-gcc,3,emacs fake-cuda gcc,REJECT,1,1,0,0,0,0,0,0,0,1,0,0
emacs-fake-cuda-git,3,emacs fake-cuda git,REJECT,1,1,0,0,0,0,0,0,0,1,0,0
emacs-fake-cuda-htop,3,emacs fake-cuda htop,REJECT,1,1,0,0,0,0,0,0,0,1,0,0
emacs-fake-cuda-java,3,emacs fake-cuda java,REJECT,1,1,0,4,0,0,0,0,0,1,0,0
emacs-fake-cuda-jq,3,emacs fake-cuda jq,REJECT,1,1,0,0,0,0,0,0,0,1,0,0
emacs-fake-cuda-llvm,3,emacs fake-cuda llvm,REJECT,1,1,0,2,0,0,0,0,0,1,0,0
emacs-fake-cuda-memcached,3,emacs fake-cuda memcached,REJECT,1,1,0,0,0,0,0,0,0,1,0,0
emacs-fake-cuda-mta-msmtp,3,emacs fake-cuda mta-msmtp,REJECT,1,1,0,0,0,0,0,0,0,1,0,0
emacs-fake-cuda-mta-nullmailer,3,emacs fake-cuda mta-nullmailer,REJECT,1,1,0,0,0,0,0,0,0,1,0,0
emacs-fake-cuda-mysql,3,emacs fake-cuda mysql,REJECT,1,1,0,0,0,0,0,0,0,1,0,0
emacs-fake-cuda-nc-openbsd,3,emacs fake-cuda nc-openbsd,REJECT,1,1,0,0,0,0,0,0,0,1,0,0
emacs-fake-cuda-nc-traditional,3,emacs fake-cuda nc-traditional,REJECT,1,1,0,0,0,0,0,0,0,1,0,0
emacs-fake-cuda-nvidia-driver-535,3,emacs fake-cuda nvidia-driver-535,REJECT,1,1,0,0,0,0,0,0,0,1,0,0
emacs-fake-cuda-original-awk,3,emacs fake-cuda original-awk,REJECT,1,1,0,0,0,0,0,0,0,1,0,0
emacs-fake-cuda-pgclient,3,emacs fake-cuda pgclient,REJECT,1,1,0,0,0,0,0,0,0,1,0,0
emacs-fake-cuda-pipdemo,3,emacs fake-cuda pipdemo,REJECT,1,1,0,0,0,0,0,0,0,1,0,0
emacs-fake-cuda-postgres,3,emacs fake-cuda postgres,REJECT,1,1,0,2,0,0,0,0,0,1,0,0
emacs-fake-cuda-pytools,3,emacs fake-cuda pytools,REJECT,1,1,0,0,0,0,0,0,0,1,0,0
emacs-fake-cuda-pyyaml,3,emacs fake-cuda pyyaml,REJECT,1,1,0,0,0,0,0,0,0,1,0,0
emacs-fake-cuda-redis,3,emacs fake-cuda redis,REJECT,1,1,0,0,0,0,0,0,0,1,0,0
emacs-fake-cuda-rsync,3,emacs fake-cuda rsync,REJECT,1,1,0,0,0,0,0,0,0,1,0,0
emacs-fake-cuda-rust,3,emacs fake-cuda rust,REJECT,1,1,0,0,0,0,0,0,0,1,0,0
emacs-fake-cuda-socat,3,emacs fake-cuda socat,REJECT,1,1,0,0,0,0,0,0,0,1,0,0
emacs-fake-cuda-sqlite,3,emacs fake-cuda sqlite,REJECT,1,1,0,0,0,0,0,0,0,1,0,0
emacs-fake-cuda-tcpdump,3,emacs fake-cuda tcpdump,REJECT,1,1,0,1,0,0,0,0,0,1,0,0
emacs-fake-cuda-tmux,3,emacs fake-cuda tmux,REJECT,1,1,0,0,0,0,0,0,0,1,0,0
emacs-fake-cuda-vim,3,emacs fake-cuda vim,REJECT,1,1,0,1,0,0,0,0,0,1,0,0
emacs-fake-cuda-webserver,3,emacs fake-cuda webserver,REJECT,1,1,0,2,0,0,0,0,0,1,0,0
emacs-fake-cuda-wget,3,emacs fake-cuda wget,REJECT,1,1,0,0,0,0,0,0,0,1,0,0
emacs-fake-cuda-zstd,3,emacs fake-cuda zstd,REJECT,1,1,0,0,0,0,0,0,0,1,0,0
emacs-fake-nvidia-driver,2,emacs fake-nvidia-driver,ACCEPT,0,0,0,0,0,0,0,0,0,0,0,0
emacs-fake-nvidia-driver-gawk,3,emacs fake-nvidia-driver gawk,ACCEPT,0,0,0,0,0,0,0,0,0,0,0,0
emacs-fake-nvidia-driver-gcc,3,emacs fake-nvidia-driver gcc,ACCEPT,0,0,0,0,0,0,0,0,0,0,0,0
emacs-fake-nvidia-driver-git,3,emacs fake-nvidia-driver git,ACCEPT,0,0,0,0,0,0,0,0,0,0,0,0
emacs-fake-nvidia-driver-htop,3,emacs fake-nvidia-driver htop,ACCEPT,0,0,0,0,0,0,0,0,0,0,0,0
emacs-fake-nvidia-driver-java,3,emacs fake-nvidia-driver java,ACCEPT,0,0,0,4,0,0,0,0,0,0,0,0
emacs-fake-nvidia-driver-jq,3,emacs fake-nvidia-driver jq,ACCEPT,0,0,0,0,0,0,0,0,0,0,0,0
emacs-fake-nvidia-driver-llvm,3,emacs fake-nvidia-driver llvm,ACCEPT,0,0,0,2,0,0,0,0,0,0,0,0
emacs-fake-nvidia-driver-memcached,3,emacs fake-nvidia-driver memcached,ACCEPT,0,0,0,0,0,0,0,0,0,0,0,0
emacs-fake-nvidia-driver-mta-msmtp,3,emacs fake-nvidia-driver mta-msmtp,ACCEPT,0,0,0,0,0,0,0,0,0,0,0,0
emacs-fake-nvidia-driver-mta-nullmailer,3,emacs fake-nvidia-driver mta-nullmailer,ACCEPT,0,0,0,0,0,0,0,0,0,0,0,0
emacs-fake-nvidia-driver-mysql,3,emacs fake-nvidia-driver mysql,ACCEPT,0,0,0,0,0,0,0,0,0,0,0,0
emacs-fake-nvidia-driver-nc-openbsd,3,emacs fake-nvidia-driver nc-openbsd,ACCEPT,0,0,0,0,0,0,0,0,0,0,0,0
emacs-fake-nvidia-driver-nc-traditional,3,emacs fake-nvidia-driver nc-traditional,ACCEPT,0,0,0,0,0,0,0,0,0,0,0,0
emacs-fake-nvidia-driver-nvidia-driver-535,3,emacs fake-nvidia-driver nvidia-driver-535,ACCEPT,0,0,0,0,0,0,0,0,0,0,0,0
emacs-fake-nvidia-driver-original-awk,3,emacs fake-nvidia-driver original-awk,ACCEPT,0,0,0,0,0,0,0,0,0,0,0,0
emacs-fake-nvidia-driver-pgclient,3,emacs fake-nvidia-driver pgclient,ACCEPT,0,0,0,0,0,0,0,0,0,0,0,0
emacs-fake-nvidia-driver-pipdemo,3,emacs fake-nvidia-driver pipdemo,ACCEPT,0,0,0,0,0,0,0,0,0,0,0,0
emacs-fake-nvidia-driver-postgres,3,emacs fake-nvidia-driver postgres,ACCEPT,0,0,0,2,0,0,0,0,0,0,0,0
emacs-fake-nvidia-driver-pytools,3,emacs fake-nvidia-driver pytools,ACCEPT,0,0,0,0,0,0,0,0,0,0,0,0
emacs-fake-nvidia-driver-pyyaml,3,emacs fake-nvidia-driver pyyaml,ACCEPT,0,0,0,0,0,0,0,0,0,0,0,0
emacs-fake-nvidia-driver-redis,3,emacs fake-nvidia-driver redis,ACCEPT,0,0,0,0,0,0,0,0,0,0,0,0
emacs-fake-nvidia-driver-rsync,3,emacs fake-nvidia-driver rsync,ACCEPT,0,0,0,0,0,0,0,0,0,0,0,0
emacs-fake-nvidia-driver-rust,3,emacs fake-nvidia-driver rust,ACCEPT,0,0,0,0,0,0,0,0,0,0,0,0
emacs-fake-nvidia-driver-socat,3,emacs fake-nvidia-driver socat,ACCEPT,0,0,0,0,0,0,0,0,0,0,0,0
emacs-fake-nvidia-driver-sqlite,3,emacs fake-nvidia-driver sqlite,ACCEPT,0,0,0,0,0,0,0,0,0,0,0,0
emacs-fake-nvidia-driver-tcpdump,3,emacs fake-nvidia-driver tcpdump,ACCEPT,0,0,0,1,0,0,0,0,0,0,0,0
emacs-fake-nvidia-driver-tmux,3,emacs fake-nvidia-driver tmux,ACCEPT,0,0,0,0,0,0,0,0,0,0,0,0
emacs-fake-nvidia-driver-vim,3,emacs fake-nvidia-driver vim,ACCEPT,0,0,0,1,0,0,0,0,0,0,0,0
emacs-fake-nvidia-driver-webserver,3,emacs fake-nvidia-driver webserver,ACCEPT,0,0,0,2,0,0,0,0,0,0,0,0
emacs-fake-nvidia-driver-wget,3,emacs fake-nvidia-driver wget,ACCEPT,0,0,0,0,0,0,0,0,0,0,0,0
emacs-fake-nvidia-driver-zstd,3,emacs fake-nvidia-driver zstd,ACCEPT,0,0,0,0,0,0,0,0,0,0,0,0
emacs-gawk,2,emacs gawk,ACCEPT,0,0,0,0,0,0,0,0,0,0,0,0
emacs-gawk-gcc,3,emacs gawk gcc,ACCEPT,0,0,0,1,0,0,0,0,0,0,0,0
emacs-gawk-git,3,emacs gawk git,ACCEPT,0,0,0,0,0,0,0,0,0,0,0,0
emacs-gawk-htop,3,emacs gawk htop,ACCEPT,0,0,0,0,0,0,0,0,0,0,0,0
emacs-gawk-java,3,emacs gawk java,ACCEPT,0,0,0,4,0,0,0,0,0,0,0,0
emacs-gawk-jq,3,emacs gawk jq,ACCEPT,0,0,0,0,0,0,0,0,0,0,0,0
emacs-gawk-llvm,3,emacs gawk llvm,ACCEPT,0,0,0,2,0,0,0,0,0,0,0,0
emacs-gawk-memcached,3,emacs gawk memcached,ACCEPT,0,0,0,0,0,0,0,0,0,0,0,0
emacs-gawk-mta-msmtp,3,emacs gawk mta-msmtp,ACCEPT,0,0,0,0,0,0,0,0,0,0,0,0
emacs-gawk-mta-nullmailer,3,emacs gawk mta-nullmailer,ACCEPT,0,0,0,0,0,0,0,0,0,0,0,0
emacs-gawk-mysql,3,emacs gawk mysql,ACCEPT,0,0,0,5,0,0,0,0,0,0,0,0
emacs-gawk-nc-openbsd,3,emacs gawk nc-openbsd,ACCEPT,0,0,0,0,0,0,0,0,0,0,0,0
emacs-gawk-nc-traditional,3,emacs gawk nc-traditional,ACCEPT,0,0,0,0,0,0,0,0,0,0,0,0
emacs-gawk-nvidia-driver-535,3,emacs gawk nvidia-driver-535,ACCEPT,0,0,0,0,0,0,0,0,0,0,0,0
emacs-gawk-original-awk,3,emacs gawk original-awk,ACCEPT,0,0,0,0,0,0,0,0,0,0,0,0
emacs-gawk-pgclient,3,emacs gawk pgclient,ACCEPT,0,0,0,2,0,0,0,0,0,0,0,0
emacs-gawk-pipdemo,3,emacs gawk pipdemo,ACCEPT,0,0,0,2,0,0,0,0,0,0,0,0
emacs-gawk-postgres,3,emacs gawk postgres,ACCEPT,0,0,0,4,0,0,0,0,0,0,0,0
emacs-gawk-pytools,3,emacs gawk pytools,ACCEPT,0,0,0,2,0,0,0,0,0,0,0,0
emacs-gawk-pyyaml,3,emacs gawk pyyaml,ACCEPT,0,0,0,2,0,0,0,0,0,0,0,0
emacs-gawk-redis,3,emacs gawk redis,ACCEPT,0,0,0,0,0,0,0,0,0,0,0,0
emacs-gawk-rsync,3,emacs gawk rsync,ACCEPT,0,0,0,0,0,0,0,0,0,0,0,0
emacs-gawk-rust,3,emacs gawk rust,ACCEPT,0,0,0,1,0,0,0,0,0,0,0,0
emacs-gawk-socat,3,emacs gawk socat,ACCEPT,0,0,0,0,0,0,0,0,0,0,0,0
emacs-gawk-sqlite,3,emacs gawk sqlite,ACCEPT,0,0,0,2,0,0,0,0,0,0,0,0
emacs-gawk-tcpdump,3,emacs gawk tcpdump,ACCEPT,0,0,0,1,0,0,0,0,0,0,0,0
emacs-gawk-tmux,3,emacs gawk tmux,ACCEPT,0,0,0,0,0,0,0,0,0,0,0,0
emacs-gawk-vim,3,emacs gawk vim,ACCEPT,0,0,0,3,0,0,0,0,0,0,0,0
emacs-gawk-webserver,3,emacs gawk webserver,ACCEPT,0,0,0,2,0,0,0,0,0,0,0,0
emacs-gawk-wget,3,emacs gawk wget,ACCEPT,0,0,0,0,0,0,0,0,0,0,0,0
emacs-gawk-zstd,3,emacs gawk zstd,ACCEPT,0,0,0,0,0,0,0,0,0,0,0,0
emacs-gcc,2,emacs gcc,ACCEPT,0,0,0,0,0,0,0,0,0,0,0,0
emacs-gcc-git,3,emacs gcc git,ACCEPT,0,0,0,5,0,0,0,0,0,0,0,0
emacs-gcc-htop,3,emacs gcc htop,ACCEPT,0,0,0,0,0,0,0,0,0,0,0,0
emacs-gcc-java,3,emacs gcc java,ACCEPT,0,0,0,4,0,0,0,0,0,0,0,0
emacs-gcc-jq,3,emacs gcc jq,ACCEPT,0,0,0,5,0,0,0,0,0,0,0,0
emacs-gcc-llvm,3,emacs gcc llvm,ACCEPT,0,0,0,26,0,0,0,0,0,0,0,0
emacs-gcc-memcached,3,emacs gcc memcached,ACCEPT,0,0,0,5,0,0,0,0,0,0,0,0
emacs-gcc-mta-msmtp,3,emacs gcc mta-msmtp,ACCEPT,0,0,0,0,0,0,0,0,0,0,0,0
emacs-gcc-mta-nullmailer,3,emacs gcc mta-nullmailer,ACCEPT,0,0,0,0,0,0,0,0,0,0,0,0
emacs-gcc-mysql,3,emacs gcc mysql,ACCEPT,0,0,0,6,0,0,0,0,0,0,0,0
emacs-gcc-nc-openbsd,3,emacs gcc nc-openbsd,ACCEPT,0,0,0,0,0,0,0,0,0,0,0,0
emacs-gcc-nc-traditional,3,emacs gcc nc-traditional,ACCEPT,0,0,0,0,0,0,0,0,0,0,0,0
emacs-gcc-nvidia-driver-535,3,emacs gcc nvidia-driver-535,ACCEPT,0,0,0,6,0,0,0,0,0,0,0,0
emacs-gcc-original-awk,3,emacs gcc original-awk,ACCEPT,0,0,0,0,0,0,0,0,0,0,0,0
emacs-gcc-pgclient,3,emacs gcc pgclient,ACCEPT,0,0,0,5,0,0,0,0,0,0,0,0
emacs-gcc-pipdemo,3,emacs gcc pipdemo,ACCEPT,0,0,0,0,0,0,0,0,0,0,0,0
emacs-gcc-postgres,3,emacs gcc postgres,ACCEPT,0,0,0,7,0,0,0,0,0,0,0,0
emacs-gcc-pytools,3,emacs gcc pytools,ACCEPT,0,0,0,1,0,0,0,0,0,0,0,0
emacs-gcc-pyyaml,3,emacs gcc pyyaml,ACCEPT,0,0,0,0,0,0,0,0,0,0,0,0
emacs-gcc-redis,3,emacs gcc redis,ACCEPT,0,0,0,1,0,0,0,0,0,0,0,0
emacs-gcc-rsync,3,emacs gcc rsync,ACCEPT,0,0,0,0,0,0,0,0,0,0,0,0
emacs-gcc-rust,3,emacs gcc rust,ACCEPT,0,0,0,31,0,0,0,0,0,0,0,0
emacs-gcc-socat,3,emacs gcc socat,ACCEPT,0,0,0,0,0,0,0,0,0,0,0,0
emacs-gcc-sqlite,3,emacs gcc sqlite,ACCEPT,0,0,0,0,0,0,0,0,0,0,0,0
emacs-gcc-tcpdump,3,emacs gcc tcpdump,ACCEPT,0,0,0,1,0,0,0,0,0,0,0,0
emacs-gcc-tmux,3,emacs gcc tmux,ACCEPT,0,0,0,0,0,0,0,0,0,0,0,0
emacs-gcc-vim,3,emacs gcc vim,ACCEPT,0,0,0,1,0,0,0,0,0,0,0,0
emacs-gcc-webserver,3,emacs gcc webserver,ACCEPT,0,0,0,2,0,0,0,0,0,0,0,0
emacs-gcc-wget,3,emacs gcc wget,ACCEPT,0,0,0,0,0,0,0,0,0,0,0,0
emacs-gcc-zstd,3,emacs gcc zstd,ACCEPT,0,0,0,0,0,0,0,0,0,0,0,0
emacs-git,2,emacs git,ACCEPT,0,0,0,0,0,0,0,0,0,0,0,0
emacs-git-htop,3,emacs git htop,ACCEPT,0,0,0,0,0,0,0,0,0,0,0,0
emacs-git-java,3,emacs git java,ACCEPT,0,0,0,6,0,0,0,0,0,0,0,0
emacs-git-jq,3,emacs git jq,ACCEPT,0,0,0,5,0,0,0,0,0,0,0,0
emacs-git-llvm,3,emacs git llvm,ACCEPT,0,0,0,2,0,0,0,0,0,0,0,0
emacs-git-memcached,3,emacs git memcached,ACCEPT,0,0,0,7,0,0,0,0,0,0,0,0
emacs-git-mta-msmtp,3,emacs git mta-msmtp,ACCEPT,0,0,0,0,0,0,0,0,0,0,0,0
emacs-git-mta-nullmailer,3,emacs git mta-nullmailer,ACCEPT,0,0,0,0,0,0,0,0,0,0,0,0
emacs-git-mysql,3,emacs git mysql,ACCEPT,0,0,0,5,0,0,0,0,0,0,0,0
emacs-git-nc-openbsd,3,emacs git nc-openbsd,ACCEPT,0,0,0,0,0,0,0,0,0,0,0,0
emacs-git-nc-traditional,3,emacs git nc-traditional,ACCEPT,0,0,0,0,0,0,0,0,0,0,0,0
emacs-git-nvidia-driver-535,3,emacs git nvidia-driver-535,ACCEPT,0,0,0,0,0,0,0,0,0,0,0,0
emacs-git-original-awk,3,emacs git original-awk,ACCEPT,0,0,0,0,0,0,0,0,0,0,0,0
emacs-git-pgclient,3,emacs git pgclient,ACCEPT,0,0,0,8,0,0,0,0,0,0,0,0
emacs-git-pipdemo,3,emacs git pipdemo,ACCEPT,0,0,0,1,0,0,0,0,0,0,0,0
emacs-git-postgres,3,emacs git postgres,ACCEPT,0,0,0,10,0,0,0,0,0,0,0,0
emacs-git-pytools,3,emacs git pytools,ACCEPT,0,0,0,1,0,0,0,0,0,0,0,0
emacs-git-pyyaml,3,emacs git pyyaml,ACCEPT,0,0,0,1,0,0,0,0,0,0,0,0
emacs-git-redis,3,emacs git redis,ACCEPT,0,0,0,0,0,0,0,0,0,0,0,0
emacs-git-rsync,3,emacs git rsync,ACCEPT,0,0,0,0,0,0,0,0,0,0,0,0
emacs-git-rust,3,emacs git rust,ACCEPT,0,0,0,9,0,0,0,0,0,0,0,0
emacs-git-socat,3,emacs git socat,ACCEPT,0,0,0,0,0,0,0,0,0,0,0,0
emacs-git-sqlite,3,emacs git sqlite,ACCEPT,0,0,0,0,0,0,0,0,0,0,0,0
emacs-git-tcpdump,3,emacs git tcpdump,ACCEPT,0,0,0,1,0,0,0,0,0,0,0,0
emacs-git-tmux,3,emacs git tmux,ACCEPT,0,0,0,0,0,0,0,0,0,0,0,0
emacs-git-vim,3,emacs git vim,ACCEPT,0,0,0,2,0,0,0,0,0,0,0,0
emacs-git-webserver,3,emacs git webserver,ACCEPT,0,0,0,4,0,0,0,0,0,0,0,0
emacs-git-wget,3,emacs git wget,ACCEPT,0,0,0,1,0,0,0,0,0,0,0,0
emacs-git-zstd,3,emacs git zstd,ACCEPT,0,0,0,0,0,0,0,0,0,0,0,0
emacs-htop,2,emacs htop,ACCEPT,0,0,0,0,0,0,0,0,0,0,0,0
emacs-htop-java,3,emacs htop java,ACCEPT,0,0,0,4,0,0,0,0,0,0,0,0
emacs-htop-jq,3,emacs htop jq,ACCEPT,0,0,0,0,0,0,0,0,0,0,0,0
emacs-htop-llvm,3,emacs htop llvm,ACCEPT,0,0,0,2,0,0,0,0,0,0,0,0
emacs-htop-memcached,3,emacs htop memcached,ACCEPT,0,0,0,0,0,0,0,0,0,0,0,0
emacs-htop-mta-msmtp,3,emacs htop mta-msmtp,ACCEPT,0,0,0,0,0,0,0,0,0,0,0,0
emacs-htop-mta-nullmailer,3,emacs htop mta-nullmailer,ACCEPT,0,0,0,0,0,0,0,0,0,0,0,0
emacs-htop-mysql,3,emacs htop mysql,ACCEPT,0,0,0,0,0,0,0,0,0,0,0,0
emacs-htop-nc-openbsd,3,emacs htop nc-openbsd,ACCEPT,0,0,0,0,0,0,0,0,0,0,0,0
emacs-htop-nc-traditional,3,emacs htop nc-traditional,ACCEPT,0,0,0,0,0,0,0,0,0,0,0,0
emacs-htop-nvidia-driver-535,3,emacs htop nvidia-driver-535,ACCEPT,0,0,0,0,0,0,0,0,0,0,0,0
emacs-htop-original-awk,3,emacs htop original-awk,ACCEPT,0,0,0,0,0,0,0,0,0,0,0,0
emacs-htop-pgclient,3,emacs htop pgclient,ACCEPT,0,0,0,0,0,0,0,0,0,0,0,0
emacs-htop-pipdemo,3,emacs htop pipdemo,ACCEPT,0,0,0,0,0,0,0,0,0,0,0,0
emacs-htop-postgres,3,emacs htop postgres,ACCEPT,0,0,0,2,0,0,0,0,0,0,0,0
emacs-htop-pytools,3,emacs htop pytools,ACCEPT,0,0,0,0,0,0,0,0,0,0,0,0
emacs-htop-pyyaml,3,emacs htop pyyaml,ACCEPT,0,0,0,0,0,0,0,0,0,0,0,0
emacs-htop-redis,3,emacs htop redis,ACCEPT,0,0,0,0,0,0,0,0,0,0,0,0
emacs-htop-rsync,3,emacs htop rsync,ACCEPT,0,0,0,0,0,0,0,0,0,0,0,0
emacs-htop-rust,3,emacs htop rust,ACCEPT,0,0,0,0,0,0,0,0,0,0,0,0
emacs-htop-socat,3,emacs htop socat,ACCEPT,0,0,0,0,0,0,0,0,0,0,0,0
emacs-htop-sqlite,3,emacs htop sqlite,ACCEPT,0,0,0,0,0,0,0,0,0,0,0,0
emacs-htop-tcpdump,3,emacs htop tcpdump,ACCEPT,0,0,0,1,0,0,0,0,0,0,0,0
emacs-htop-tmux,3,emacs htop tmux,ACCEPT,0,0,0,0,0,0,0,0,0,0,0,0
emacs-htop-vim,3,emacs htop vim,ACCEPT,0,0,0,1,0,0,0,0,0,0,0,0
emacs-htop-webserver,3,emacs htop webserver,ACCEPT,0,0,0,2,0,0,0,0,0,0,0,0
emacs-htop-wget,3,emacs htop wget,ACCEPT,0,0,0,0,0,0,0,0,0,0,0,0
emacs-htop-zstd,3,emacs htop zstd,ACCEPT,0,0,0,0,0,0,0,0,0,0,0,0
emacs-java,2,emacs java,ACCEPT,0,0,0,4,0,0,0,0,0,0,0,0
emacs-java-jq,3,emacs java jq,ACCEPT,0,0,0,4,0,0,0,0,0,0,0,0
emacs-java-llvm,3,emacs java llvm,ACCEPT,0,0,0,6,0,0,0,0,0,0,0,0
emacs-java-memcached,3,emacs java memcached,ACCEPT,0,0,0,4,0,0,0,0,0,0,0,0
emacs-java-mta-msmtp,3,emacs java mta-msmtp,ACCEPT,0,0,0,6,0,0,0,0,0,0,0,0
emacs-java-mta-nullmailer,3,emacs java mta-nullmailer,ACCEPT,0,0,0,4,0,0,0,0,0,0,0,0
emacs-java-mysql,3,emacs java mysql,ACCEPT,0,0,0,4,0,0,0,0,0,0,0,0
emacs-java-nc-openbsd,3,emacs java nc-openbsd,ACCEPT,0,0,0,4,0,0,0,0,0,0,0,0
emacs-java-nc-traditional,3,emacs java nc-traditional,ACCEPT,0,0,0,4,0,0,0,0,0,0,0,0
emacs-java-nvidia-driver-535,3,emacs java nvidia-driver-535,ACCEPT,0,0,0,4,0,0,0,0,0,0,0,0
emacs-java-original-awk,3,emacs java original-awk,ACCEPT,0,0,0,4,0,0,0,0,0,0,0,0
emacs-java-pgclient,3,emacs java pgclient,ACCEPT,0,0,0,4,0,0,0,0,0,0,0,0
emacs-java-pipdemo,3,emacs java pipdemo,ACCEPT,0,0,0,6,0,0,0,0,0,0,0,0
emacs-java-postgres,3,emacs java postgres,ACCEPT,0,0,0,7,0,0,0,0,0,0,0,0
emacs-java-pytools,3,emacs java pytools,ACCEPT,0,0,0,6,0,0,0,0,0,0,0,0
emacs-java-pyyaml,3,emacs java pyyaml,ACCEPT,0,0,0,6,0,0,0,0,0,0,0,0
emacs-java-redis,3,emacs java redis,ACCEPT,0,0,0,4,0,0,0,0,0,0,0,0
emacs-java-rsync,3,emacs java rsync,ACCEPT,0,0,0,4,0,0,0,0,0,0,0,0
emacs-java-rust,3,emacs java rust,ACCEPT,0,0,0,5,0,0,0,0,0,0,0,0
emacs-java-socat,3,emacs java socat,ACCEPT,0,0,0,4,0,0,0,0,0,0,0,0
emacs-java-sqlite,3,emacs java sqlite,ACCEPT,0,0,0,5,0,0,0,0,0,0,0,0
emacs-java-tcpdump,3,emacs java tcpdump,ACCEPT,0,0,0,6,0,0,0,0,0,0,0,0
emacs-java-tmux,3,emacs java tmux,ACCEPT,0,0,0,4,0,0,0,0,0,0,0,0
emacs-java-vim,3,emacs java vim,ACCEPT,0,0,0,7,0,0,0,0,0,0,0,0
emacs-java-webserver,3,emacs java webserver,ACCEPT,0,0,0,16,0,0,0,0,0,0,0,0
emacs-java-wget,3,emacs java wget,ACCEPT,0,0,0,4,0,0,0,0,0,0,0,0
emacs-java-zstd,3,emacs java zstd,ACCEPT,0,0,0,4,0,0,0,0,0,0,0,0
emacs-jq,2,emacs jq,ACCEPT,0,0,0,0,0,0,0,0,0,0,0,0
emacs-jq-llvm,3,emacs jq llvm,ACCEPT,0,0,0,2,0,0,0,0,0,0,0,0
emacs-jq-memcached,3,emacs jq memcached,ACCEPT,0,0,0,5,0,0,0,0,0,0,0,0
emacs-jq-mta-msmtp,3,emacs jq mta-msmtp,ACCEPT,0,0,0,0,0,0,0,0,0,0,0,0
emacs-jq-mta-nullmailer,3,emacs jq mta-nullmailer,ACCEPT,0,0,0,0,0,0,0,0,0,0,0,0
emacs-jq-mysql,3,emacs jq mysql,ACCEPT,0,0,0,5,0,0,0,0,0,0,0,0
emacs-jq-nc-openbsd,3,emacs jq nc-openbsd,ACCEPT,0,0,0,0,0,0,0,0,0,0,0,0
emacs-jq-nc-traditional,3,emacs jq nc-traditional,ACCEPT,0,0,0,0,0,0,0,0,0,0,0,0
emacs-jq-nvidia-driver-535,3,emacs jq nvidia-driver-535,ACCEPT,0,0,0,0,0,0,0,0,0,0,0,0
emacs-jq-original-awk,3,emacs jq original-awk,ACCEPT,0,0,0,0,0,0,0,0,0,0,0,0
emacs-jq-pgclient,3,emacs jq pgclient,ACCEPT,0,0,0,5,0,0,0,0,0,0,0,0
emacs-jq-pipdemo,3,emacs jq pipdemo,ACCEPT,0,0,0,0,0,0,0,0,0,0,0,0
emacs-jq-postgres,3,emacs jq postgres,ACCEPT,0,0,0,7,0,0,0,0,0,0,0,0
emacs-jq-pytools,3,emacs jq pytools,ACCEPT,0,0,0,0,0,0,0,0,0,0,0,0
emacs-jq-pyyaml,3,emacs jq pyyaml,ACCEPT,0,0,0,0,0,0,0,0,0,0,0,0
emacs-jq-redis,3,emacs jq redis,ACCEPT,0,0,0,0,0,0,0,0,0,0,0,0
emacs-jq-rsync,3,emacs jq rsync,ACCEPT,0,0,0,0,0,0,0,0,0,0,0,0
emacs-jq-rust,3,emacs jq rust,ACCEPT,0,0,0,0,0,0,0,0,0,0,0,0
emacs-jq-socat,3,emacs jq socat,ACCEPT,0,0,0,0,0,0,0,0,0,0,0,0
emacs-jq-sqlite,3,emacs jq sqlite,ACCEPT,0,0,0,0,0,0,0,0,0,0,0,0
emacs-jq-tcpdump,3,emacs jq tcpdump,ACCEPT,0,0,0,1,0,0,0,0,0,0,0,0
emacs-jq-tmux,3,emacs jq tmux,ACCEPT,0,0,0,0,0,0,0,0,0,0,0,0
emacs-jq-vim,3,emacs jq vim,ACCEPT,0,0,0,1,0,0,0,0,0,0,0,0
emacs-jq-webserver,3,emacs jq webserver,ACCEPT,0,0,0,2,0,0,0,0,0,0,0,0
emacs-jq-wget,3,emacs jq wget,ACCEPT,0,0,0,0,0,0,0,0,0,0,0,0
emacs-jq-zstd,3,emacs jq zstd,ACCEPT,0,0,0,0,0,0,0,0,0,0,0,0
emacs-llvm,2,emacs llvm,ACCEPT,0,0,0,2,0,0,0,0,0,0,0,0
emacs-llvm-memcached,3,emacs llvm memcached,ACCEPT,0,0,0,2,0,0,0,0,0,0,0,0
emacs-llvm-mta-msmtp,3,emacs llvm mta-msmtp,ACCEPT,0,0,0,2,0,0,0,0,0,0,0,0
emacs-llvm-mta-nullmailer,3,emacs llvm mta-nullmailer,ACCEPT,0,0,0,2,0,0,0,0,0,0,0,0
emacs-llvm-mysql,3,emacs llvm mysql,ACCEPT,0,0,0,5,0,0,0,0,0,0,0,0
emacs-llvm-nc-openbsd,3,emacs llvm nc-openbsd,ACCEPT,0,0,0,4,0,0,0,0,0,0,0,0
emacs-llvm-nc-traditional,3,emacs llvm nc-traditional,ACCEPT,0,0,0,2,0,0,0,0,0,0,0,0
emacs-llvm-nvidia-driver-535,3,emacs llvm nvidia-driver-535,ACCEPT,0,0,0,8,0,0,0,0,0,0,0,0
emacs-llvm-original-awk,3,emacs llvm original-awk,ACCEPT,0,0,0,2,0,0,0,0,0,0,0,0
emacs-llvm-pgclient,3,emacs llvm pgclient,ACCEPT,0,0,0,2,0,0,0,0,0,0,0,0
emacs-llvm-pipdemo,3,emacs llvm pipdemo,ACCEPT,0,0,0,2,0,0,0,0,0,0,0,0
emacs-llvm-postgres,3,emacs llvm postgres,ACCEPT,0,0,0,10,0,0,0,0,0,0,0,0
emacs-llvm-pytools,3,emacs llvm pytools,ACCEPT,0,0,0,3,0,0,0,0,0,0,0,0
emacs-llvm-pyyaml,3,emacs llvm pyyaml,ACCEPT,0,0,0,2,0,0,0,0,0,0,0,0
emacs-llvm-redis,3,emacs llvm redis,ACCEPT,0,0,0,3,0,0,0,0,0,0,0,0
emacs-llvm-rsync,3,emacs llvm rsync,ACCEPT,0,0,0,2,0,0,0,0,0,0,0,0
emacs-llvm-rust,3,emacs llvm rust,ACCEPT,0,0,0,25,0,0,0,0,0,0,0,0
emacs-llvm-socat,3,emacs llvm socat,ACCEPT,0,0,0,2,0,0,0,0,0,0,0,0
emacs-llvm-sqlite,3,emacs llvm sqlite,ACCEPT,0,0,0,2,0,0,0,0,0,0,0,0
emacs-llvm-tcpdump,3,emacs llvm tcpdump,ACCEPT,0,0,0,3,0,0,0,0,0,0,0,0
emacs-llvm-tmux,3,emacs llvm tmux,ACCEPT,0,0,0,2,0,0,0,0,0,0,0,0
emacs-llvm-vim,3,emacs llvm vim,ACCEPT,0,0,0,3,0,0,0,0,0,0,0,0
emacs-llvm-webserver,3,emacs llvm webserver,ACCEPT,0,0,0,8,0,0,0,0,0,0,0,0
emacs-llvm-wget,3,emacs llvm wget,ACCEPT,0,0,0,2,0,0,0,0,0,0,0,0
emacs-llvm-zstd,3,emacs llvm zstd,ACCEPT,0,0,0,2,0,0,0,0,0,0,0,0
emacs-memcached,2,emacs memcached,ACCEPT,0,0,0,0,0,0,0,0,0,0,0,0
emacs-memcached-mta-msmtp,3,emacs memcached mta-msmtp,ACCEPT,0,0,0,0,0,0,0,0,0,0,0,0
emacs-memcached-mta-nullmailer,3,emacs memcached mta-nullmailer,ACCEPT,0,0,0,0,0,0,0,0,0,0,0,0
emacs-memcached-mysql,3,emacs memcached mysql,ACCEPT,0,0,0,5,0,0,0,0,0,0,0,0
emacs-memcached-nc-openbsd,3,emacs memcached nc-openbsd,ACCEPT,0,0,0,0,0,0,0,0,0,0,0,0
emacs-memcached-nc-traditional,3,emacs memcached nc-traditional,ACCEPT,0,0,0,0,0,0,0,0,0,0,0,0
emacs-memcached-nvidia-driver-535,3,emacs memcached nvidia-driver-535,ACCEPT,0,0,0,0,0,0,0,0,0,0,0,0
emacs-memcached-original-awk,3,emacs memcached original-awk,ACCEPT,0,0,0,0,0,0,0,0,0,0,0,0
emacs-memcached-pgclient,3,emacs memcached pgclient,ACCEPT,0,0,0,7,0,0,0,0,0,0,0,0
emacs-memcached-pipdemo,3,emacs memcached pipdemo,ACCEPT,0,0,0,0,0,0,0,0,0,0,0,0
emacs-memcached-postgres,3,emacs memcached postgres,ACCEPT,0,0,0,9,0,0,0,0,0,0,0,0
emacs-memcached-pytools,3,emacs memcached pytools,ACCEPT,0,0,0,0,0,0,0,0,0,0,0,0
emacs-memcached-pyyaml,3,emacs memcached pyyaml,ACCEPT,0,0,0,0,0,0,0,0,0,0,0,0
emacs-memcached-redis,3,emacs memcached redis,ACCEPT,0,0,0,0,0,0,0,0,0,0,0,0
emacs-memcached-rsync,3,emacs memcached rsync,ACCEPT,0,0,0,0,0,0,0,0,0,0,0,0
emacs-memcached-rust,3,emacs memcached rust,ACCEPT,0,0,0,2,0,0,0,0,0,0,0,0
emacs-memcached-socat,3,emacs memcached socat,ACCEPT,0,0,0,0,0,0,0,0,0,0,0,0
emacs-memcached-sqlite,3,emacs memcached sqlite,ACCEPT,0,0,0,0,0,0,0,0,0,0,0,0
emacs-memcached-tcpdump,3,emacs memcached tcpdump,ACCEPT,0,0,0,1,0,0,0,0,0,0,0,0
emacs-memcached-tmux,3,emacs memcached tmux,ACCEPT,0,0,0,0,0,0,0,0,0,0,0,0
emacs-memcached-vim,3,emacs memcached vim,ACCEPT,0,0,0,1,0,0,0,0,0,0,0,0
emacs-memcached-webserver,3,emacs memcached webserver,ACCEPT,0,0,0,2,0,0,0,0,0,0,0,0
emacs-memcached-wget,3,emacs memcached wget,ACCEPT,0,0,0,0,0,0,0,0,0,0,0,0
emacs-memcached-zstd,3,emacs memcached zstd,ACCEPT,0,0,0,0,0,0,0,0,0,0,0,0
emacs-mta-msmtp,2,emacs mta-msmtp,ACCEPT,0,0,0,0,0,0,0,0,0,0,0,0
emacs-mta-msmtp-mta-nullmailer,3,emacs mta-msmtp mta-nullmailer,REJECT,1,2,0,0,0,2,0,4,0,0,0,0
emacs-mta-msmtp-mysql,3,emacs mta-msmtp mysql,ACCEPT,0,0,0,0,0,0,0,0,0,0,0,0
emacs-mta-msmtp-nc-openbsd,3,emacs mta-msmtp nc-openbsd,ACCEPT,0,0,0,0,0,0,0,0,0,0,0,0
emacs-mta-msmtp-nc-traditional,3,emacs mta-msmtp nc-traditional,ACCEPT,0,0,0,0,0,0,0,0,0,0,0,0
emacs-mta-msmtp-nvidia-driver-535,3,emacs mta-msmtp nvidia-driver-535,ACCEPT,0,0,0,0,0,0,0,0,0,0,0,0
emacs-mta-msmtp-original-awk,3,emacs mta-msmtp original-awk,ACCEPT,0,0,0,0,0,0,0,0,0,0,0,0
emacs-mta-msmtp-pgclient,3,emacs mta-msmtp pgclient,ACCEPT,0,0,0,0,0,0,0,0,0,0,0,0
emacs-mta-msmtp-pipdemo,3,emacs mta-msmtp pipdemo,ACCEPT,0,0,0,0,0,0,0,0,0,0,0,0
emacs-mta-msmtp-postgres,3,emacs mta-msmtp postgres,ACCEPT,0,0,0,3,0,0,0,0,0,0,0,0
emacs-mta-msmtp-pytools,3,emacs mta-msmtp pytools,ACCEPT,0,0,0,0,0,0,0,0,0,0,0,0
emacs-mta-msmtp-pyyaml,3,emacs mta-msmtp pyyaml,ACCEPT,0,0,0,0,0,0,0,0,0,0,0,0
emacs-mta-msmtp-redis,3,emacs mta-msmtp redis,ACCEPT,0,0,0,0,0,0,0,0,0,0,0,0
emacs-mta-msmtp-rsync,3,emacs mta-msmtp rsync,ACCEPT,0,0,0,0,0,0,0,0,0,0,0,0
emacs-mta-msmtp-rust,3,emacs mta-msmtp rust,ACCEPT,0,0,0,0,0,0,0,0,0,0,0,0
emacs-mta-msmtp-socat,3,emacs mta-msmtp socat,ACCEPT,0,0,0,0,0,0,0,0,0,0,0,0
emacs-mta-msmtp-sqlite,3,emacs mta-msmtp sqlite,ACCEPT,0,0,0,0,0,0,0,0,0,0,0,0
emacs-mta-msmtp-tcpdump,3,emacs mta-msmtp tcpdump,ACCEPT,0,0,0,1,0,0,0,0,0,0,0,0
emacs-mta-msmtp-tmux,3,emacs mta-msmtp tmux,ACCEPT,0,0,0,0,0,0,0,0,0,0,0,0
emacs-mta-msmtp-vim,3,emacs mta-msmtp vim,ACCEPT,0,0,0,1,0,0,0,0,0,0,0,0
emacs-mta-msmtp-webserver,3,emacs mta-msmtp webserver,ACCEPT,0,0,0,3,0,0,0,0,0,0,0,0
emacs-mta-msmtp-wget,3,emacs mta-msmtp wget,ACCEPT,0,0,0,0,0,0,0,0,0,0,0,0
emacs-mta-msmtp-zstd,3,emacs mta-msmtp zstd,ACCEPT,0,0,0,0,0,0,0,0,0,0,0,0
emacs-mta-nullmailer,2,emacs mta-nullmailer,ACCEPT,0,0,0,0,0,0,0,0,0,0,0,0
emacs-mta-nullmailer-mysql,3,emacs mta-nullmailer mysql,ACCEPT,0,0,0,0,0,0,0,0,0,0,0,0
emacs-mta-nullmailer-nc-openbsd,3,emacs mta-nullmailer nc-openbsd,ACCEPT,0,0,0,0,0,0,0,0,0,0,0,0
emacs-mta-nullmailer-nc-traditional,3,emacs mta-nullmailer nc-traditional,ACCEPT,0,0,0,0,0,0,0,0,0,0,0,0
emacs-mta-nullmailer-nvidia-driver-535,3,emacs mta-nullmailer nvidia-driver-535,ACCEPT,0,0,0,0,0,0,0,0,0,0,0,0
emacs-mta-nullmailer-original-awk,3,emacs mta-nullmailer original-awk,ACCEPT,0,0,0,0,0,0,0,0,0,0,0,0
emacs-mta-nullmailer-pgclient,3,emacs mta-nullmailer pgclient,ACCEPT,0,0,0,0,0,0,0,0,0,0,0,0
emacs-mta-nullmailer-pipdemo,3,emacs mta-nullmailer pipdemo,ACCEPT,0,0,0,0,0,0,0,0,0,0,0,0
emacs-mta-nullmailer-postgres,3,emacs mta-nullmailer postgres,ACCEPT,0,0,0,2,0,0,0,0,0,0,0,0
emacs-mta-nullmailer-pytools,3,emacs mta-nullmailer pytools,ACCEPT,0,0,0,0,0,0,0,0,0,0,0,0
emacs-mta-nullmailer-pyyaml,3,emacs mta-nullmailer pyyaml,ACCEPT,0,0,0,0,0,0,0,0,0,0,0,0
emacs-mta-nullmailer-redis,3,emacs mta-nullmailer redis,ACCEPT,0,0,0,0,0,0,0,0,0,0,0,0
emacs-mta-nullmailer-rsync,3,emacs mta-nullmailer rsync,ACCEPT,0,0,0,0,0,0,0,0,0,0,0,0
emacs-mta-nullmailer-rust,3,emacs mta-nullmailer rust,ACCEPT,0,0,0,0,0,0,0,0,0,0,0,0
emacs-mta-nullmailer-socat,3,emacs mta-nullmailer socat,ACCEPT,0,0,0,0,0,0,0,0,0,0,0,0
emacs-mta-nullmailer-sqlite,3,emacs mta-nullmailer sqlite,ACCEPT,0,0,0,0,0,0,0,0,0,0,0,0
emacs-mta-nullmailer-tcpdump,3,emacs mta-nullmailer tcpdump,ACCEPT,0,0,0,1,0,0,0,0,0,0,0,0
emacs-mta-nullmailer-tmux,3,emacs mta-nullmailer tmux,ACCEPT,0,0,0,0,0,0,0,0,0,0,0,0
emacs-mta-nullmailer-vim,3,emacs mta-nullmailer vim,ACCEPT,0,0,0,1,0,0,0,0,0,0,0,0
emacs-mta-nullmailer-webserver,3,emacs mta-nullmailer webserver,ACCEPT,0,0,0,2,0,0,0,0,0,0,0,0
emacs-mta-nullmailer-wget,3,emacs mta-nullmailer wget,ACCEPT,0,0,0,0,0,0,0,0,0,0,0,0
emacs-mta-nullmailer-zstd,3,emacs mta-nullmailer zstd,ACCEPT,0,0,0,0,0,0,0,0,0,0,0,0
emacs-mysql,2,emacs mysql,ACCEPT,0,0,0,0,0,0,0,0,0,0,0,0
emacs-mysql-nc-openbsd,3,emacs mysql nc-openbsd,ACCEPT,0,0,0,2,0,0,0,0,0,0,0,0
emacs-mysql-nc-traditional,3,emacs mysql nc-traditional,ACCEPT,0,0,0,0,0,0,0,0,0,0,0,0
emacs-mysql-nvidia-driver-535,3,emacs mysql nvidia-driver-535,ACCEPT,0,0,0,0,0,0,0,0,0,0,0,0
emacs-mysql-original-awk,3,emacs mysql original-awk,ACCEPT,0,0,0,0,0,0,0,0,0,0,0,0
emacs-mysql-pgclient,3,emacs mysql pgclient,ACCEPT,0,0,0,7,0,0,0,0,0,0,0,0
emacs-mysql-pipdemo,3,emacs mysql pipdemo,ACCEPT,0,0,0,2,0,0,0,0,0,0,0,0
emacs-mysql-postgres,3,emacs mysql postgres,ACCEPT,0,0,0,12,0,0,0,0,0,0,0,0
emacs-mysql-pytools,3,emacs mysql pytools,ACCEPT,0,0,0,2,0,0,0,0,0,0,0,0
emacs-mysql-pyyaml,3,emacs mysql pyyaml,ACCEPT,0,0,0,2,0,0,0,0,0,0,0,0
emacs-mysql-redis,3,emacs mysql redis,ACCEPT,0,0,0,0,0,0,0,0,0,0,0,0
emacs-mysql-rsync,3,emacs mysql rsync,ACCEPT,0,0,0,2,0,0,0,0,0,0,0,0
emacs-mysql-rust,3,emacs mysql rust,ACCEPT,0,0,0,1,0,0,0,0,0,0,0,0
emacs-mysql-socat,3,emacs mysql socat,ACCEPT,0,0,0,2,0,0,0,0,0,0,0,0
emacs-mysql-sqlite,3,emacs mysql sqlite,ACCEPT,0,0,0,2,0,0,0,0,0,0,0,0
emacs-mysql-tcpdump,3,emacs mysql tcpdump,ACCEPT,0,0,0,1,0,0,0,0,0,0,0,0
emacs-mysql-tmux,3,emacs mysql tmux,ACCEPT,0,0,0,0,0,0,0,0,0,0,0,0
emacs-mysql-vim,3,emacs mysql vim,ACCEPT,0,0,0,3,0,0,0,0,0,0,0,0
emacs-mysql-webserver,3,emacs mysql webserver,ACCEPT,0,0,0,10,0,0,0,0,0,0,0,0
emacs-mysql-wget,3,emacs mysql wget,ACCEPT,0,0,0,0,0,0,0,0,0,0,0,0
emacs-mysql-zstd,3,emacs mysql zstd,ACCEPT,0,0,0,0,0,0,0,0,0,0,0,0
emacs-nc-openbsd,2,emacs nc-openbsd,ACCEPT,0,0,0,0,0,0,0,0,0,0,0,0
emacs-nc-openbsd-nc-traditional,3,emacs nc-openbsd nc-traditional,ACCEPT,0,0,0,0,0,0,0,0,0,0,0,0
emacs-nc-openbsd-nvidia-driver-535,3,emacs nc-openbsd nvidia-driver-535,ACCEPT,0,0,0,0,0,0,0,0,0,0,0,0
emacs-nc-openbsd-original-awk,3,emacs nc-openbsd original-awk,ACCEPT,0,0,0,0,0,0,0,0,0,0,0,0
emacs-nc-openbsd-pgclient,3,emacs nc-openbsd pgclient,ACCEPT,0,0,0,0,0,0,0,0,0,0,0,0
emacs-nc-openbsd-pipdemo,3,emacs nc-openbsd pipdemo,ACCEPT,0,0,0,0,0,0,0,0,0,0,0,0
emacs-nc-openbsd-postgres,3,emacs nc-openbsd postgres,ACCEPT,0,0,0,4,0,0,0,0,0,0,0,0
emacs-nc-openbsd-pytools,3,emacs nc-openbsd pytools,ACCEPT,0,0,0,0,0,0,0,0,0,0,0,0
emacs-nc-openbsd-pyyaml,3,emacs nc-openbsd pyyaml,ACCEPT,0,0,0,0,0,0,0,0,0,0,0,0
emacs-nc-openbsd-redis,3,emacs nc-openbsd redis,ACCEPT,0,0,0,0,0,0,0,0,0,0,0,0
emacs-nc-openbsd-rsync,3,emacs nc-openbsd rsync,ACCEPT,0,0,0,0,0,0,0,0,0,0,0,0
emacs-nc-openbsd-rust,3,emacs nc-openbsd rust,ACCEPT,0,0,0,0,0,0,0,0,0,0,0,0
emacs-nc-openbsd-socat,3,emacs nc-openbsd socat,ACCEPT,0,0,0,0,0,0,0,0,0,0,0,0
emacs-nc-openbsd-sqlite,3,emacs nc-openbsd sqlite,ACCEPT,0,0,0,0,0,0,0,0,0,0,0,0
emacs-nc-openbsd-tcpdump,3,emacs nc-openbsd tcpdump,ACCEPT,0,0,0,1,0,0,0,0,0,0,0,0
emacs-nc-openbsd-tmux,3,emacs nc-openbsd tmux,ACCEPT,0,0,0,0,0,0,0,0,0,0,0,0
emacs-nc-openbsd-vim,3,emacs nc-openbsd vim,ACCEPT,0,0,0,1,0,0,0,0,0,0,0,0
emacs-nc-openbsd-webserver,3,emacs nc-openbsd webserver,ACCEPT,0,0,0,4,0,0,0,0,0,0,0,0
emacs-nc-openbsd-wget,3,emacs nc-openbsd wget,ACCEPT,0,0,0,0,0,0,0,0,0,0,0,0
emacs-nc-openbsd-zstd,3,emacs nc-openbsd zstd,ACCEPT,0,0,0,0,0,0,0,0,0,0,0,0
emacs-nc-traditional,2,emacs nc-traditional,ACCEPT,0,0,0,0,0,0,0,0,0,0,0,0
emacs-nc-traditional-nvidia-driver-535,3,emacs nc-traditional nvidia-driver-535,ACCEPT,0,0,0,0,0,0,0,0,0,0,0,0
emacs-nc-traditional-original-awk,3,emacs nc-traditional original-awk,ACCEPT,0,0,0,0,0,0,0,0,0,0,0,0
emacs-nc-traditional-pgclient,3,emacs nc-traditional pgclient,ACCEPT,0,0,0,0,0,0,0,0,0,0,0,0
emacs-nc-traditional-pipdemo,3,emacs nc-traditional pipdemo,ACCEPT,0,0,0,0,0,0,0,0,0,0,0,0
emacs-nc-traditional-postgres,3,emacs nc-traditional postgres,ACCEPT,0,0,0,2,0,0,0,0,0,0,0,0
emacs-nc-traditional-pytools,3,emacs nc-traditional pytools,ACCEPT,0,0,0,0,0,0,0,0,0,0,0,0
emacs-nc-traditional-pyyaml,3,emacs nc-traditional pyyaml,ACCEPT,0,0,0,0,0,0,0,0,0,0,0,0
emacs-nc-traditional-redis,3,emacs nc-traditional redis,ACCEPT,0,0,0,0,0,0,0,0,0,0,0,0
emacs-nc-traditional-rsync,3,emacs nc-traditional rsync,ACCEPT,0,0,0,0,0,0,0,0,0,0,0,0
emacs-nc-traditional-rust,3,emacs nc-traditional rust,ACCEPT,0,0,0,0,0,0,0,0,0,0,0,0
emacs-nc-traditional-socat,3,emacs nc-traditional socat,ACCEPT,0,0,0,0,0,0,0,0,0,0,0,0
emacs-nc-traditional-sqlite,3,emacs nc-traditional sqlite,ACCEPT,0,0,0,0,0,0,0,0,0,0,0,0
emacs-nc-traditional-tcpdump,3,emacs nc-traditional tcpdump,ACCEPT,0,0,0,1,0,0,0,0,0,0,0,0
emacs-nc-traditional-tmux,3,emacs nc-traditional tmux,ACCEPT,0,0,0,0,0,0,0,0,0,0,0,0
emacs-nc-traditional-vim,3,emacs nc-traditional vim,ACCEPT,0,0,0,1,0,0,0,0,0,0,0,0
emacs-nc-traditional-webserver,3,emacs nc-traditional webserver,ACCEPT,0,0,0,2,0,0,0,0,0,0,0,0
emacs-nc-traditional-wget,3,emacs nc-traditional wget,ACCEPT,0,0,0,0,0,0,0,0,0,0,0,0
emacs-nc-traditional-zstd,3,emacs nc-traditional zstd,ACCEPT,0,0,0,0,0,0,0,0,0,0,0,0
emacs-nvidia-driver-535,2,emacs nvidia-driver-535,ACCEPT,0,0,0,0,0,0,0,0,0,0,0,0
emacs-nvidia-driver-535-original-awk,3,emacs nvidia-driver-535 original-awk,ACCEPT,0,0,0,0,0,0,0,0,0,0,0,0
emacs-nvidia-driver-535-pgclient,3,emacs nvidia-driver-535 pgclient,ACCEPT,0,0,0,0,0,0,0,0,0,0,0,0
emacs-nvidia-driver-535-pipdemo,3,emacs nvidia-driver-535 pipdemo,ACCEPT,0,0,0,0,0,0,0,0,0,0,0,0
emacs-nvidia-driver-535-postgres,3,emacs nvidia-driver-535 postgres,ACCEPT,0,0,0,2,0,0,0,0,0,0,0,0
emacs-nvidia-driver-535-pytools,3,emacs nvidia-driver-535 pytools,ACCEPT,0,0,0,0,0,0,0,0,0,0,0,0
emacs-nvidia-driver-535-pyyaml,3,emacs nvidia-driver-535 pyyaml,ACCEPT,0,0,0,0,0,0,0,0,0,0,0,0
emacs-nvidia-driver-535-redis,3,emacs nvidia-driver-535 redis,ACCEPT,0,0,0,0,0,0,0,0,0,0,0,0
emacs-nvidia-driver-535-rsync,3,emacs nvidia-driver-535 rsync,ACCEPT,0,0,0,0,0,0,0,0,0,0,0,0
emacs-nvidia-driver-535-rust,3,emacs nvidia-driver-535 rust,ACCEPT,0,0,0,6,0,0,0,0,0,0,0,0
emacs-nvidia-driver-535-socat,3,emacs nvidia-driver-535 socat,ACCEPT,0,0,0,0,0,0,0,0,0,0,0,0
emacs-nvidia-driver-535-sqlite,3,emacs nvidia-driver-535 sqlite,ACCEPT,0,0,0,0,0,0,0,0,0,0,0,0
emacs-nvidia-driver-535-tcpdump,3,emacs nvidia-driver-535 tcpdump,ACCEPT,0,0,0,1,0,0,0,0,0,0,0,0
emacs-nvidia-driver-535-tmux,3,emacs nvidia-driver-535 tmux,ACCEPT,0,0,0,0,0,0,0,0,0,0,0,0
emacs-nvidia-driver-535-vim,3,emacs nvidia-driver-535 vim,ACCEPT,0,0,0,1,0,0,0,0,0,0,0,0
emacs-nvidia-driver-535-webserver,3,emacs nvidia-driver-535 webserver,ACCEPT,0,0,0,2,0,0,0,0,0,0,0,0
emacs-nvidia-driver-535-wget,3,emacs nvidia-driver-535 wget,ACCEPT,0,0,0,0,0,0,0,0,0,0,0,0
emacs-nvidia-driver-535-zstd,3,emacs nvidia-driver-535 zstd,ACCEPT,0,0,0,0,0,0,0,0,0,0,0,0
emacs-original-awk,2,emacs original-awk,ACCEPT,0,0,0,0,0,0,0,0,0,0,0,0
emacs-original-awk-pgclient,3,emacs original-awk pgclient,ACCEPT,0,0,0,0,0,0,0,0,0,0,0,0
emacs-original-awk-pipdemo,3,emacs original-awk pipdemo,ACCEPT,0,0,0,0,0,0,0,0,0,0,0,0
emacs-original-awk-postgres,3,emacs original-awk postgres,ACCEPT,0,0,0,2,0,0,0,0,0,0,0,0
emacs-original-awk-pytools,3,emacs original-awk pytools,ACCEPT,0,0,0,0,0,0,0,0,0,0,0,0
emacs-original-awk-pyyaml,3,emacs original-awk pyyaml,ACCEPT,0,0,0,0,0,0,0,0,0,0,0,0
emacs-original-awk-redis,3,emacs original-awk redis,ACCEPT,0,0,0,0,0,0,0,0,0,0,0,0
emacs-original-awk-rsync,3,emacs original-awk rsync,ACCEPT,0,0,0,0,0,0,0,0,0,0,0,0
emacs-original-awk-rust,3,emacs original-awk rust,ACCEPT,0,0,0,0,0,0,0,0,0,0,0,0
emacs-original-awk-socat,3,emacs original-awk socat,ACCEPT,0,0,0,0,0,0,0,0,0,0,0,0
emacs-original-awk-sqlite,3,emacs original-awk sqlite,ACCEPT,0,0,0,0,0,0,0,0,0,0,0,0
emacs-original-awk-tcpdump,3,emacs original-awk tcpdump,ACCEPT,0,0,0,1,0,0,0,0,0,0,0,0
emacs-original-awk-tmux,3,emacs original-awk tmux,ACCEPT,0,0,0,0,0,0,0,0,0,0,0,0
emacs-original-awk-vim,3,emacs original-awk vim,ACCEPT,0,0,0,1,0,0,0,0,0,0,0,0
emacs-original-awk-webserver,3,emacs original-awk webserver,ACCEPT,0,0,0,2,0,0,0,0,0,0,0,0
emacs-original-awk-wget,3,emacs original-awk wget,ACCEPT,0,0,0,0,0,0,0,0,0,0,0,0
emacs-original-awk-zstd,3,emacs original-awk zstd,ACCEPT,0,0,0,0,0,0,0,0,0,0,0,0
emacs-pgclient,2,emacs pgclient,ACCEPT,0,0,0,0,0,0,0,0,0,0,0,0
emacs-pgclient-pipdemo,3,emacs pgclient pipdemo,ACCEPT,0,0,0,2,0,0,0,0,0,0,0,0
emacs-pgclient-postgres,3,emacs pgclient postgres,ACCEPT,0,0,0,16,0,0,0,0,0,0,0,0
emacs-pgclient-pytools,3,emacs pgclient pytools,ACCEPT,0,0,0,2,0,0,0,0,0,0,0,0
emacs-pgclient-pyyaml,3,emacs pgclient pyyaml,ACCEPT,0,0,0,2,0,0,0,0,0,0,0,0
emacs-pgclient-redis,3,emacs pgclient redis,ACCEPT,0,0,0,0,0,0,0,0,0,0,0,0
emacs-pgclient-rsync,3,emacs pgclient rsync,ACCEPT,0,0,0,0,0,0,0,0,0,0,0,0
emacs-pgclient-rust,3,emacs pgclient rust,ACCEPT,0,0,0,3,0,0,0,0,0,0,0,0
emacs-pgclient-socat,3,emacs pgclient socat,ACCEPT,0,0,0,0,0,0,0,0,0,0,0,0
emacs-pgclient-sqlite,3,emacs pgclient sqlite,ACCEPT,0,0,0,2,0,0,0,0,0,0,0,0
emacs-pgclient-tcpdump,3,emacs pgclient tcpdump,ACCEPT,0,0,0,1,0,0,0,0,0,0,0,0
emacs-pgclient-tmux,3,emacs pgclient tmux,ACCEPT,0,0,0,0,0,0,0,0,0,0,0,0
emacs-pgclient-vim,3,emacs pgclient vim,ACCEPT,0,0,0,3,0,0,0,0,0,0,0,0
emacs-pgclient-webserver,3,emacs pgclient webserver,ACCEPT,0,0,0,2,0,0,0,0,0,0,0,0
emacs-pgclient-wget,3,emacs pgclient wget,ACCEPT,0,0,0,0,0,0,0,0,0,0,0,0
emacs-pgclient-zstd,3,emacs pgclient zstd,ACCEPT,0,0,0,0,0,0,0,0,0,0,0,0
emacs-pipdemo,2,emacs pipdemo,ACCEPT,0,0,0,0,0,0,0,0,0,0,0,0
emacs-pipdemo-postgres,3,emacs pipdemo postgres,ACCEPT,0,0,0,4,0,0,0,0,0,0,0,0
emacs-pipdemo-pytools,3,emacs pipdemo pytools,ACCEPT,0,0,0,19,0,0,0,0,0,0,0,0
emacs-pipdemo-pyyaml,3,emacs pipdemo pyyaml,ACCEPT,0,0,0,13,0,0,0,0,0,0,0,0
emacs-pipdemo-redis,3,emacs pipdemo redis,ACCEPT,0,0,0,0,0,0,0,0,0,0,0,0
emacs-pipdemo-rsync,3,emacs pipdemo rsync,ACCEPT,0,0,0,0,0,0,0,0,0,0,0,0
emacs-pipdemo-rust,3,emacs pipdemo rust,ACCEPT,0,0,0,0,0,0,0,0,0,0,0,0
emacs-pipdemo-socat,3,emacs pipdemo socat,ACCEPT,0,0,0,0,0,0,0,0,0,0,0,0
emacs-pipdemo-sqlite,3,emacs pipdemo sqlite,ACCEPT,0,0,0,3,0,0,0,0,0,0,0,0
emacs-pipdemo-tcpdump,3,emacs pipdemo tcpdump,ACCEPT,0,0,0,1,0,0,0,0,0,0,0,0
emacs-pipdemo-tmux,3,emacs pipdemo tmux,ACCEPT,0,0,0,0,0,0,0,0,0,0,0,0
emacs-pipdemo-vim,3,emacs pipdemo vim,ACCEPT,0,0,0,9,0,0,0,0,0,0,0,0
emacs-pipdemo-webserver,3,emacs pipdemo webserver,ACCEPT,0,0,0,3,0,0,0,0,0,0,0,0
emacs-pipdemo-wget,3,emacs pipdemo wget,ACCEPT,0,0,0,0,0,0,0,0,0,0,0,0
emacs-pipdemo-zstd,3,emacs pipdemo zstd,ACCEPT,0,0,0,0,0,0,0,0,0,0,0,0
emacs-postgres,2,emacs postgres,ACCEPT,0,0,0,2,0,0,0,0,0,0,0,0
emacs-postgres-pytools,3,emacs postgres pytools,ACCEPT,0,0,0,4,0,0,0,0,0,0,0,0
emacs-postgres-pyyaml,3,emacs postgres pyyaml,ACCEPT,0,0,0,4,0,0,0,0,0,0,0,0
emacs-postgres-redis,3,emacs postgres redis,ACCEPT,0,0,0,2,0,0,0,0,0,0,0,0
emacs-postgres-rsync,3,emacs postgres rsync,ACCEPT,0,0,0,2,0,0,0,0,0,0,0,0
emacs-postgres-rust,3,emacs postgres rust,ACCEPT,0,0,0,5,0,0,0,0,0,0,0,0
emacs-postgres-socat,3,emacs postgres socat,ACCEPT,0,0,0,2,0,0,0,0,0,0,0,0
emacs-postgres-sqlite,3,emacs postgres sqlite,ACCEPT,0,0,0,4,0,0,0,0,0,0,0,0
emacs-postgres-tcpdump,3,emacs postgres tcpdump,ACCEPT,0,0,0,3,0,0,0,0,0,0,0,0
emacs-postgres-tmux,3,emacs postgres tmux,ACCEPT,0,0,0,2,0,0,0,0,0,0,0,0
emacs-postgres-vim,3,emacs postgres vim,ACCEPT,0,0,0,5,0,0,0,0,0,0,0,0
emacs-postgres-webserver,3,emacs postgres webserver,ACCEPT,0,0,0,10,0,0,0,0,0,0,0,0
emacs-postgres-wget,3,emacs postgres wget,ACCEPT,0,0,0,2,0,0,0,0,0,0,0,0
emacs-postgres-zstd,3,emacs postgres zstd,ACCEPT,0,0,0,2,0,0,0,0,0,0,0,0
emacs-pytools,2,emacs pytools,ACCEPT,0,0,0,0,0,0,0,0,0,0,0,0
emacs-pytools-pyyaml,3,emacs pytools pyyaml,ACCEPT,0,0,0,13,0,0,0,0,0,0,0,0
emacs-pytools-redis,3,emacs pytools redis,ACCEPT,0,0,0,0,0,0,0,0,0,0,0,0
emacs-pytools-rsync,3,emacs pytools rsync,ACCEPT,0,0,0,0,0,0,0,0,0,0,0,0
emacs-pytools-rust,3,emacs pytools rust,ACCEPT,0,0,0,1,0,0,0,0,0,0,0,0
emacs-pytools-socat,3,emacs pytools socat,ACCEPT,0,0,0,0,0,0,0,0,0,0,0,0
emacs-pytools-sqlite,3,emacs pytools sqlite,ACCEPT,0,0,0,3,0,0,0,0,0,0,0,0
emacs-pytools-tcpdump,3,emacs pytools tcpdump,ACCEPT,0,0,0,1,0,0,0,0,0,0,0,0
emacs-pytools-tmux,3,emacs pytools tmux,ACCEPT,0,0,0,0,0,0,0,0,0,0,0,0
emacs-pytools-vim,3,emacs pytools vim,ACCEPT,0,0,0,9,0,0,0,0,0,0,0,0
emacs-pytools-webserver,3,emacs pytools webserver,ACCEPT,0,0,0,3,0,0,0,0,0,0,0,0
emacs-pytools-wget,3,emacs pytools wget,ACCEPT,0,0,0,0,0,0,0,0,0,0,0,0
emacs-pytools-zstd,3,emacs pytools zstd,ACCEPT,0,0,0,0,0,0,0,0,0,0,0,0
emacs-pyyaml,2,emacs pyyaml,ACCEPT,0,0,0,0,0,0,0,0,0,0,0,0
emacs-pyyaml-redis,3,emacs pyyaml redis,ACCEPT,0,0,0,0,0,0,0,0,0,0,0,0
emacs-pyyaml-rsync,3,emacs pyyaml rsync,ACCEPT,0,0,0,0,0,0,0,0,0,0,0,0
emacs-pyyaml-rust,3,emacs pyyaml rust,ACCEPT,0,0,0,0,0,0,0,0,0,0,0,0
emacs-pyyaml-socat,3,emacs pyyaml socat,ACCEPT,0,0,0,0,0,0,0,0,0,0,0,0
emacs-pyyaml-sqlite,3,emacs pyyaml sqlite,ACCEPT,0,0,0,3,0,0,0,0,0,0,0,0
emacs-pyyaml-tcpdump,3,emacs pyyaml tcpdump,ACCEPT,0,0,0,1,0,0,0,0,0,0,0,0
emacs-pyyaml-tmux,3,emacs pyyaml tmux,ACCEPT,0,0,0,0,0,0,0,0,0,0,0,0
emacs-pyyaml-vim,3,emacs pyyaml vim,ACCEPT,0,0,0,9,0,0,0,0,0,0,0,0
emacs-pyyaml-webserver,3,emacs pyyaml webserver,ACCEPT,0,0,0,3,0,0,0,0,0,0,0,0
emacs-pyyaml-wget,3,emacs pyyaml wget,ACCEPT,0,0,0,0,0,0,0,0,0,0,0,0
emacs-pyyaml-zstd,3,emacs pyyaml zstd,ACCEPT,0,0,0,0,0,0,0,0,0,0,0,0
emacs-redis,2,emacs redis,ACCEPT,0,0,0,0,0,0,0,0,0,0,0,0
emacs-redis-rsync,3,emacs redis rsync,ACCEPT,0,0,0,0,0,0,0,0,0,0,0,0
emacs-redis-rust,3,emacs redis rust,ACCEPT,0,0,0,1,0,0,0,0,0,0,0,0
emacs-redis-socat,3,emacs redis socat,ACCEPT,0,0,0,0,0,0,0,0,0,0,0,0
emacs-redis-sqlite,3,emacs redis sqlite,ACCEPT,0,0,0,0,0,0,0,0,0,0,0,0
emacs-redis-tcpdump,3,emacs redis tcpdump,ACCEPT,0,0,0,1,0,0,0,0,0,0,0,0
emacs-redis-tmux,3,emacs redis tmux,ACCEPT,0,0,0,0,0,0,0,0,0,0,0,0
emacs-redis-vim,3,emacs redis vim,ACCEPT,0,0,0,1,0,0,0,0,0,0,0,0
emacs-redis-webserver,3,emacs redis webserver,ACCEPT,0,0,0,2,0,0,0,0,0,0,0,0
emacs-redis-wget,3,emacs redis wget,ACCEPT,0,0,0,0,0,0,0,0,0,0,0,0
emacs-redis-zstd,3,emacs redis zstd,ACCEPT,0,0,0,0,0,0,0,0,0,0,0,0
emacs-rsync,2,emacs rsync,ACCEPT,0,0,0,0,0,0,0,0,0,0,0,0
emacs-rsync-rust,3,emacs rsync rust,ACCEPT,0,0,0,0,0,0,0,0,0,0,0,0
emacs-rsync-socat,3,emacs rsync socat,ACCEPT,0,0,0,0,0,0,0,0,0,0,0,0
emacs-rsync-sqlite,3,emacs rsync sqlite,ACCEPT,0,0,0,0,0,0,0,0,0,0,0,0
emacs-rsync-tcpdump,3,emacs rsync tcpdump,ACCEPT,0,0,0,1,0,0,0,0,0,0,0,0
emacs-rsync-tmux,3,emacs rsync tmux,ACCEPT,0,0,0,0,0,0,0,0,0,0,0,0
emacs-rsync-vim,3,emacs rsync vim,ACCEPT,0,0,0,1,0,0,0,0,0,0,0,0
emacs-rsync-webserver,3,emacs rsync webserver,ACCEPT,0,0,0,2,0,0,0,0,0,0,0,0
emacs-rsync-wget,3,emacs rsync wget,ACCEPT,0,0,0,0,0,0,0,0,0,0,0,0
emacs-rsync-zstd,3,emacs rsync zstd,ACCEPT,0,0,0,0,0,0,0,0,0,0,0,0
emacs-rust,2,emacs rust,ACCEPT,0,0,0,0,0,0,0,0,0,0,0,0
emacs-rust-socat,3,emacs rust socat,ACCEPT,0,0,0,0,0,0,0,0,0,0,0,0
emacs-rust-sqlite,3,emacs rust sqlite,ACCEPT,0,0,0,0,0,0,0,0,0,0,0,0
emacs-rust-tcpdump,3,emacs rust tcpdump,ACCEPT,0,0,0,1,0,0,0,0,0,0,0,0
emacs-rust-tmux,3,emacs rust tmux,ACCEPT,0,0,0,0,0,0,0,0,0,0,0,0
emacs-rust-vim,3,emacs rust vim,ACCEPT,0,0,0,1,0,0,0,0,0,0,0,0
emacs-rust-webserver,3,emacs rust webserver,ACCEPT,0,0,0,3,0,0,0,0,0,0,0,0
emacs-rust-wget,3,emacs rust wget,ACCEPT,0,0,0,1,0,0,0,0,0,0,0,0
emacs-rust-zstd,3,emacs rust zstd,ACCEPT,0,0,0,0,0,0,0,0,0,0,0,0
emacs-socat,2,emacs socat,ACCEPT,0,0,0,0,0,0,0,0,0,0,0,0
emacs-socat-sqlite,3,emacs socat sqlite,ACCEPT,0,0,0,0,0,0,0,0,0,0,0,0
emacs-socat-tcpdump,3,emacs socat tcpdump,ACCEPT,0,0,0,1,0,0,0,0,0,0,0,0
emacs-socat-tmux,3,emacs socat tmux,ACCEPT,0,0,0,0,0,0,0,0,0,0,0,0
emacs-socat-vim,3,emacs socat vim,ACCEPT,0,0,0,1,0,0,0,0,0,0,0,0
emacs-socat-webserver,3,emacs socat webserver,ACCEPT,0,0,0,2,0,0,0,0,0,0,0,0
emacs-socat-wget,3,emacs socat wget,ACCEPT,0,0,0,0,0,0,0,0,0,0,0,0
emacs-socat-zstd,3,emacs socat zstd,ACCEPT,0,0,0,0,0,0,0,0,0,0,0,0
emacs-sqlite,2,emacs sqlite,ACCEPT,0,0,0,0,0,0,0,0,0,0,0,0
emacs-sqlite-tcpdump,3,emacs sqlite tcpdump,ACCEPT,0,0,0,1,0,0,0,0,0,0,0,0
emacs-sqlite-tmux,3,emacs sqlite tmux,ACCEPT,0,0,0,0,0,0,0,0,0,0,0,0
emacs-sqlite-vim,3,emacs sqlite vim,ACCEPT,0,0,0,4,0,0,0,0,0,0,0,0
emacs-sqlite-webserver,3,emacs sqlite webserver,ACCEPT,0,0,0,2,0,0,0,0,0,0,0,0
emacs-sqlite-wget,3,emacs sqlite wget,ACCEPT,0,0,0,0,0,0,0,0,0,0,0,0
emacs-sqlite-zstd,3,emacs sqlite zstd,ACCEPT,0,0,0,0,0,0,0,0,0,0,0,0
emacs-tcpdump,2,emacs tcpdump,ACCEPT,0,0,0,1,0,0,0,0,0,0,0,0
emacs-tcpdump-tmux,3,emacs tcpdump tmux,ACCEPT,0,0,0,1,0,0,0,0,0,0,0,0
emacs-tcpdump-vim,3,emacs tcpdump vim,ACCEPT,0,0,0,2,0,0,0,0,0,0,0,0
emacs-tcpdump-webserver,3,emacs tcpdump webserver,ACCEPT,0,0,0,3,0,0,0,0,0,0,0,0
emacs-tcpdump-wget,3,emacs tcpdump wget,ACCEPT,0,0,0,1,0,0,0,0,0,0,0,0
emacs-tcpdump-zstd,3,emacs tcpdump zstd,ACCEPT,0,0,0,1,0,0,0,0,0,0,0,0
emacs-tmux,2,emacs tmux,ACCEPT,0,0,0,0,0,0,0,0,0,0,0,0
emacs-tmux-vim,3,emacs tmux vim,ACCEPT,0,0,0,1,0,0,0,0,0,0,0,0
emacs-tmux-webserver,3,emacs tmux webserver,ACCEPT,0,0,0,2,0,0,0,0,0,0,0,0
emacs-tmux-wget,3,emacs tmux wget,ACCEPT,0,0,0,0,0,0,0,0,0,0,0,0
emacs-tmux-zstd,3,emacs tmux zstd,ACCEPT,0,0,0,0,0,0,0,0,0,0,0,0
emacs-vim,2,emacs vim,ACCEPT,0,0,0,1,0,0,0,0,0,0,0,0
emacs-vim-webserver,3,emacs vim webserver,ACCEPT,0,0,0,4,0,0,0,0,0,0,0,0
emacs-vim-wget,3,emacs vim wget,ACCEPT,0,0,0,1,0,0,0,0,0,0,0,0
emacs-vim-zstd,3,emacs vim zstd,ACCEPT,0,0,0,1,0,0,0,0,0,0,0,0
emacs-webserver,2,emacs webserver,ACCEPT,0,0,0,2,0,0,0,0,0,0,0,0
emacs-webserver-wget,3,emacs webserver wget,ACCEPT,0,0,0,2,0,0,0,0,0,0,0,0
emacs-webserver-zstd,3,emacs webserver zstd,ACCEPT,0,0,0,2,0,0,0,0,0,0,0,0
emacs-wget,2,emacs wget,ACCEPT,0,0,0,0,0,0,0,0,0,0,0,0
emacs-wget-zstd,3,emacs wget zstd,ACCEPT,0,0,0,0,0,0,0,0,0,0,0,0
emacs-zstd,2,emacs zstd,ACCEPT,0,0,0,0,0,0,0,0,0,0,0,0
fake-cuda-fake-nvidia-driver,2,fake-cuda fake-nvidia-driver,ACCEPT,0,0,0,0,0,0,0,0,0,0,0,0
fake-cuda-fake-nvidia-driver-gawk,3,fake-cuda fake-nvidia-driver gawk,ACCEPT,0,0,0,0,0,0,0,0,0,0,0,0
fake-cuda-fake-nvidia-driver-gcc,3,fake-cuda fake-nvidia-driver gcc,ACCEPT,0,0,0,0,0,0,0,0,0,0,0,0
fake-cuda-fake-nvidia-driver-git,3,fake-cuda fake-nvidia-driver git,ACCEPT,0,0,0,0,0,0,0,0,0,0,0,0
fake-cuda-fake-nvidia-driver-htop,3,fake-cuda fake-nvidia-driver htop,ACCEPT,0,0,0,0,0,0,0,0,0,0,0,0
fake-cuda-fake-nvidia-driver-java,3,fake-cuda fake-nvidia-driver java,ACCEPT,0,0,0,0,0,0,0,0,0,0,0,0
fake-cuda-fake-nvidia-driver-jq,3,fake-cuda fake-nvidia-driver jq,ACCEPT,0,0,0,0,0,0,0,0,0,0,0,0
fake-cuda-fake-nvidia-driver-llvm,3,fake-cuda fake-nvidia-driver llvm,ACCEPT,0,0,0,0,0,0,0,0,0,0,0,0
fake-cuda-fake-nvidia-driver-memcached,3,fake-cuda fake-nvidia-driver memcached,ACCEPT,0,0,0,0,0,0,0,0,0,0,0,0
fake-cuda-fake-nvidia-driver-mta-msmtp,3,fake-cuda fake-nvidia-driver mta-msmtp,ACCEPT,0,0,0,0,0,0,0,0,0,0,0,0
fake-cuda-fake-nvidia-driver-mta-nullmailer,3,fake-cuda fake-nvidia-driver mta-nullmailer,ACCEPT,0,0,0,0,0,0,0,0,0,0,0,0
fake-cuda-fake-nvidia-driver-mysql,3,fake-cuda fake-nvidia-driver mysql,ACCEPT,0,0,0,0,0,0,0,0,0,0,0,0
fake-cuda-fake-nvidia-driver-nc-openbsd,3,fake-cuda fake-nvidia-driver nc-openbsd,ACCEPT,0,0,0,0,0,0,0,0,0,0,0,0
fake-cuda-fake-nvidia-driver-nc-traditional,3,fake-cuda fake-nvidia-driver nc-traditional,ACCEPT,0,0,0,0,0,0,0,0,0,0,0,0
fake-cuda-fake-nvidia-driver-nvidia-driver-535,3,fake-cuda fake-nvidia-driver nvidia-driver-535,ACCEPT,0,0,0,0,0,0,0,0,0,0,0,0
fake-cuda-fake-nvidia-driver-original-awk,3,fake-cuda fake-nvidia-driver original-awk,ACCEPT,0,0,0,0,0,0,0,0,0,0,0,0
fake-cuda-fake-nvidia-driver-pgclient,3,fake-cuda fake-nvidia-driver pgclient,ACCEPT,0,0,0,0,0,0,0,0,0,0,0,0
fake-cuda-fake-nvidia-driver-pipdemo,3,fake-cuda fake-nvidia-driver pipdemo,ACCEPT,0,0,0,0,0,0,0,0,0,0,0,0
fake-cuda-fake-nvidia-driver-postgres,3,fake-cuda fake-nvidia-driver postgres,ACCEPT,0,0,0,0,0,0,0,0,0,0,0,0
fake-cuda-fake-nvidia-driver-pytools,3,fake-cuda fake-nvidia-driver pytools,ACCEPT,0,0,0,0,0,0,0,0,0,0,0,0
fake-cuda-fake-nvidia-driver-pyyaml,3,fake-cuda fake-nvidia-driver pyyaml,ACCEPT,0,0,0,0,0,0,0,0,0,0,0,0
fake-cuda-fake-nvidia-driver-redis,3,fake-cuda fake-nvidia-driver redis,ACCEPT,0,0,0,0,0,0,0,0,0,0,0,0
fake-cuda-fake-nvidia-driver-rsync,3,fake-cuda fake-nvidia-driver rsync,ACCEPT,0,0,0,0,0,0,0,0,0,0,0,0
fake-cuda-fake-nvidia-driver-rust,3,fake-cuda fake-nvidia-driver rust,ACCEPT,0,0,0,0,0,0,0,0,0,0,0,0
fake-cuda-fake-nvidia-driver-socat,3,fake-cuda fake-nvidia-driver socat,ACCEPT,0,0,0,0,0,0,0,0,0,0,0,0
fake-cuda-fake-nvidia-driver-sqlite,3,fake-cuda fake-nvidia-driver sqlite,ACCEPT,0,0,0,0,0,0,0,0,0,0,0,0
fake-cuda-fake-nvidia-driver-tcpdump,3,fake-cuda fake-nvidia-driver tcpdump,ACCEPT,0,0,0,0,0,0,0,0,0,0,0,0
fake-cuda-fake-nvidia-driver-tmux,3,fake-cuda fake-nvidia-driver tmux,ACCEPT,0,0,0,0,0,0,0,0,0,0,0,0
fake-cuda-fake-nvidia-driver-vim,3,fake-cuda fake-nvidia-driver vim,ACCEPT,0,0,0,0,0,0,0,0,0,0,0,0
fake-cuda-fake-nvidia-driver-webserver,3,fake-cuda fake-nvidia-driver webserver,ACCEPT,0,0,0,0,0,0,0,0,0,0,0,0
fake-cuda-fake-nvidia-driver-wget,3,fake-cuda fake-nvidia-driver wget,ACCEPT,0,0,0,0,0,0,0,0,0,0,0,0
fake-cuda-fake-nvidia-driver-zstd,3,fake-cuda fake-nvidia-driver zstd,ACCEPT,0,0,0,0,0,0,0,0,0,0,0,0
fake-cuda-gawk,2,fake-cuda gawk,REJECT,1,1,0,0,0,0,0,0,0,1,0,0
fake-cuda-gawk-gcc,3,fake-cuda gawk gcc,REJECT,1,1,0,1,0,0,0,0,0,1,0,0
fake-cuda-gawk-git,3,fake-cuda gawk git,REJECT,1,1,0,0,0,0,0,0,0,1,0,0
fake-cuda-gawk-htop,3,fake-cuda gawk htop,REJECT,1,1,0,0,0,0,0,0,0,1,0,0
fake-cuda-gawk-java,3,fake-cuda gawk java,REJECT,1,1,0,0,0,0,0,0,0,1,0,0
fake-cuda-gawk-jq,3,fake-cuda gawk jq,REJECT,1,1,0,0,0,0,0,0,0,1,0,0
fake-cuda-gawk-llvm,3,fake-cuda gawk llvm,REJECT,1,1,0,0,0,0,0,0,0,1,0,0
fake-cuda-gawk-memcached,3,fake-cuda gawk memcached,REJECT,1,1,0,0,0,0,0,0,0,1,0,0
fake-cuda-gawk-mta-msmtp,3,fake-cuda gawk mta-msmtp,REJECT,1,1,0,0,0,0,0,0,0,1,0,0
fake-cuda-gawk-mta-nullmailer,3,fake-cuda gawk mta-nullmailer,REJECT,1,1,0,0,0,0,0,0,0,1,0,0
fake-cuda-gawk-mysql,3,fake-cuda gawk mysql,REJECT,1,1,0,5,0,0,0,0,0,1,0,0
fake-cuda-gawk-nc-openbsd,3,fake-cuda gawk nc-openbsd,REJECT,1,1,0,0,0,0,0,0,0,1,0,0
fake-cuda-gawk-nc-traditional,3,fake-cuda gawk nc-traditional,REJECT,1,1,0,0,0,0,0,0,0,1,0,0
fake-cuda-gawk-nvidia-driver-535,3,fake-cuda gawk nvidia-driver-535,REJECT,1,1,0,0,0,0,0,0,0,1,0,0
fake-cuda-gawk-original-awk,3,fake-cuda gawk original-awk,REJECT,1,1,0,0,0,0,0,0,0,1,0,0
fake-cuda-gawk-pgclient,3,fake-cuda gawk pgclient,REJECT,1,1,0,2,0,0,0,0,0,1,0,0
fake-cuda-gawk-pipdemo,3,fake-cuda gawk pipdemo,REJECT,1,1,0,2,0,0,0,0,0,1,0,0
fake-cuda-gawk-postgres,3,fake-cuda gawk postgres,REJECT,1,1,0,2,0,0,0,0,0,1,0,0
fake-cuda-gawk-pytools,3,fake-cuda gawk pytools,REJECT,1,1,0,2,0,0,0,0,0,1,0,0
fake-cuda-gawk-pyyaml,3,fake-cuda gawk pyyaml,REJECT,1,1,0,2,0,0,0,0,0,1,0,0
fake-cuda-gawk-redis,3,fake-cuda gawk redis,REJECT,1,1,0,0,0,0,0,0,0,1,0,0
fake-cuda-gawk-rsync,3,fake-cuda gawk rsync,REJECT,1,1,0,0,0,0,0,0,0,1,0,0
fake-cuda-gawk-rust,3,fake-cuda gawk rust,REJECT,1,1,0,1,0,0,0,0,0,1,0,0
fake-cuda-gawk-socat,3,fake-cuda gawk socat,REJECT,1,1,0,0,0,0,0,0,0,1,0,0
fake-cuda-gawk-sqlite,3,fake-cuda gawk sqlite,REJECT,1,1,0,2,0,0,0,0,0,1,0,0
fake-cuda-gawk-tcpdump,3,fake-cuda gawk tcpdump,REJECT,1,1,0,0,0,0,0,0,0,1,0,0
fake-cuda-gawk-tmux,3,fake-cuda gawk tmux,REJECT,1,1,0,0,0,0,0,0,0,1,0,0
fake-cuda-gawk-vim,3,fake-cuda gawk vim,REJECT,1,1,0,2,0,0,0,0,0,1,0,0
fake-cuda-gawk-webserver,3,fake-cuda gawk webserver,REJECT,1,1,0,0,0,0,0,0,0,1,0,0
fake-cuda-gawk-wget,3,fake-cuda gawk wget,REJECT,1,1,0,0,0,0,0,0,0,1,0,0
fake-cuda-gawk-zstd,3,fake-cuda gawk zstd,REJECT,1,1,0,0,0,0,0,0,0,1,0,0
fake-cuda-gcc,2,fake-cuda gcc,REJECT,1,1,0,0,0,0,0,0,0,1,0,0
fake-cuda-gcc-git,3,fake-cuda gcc git,REJECT,1,1,0,5,0,0,0,0,0,1,0,0
fake-cuda-gcc-htop,3,fake-cuda gcc htop,REJECT,1,1,0,0,0,0,0,0,0,1,0,0
fake-cuda-gcc-java,3,fake-cuda gcc java,REJECT,1,1,0,0,0,0,0,0,0,1,0,0
fake-cuda-gcc-jq,3,fake-cuda gcc jq,REJECT,1,1,0,5,0,0,0,0,0,1,0,0
fake-cuda-gcc-llvm,3,fake-cuda gcc llvm,REJECT,1,1,0,24,0,0,0,0,0,1,0,0
fake-cuda-gcc-memcached,3,fake-cuda gcc memcached,REJECT,1,1,0,5,0,0,0,0,0,1,0,0
fake-cuda-gcc-mta-msmtp,3,fake-cuda gcc mta-msmtp,REJECT,1,1,0,0,0,0,0,0,0,1,0,0
fake-cuda-gcc-mta-nullmailer,3,fake-cuda gcc mta-nullmailer,REJECT,1,1,0,0,0,0,0,0,0,1,0,0
fake-cuda-gcc-mysql,3,fake-cuda gcc mysql,REJECT,1,1,0,6,0,0,0,0,0,1,0,0
fake-cuda-gcc-nc-openbsd,3,fake-cuda gcc nc-openbsd,REJECT,1,1,0,0,0,0,0,0,0,1,0,0
fake-cuda-gcc-nc-traditional,3,fake-cuda gcc nc-traditional,REJECT,1,1,0,0,0,0,0,0,0,1,0,0
fake-cuda-gcc-nvidia-driver-535,3,fake-cuda gcc nvidia-driver-535,REJECT,1,1,0,6,0,0,0,0,0,1,0,0
fake-cuda-gcc-original-awk,3,fake-cuda gcc original-awk,REJECT,1,1,0,0,0,0,0,0,0,1,0,0
fake-cuda-gcc-pgclient,3,fake-cuda gcc pgclient,REJECT,1,1,0,5,0,0,0,0,0,1,0,0
fake-cuda-gcc-pipdemo,3,fake-cuda gcc pipdemo,REJECT,1,1,0,0,0,0,0,0,0,1,0,0
fake-cuda-gcc-postgres,3,fake-cuda gcc postgres,REJECT,1,1,0,5,0,0,0,0,0,1,0,0
fake-cuda-gcc-pytools,3,fake-cuda gcc pytools,REJECT,1,1,0,1,0,0,0,0,0,1,0,0
fake-cuda-gcc-pyyaml,3,fake-cuda gcc pyyaml,REJECT,1,1,0,0,0,0,0,0,0,1,0,0
fake-cuda-gcc-redis,3,fake-cuda gcc redis,REJECT,1,1,0,1,0,0,0,0,0,1,0,0
fake-cuda-gcc-rsync,3,fake-cuda gcc rsync,REJECT,1,1,0,0,0,0,0,0,0,1,0,0
fake-cuda-gcc-rust,3,fake-cuda gcc rust,REJECT,1,1,0,31,0,0,0,0,0,1,0,0
fake-cuda-gcc-socat,3,fake-cuda gcc socat,REJECT,1,1,0,0,0,0,0,0,0,1,0,0
fake-cuda-gcc-sqlite,3,fake-cuda gcc sqlite,REJECT,1,1,0,0,0,0,0,0,0,1,0,0
fake-cuda-gcc-tcpdump,3,fake-cuda gcc tcpdump,REJECT,1,1,0,0,0,0,0,0,0,1,0,0
fake-cuda-gcc-tmux,3,fake-cuda gcc tmux,REJECT,1,1,0,0,0,0,0,0,0,1,0,0
fake-cuda-gcc-vim,3,fake-cuda gcc vim,REJECT,1,1,0,0,0,0,0,0,0,1,0,0
fake-cuda-gcc-webserver,3,fake-cuda gcc webserver,REJECT,1,1,0,0,0,0,0,0,0,1,0,0
fake-cuda-gcc-wget,3,fake-cuda gcc wget,REJECT,1,1,0,0,0,0,0,0,0,1,0,0
fake-cuda-gcc-zstd,3,fake-cuda gcc zstd,REJECT,1,1,0,0,0,0,0,0,0,1,0,0
fake-cuda-git,2,fake-cuda git,REJECT,1,1,0,0,0,0,0,0,0,1,0,0
fake-cuda-git-htop,3,fake-cuda git htop,REJECT,1,1,0,0,0,0,0,0,0,1,0,0
fake-cuda-git-java,3,fake-cuda git java,REJECT,1,1,0,2,0,0,0,0,0,1,0,0
fake-cuda-git-jq,3,fake-cuda git jq,REJECT,1,1,0,5,0,0,0,0,0,1,0,0
fake-cuda-git-llvm,3,fake-cuda git llvm,REJECT,1,1,0,0,0,0,0,0,0,1,0,0
fake-cuda-git-memcached,3,fake-cuda git memcached,REJECT,1,1,0,7,0,0,0,0,0,1,0,0
fake-cuda-git-mta-msmtp,3,fake-cuda git mta-msmtp,REJECT,1,1,0,0,0,0,0,0,0,1,0,0
fake-cuda-git-mta-nullmailer,3,fake-cuda git mta-nullmailer,REJECT,1,1,0,0,0,0,0,0,0,1,0,0
fake-cuda-git-mysql,3,fake-cuda git mysql,REJECT,1,1,0,5,0,0,0,0,0,1,0,0
fake-cuda-git-nc-openbsd,3,fake-cuda git nc-openbsd,REJECT,1,1,0,0,0,0,0,0,0,1,0,0
fake-cuda-git-nc-traditional,3,fake-cuda git nc-traditional,REJECT,1,1,0,0,0,0,0,0,0,1,0,0
fake-cuda-git-nvidia-driver-535,3,fake-cuda git nvidia-driver-535,REJECT,1,1,0,0,0,0,0,0,0,1,0,0
fake-cuda-git-original-awk,3,fake-cuda git original-awk,REJECT,1,1,0,0,0,0,0,0,0,1,0,0
fake-cuda-git-pgclient,3,fake-cuda git pgclient,REJECT,1,1,0,8,0,0,0,0,0,1,0,0
fake-cuda-git-pipdemo,3,fake-cuda git pipdemo,REJECT,1,1,0,1,0,0,0,0,0,1,0,0
fake-cuda-git-postgres,3,fake-cuda git postgres,REJECT,1,1,0,8,0,0,0,0,0,1,0,0
fake-cuda-git-pytools,3,fake-cuda git pytools,REJECT,1,1,0,1,0,0,0,0,0,1,0,0
fake-cuda-git-pyyaml,3,fake-cuda git pyyaml,REJECT,1,1,0,1,0,0,0,0,0,1,0,0
fake-cuda-git-redis,3,fake-cuda git redis,REJECT,1,1,0,0,0,0,0,0,0,1,0,0
fake-cuda-git-rsync,3,fake-cuda git rsync,REJECT,1,1,0,0,0,0,0,0,0,1,0,0
fake-cuda-git-rust,3,fake-cuda git rust,REJECT,1,1,0,9,0,0,0,0,0,1,0,0
fake-cuda-git-socat,3,fake-cuda git socat,REJECT,1,1,0,0,0,0,0,0,0,1,0,0
fake-cuda-git-sqlite,3,fake-cuda git sqlite,REJECT,1,1,0,0,0,0,0,0,0,1,0,0
fake-cuda-git-tcpdump,3,fake-cuda git tcpdump,REJECT,1,1,0,0,0,0,0,0,0,1,0,0
fake-cuda-git-tmux,3,fake-cuda git tmux,REJECT,1,1,0,0,0,0,0,0,0,1,0,0
fake-cuda-git-vim,3,fake-cuda git vim,REJECT,1,1,0,1,0,0,0,0,0,1,0,0
fake-cuda-git-webserver,3,fake-cuda git webserver,REJECT,1,1,0,2,0,0,0,0,0,1,0,0
fake-cuda-git-wget,3,fake-cuda git wget,REJECT,1,1,0,1,0,0,0,0,0,1,0,0
fake-cuda-git-zstd,3,fake-cuda git zstd,REJECT,1,1,0,0,0,0,0,0,0,1,0,0
fake-cuda-htop,2,fake-cuda htop,REJECT,1,1,0,0,0,0,0,0,0,1,0,0
fake-cuda-htop-java,3,fake-cuda htop java,REJECT,1,1,0,0,0,0,0,0,0,1,0,0
fake-cuda-htop-jq,3,fake-cuda htop jq,REJECT,1,1,0,0,0,0,0,0,0,1,0,0
fake-cuda-htop-llvm,3,fake-cuda htop llvm,REJECT,1,1,0,0,0,0,0,0,0,1,0,0
fake-cuda-htop-memcached,3,fake-cuda htop memcached,REJECT,1,1,0,0,0,0,0,0,0,1,0,0
fake-cuda-htop-mta-msmtp,3,fake-cuda htop mta-msmtp,REJECT,1,1,0,0,0,0,0,0,0,1,0,0
fake-cuda-htop-mta-nullmailer,3,fake-cuda htop mta-nullmailer,REJECT,1,1,0,0,0,0,0,0,0,1,0,0
fake-cuda-htop-mysql,3,fake-cuda htop mysql,REJECT,1,1,0,0,0,0,0,0,0,1,0,0
fake-cuda-htop-nc-openbsd,3,fake-cuda htop nc-openbsd,REJECT,1,1,0,0,0,0,0,0,0,1,0,0
fake-cuda-htop-nc-traditional,3,fake-cuda htop nc-traditional,REJECT,1,1,0,0,0,0,0,0,0,1,0,0
fake-cuda-htop-nvidia-driver-535,3,fake-cuda htop nvidia-driver-535,REJECT,1,1,0,0,0,0,0,0,0,1,0,0
fake-cuda-htop-original-awk,3,fake-cuda htop original-awk,REJECT,1,1,0,0,0,0,0,0,0,1,0,0
fake-cuda-htop-pgclient,3,fake-cuda htop pgclient,REJECT,1,1,0,0,0,0,0,0,0,1,0,0
fake-cuda-htop-pipdemo,3,fake-cuda htop pipdemo,REJECT,1,1,0,0,0,0,0,0,0,1,0,0
fake-cuda-htop-postgres,3,fake-cuda htop postgres,REJECT,1,1,0,0,0,0,0,0,0,1,0,0
fake-cuda-htop-pytools,3,fake-cuda htop pytools,REJECT,1,1,0,0,0,0,0,0,0,1,0,0
fake-cuda-htop-pyyaml,3,fake-cuda htop pyyaml,REJECT,1,1,0,0,0,0,0,0,0,1,0,0
fake-cuda-htop-redis,3,fake-cuda htop redis,REJECT,1,1,0,0,0,0,0,0,0,1,0,0
fake-cuda-htop-rsync,3,fake-cuda htop rsync,REJECT,1,1,0,0,0,0,0,0,0,1,0,0
fake-cuda-htop-rust,3,fake-cuda htop rust,REJECT,1,1,0,0,0,0,0,0,0,1,0,0
fake-cuda-htop-socat,3,fake-cuda htop socat,REJECT,1,1,0,0,0,0,0,0,0,1,0,0
fake-cuda-htop-sqlite,3,fake-cuda htop sqlite,REJECT,1,1,0,0,0,0,0,0,0,1,0,0
fake-cuda-htop-tcpdump,3,fake-cuda htop tcpdump,REJECT,1,1,0,0,0,0,0,0,0,1,0,0
fake-cuda-htop-tmux,3,fake-cuda htop tmux,REJECT,1,1,0,0,0,0,0,0,0,1,0,0
fake-cuda-htop-vim,3,fake-cuda htop vim,REJECT,1,1,0,0,0,0,0,0,0,1,0,0
fake-cuda-htop-webserver,3,fake-cuda htop webserver,REJECT,1,1,0,0,0,0,0,0,0,1,0,0
fake-cuda-htop-wget,3,fake-cuda htop wget,REJECT,1,1,0,0,0,0,0,0,0,1,0,0
fake-cuda-htop-zstd,3,fake-cuda htop zstd,REJECT,1,1,0,0,0,0,0,0,0,1,0,0
fake-cuda-java,2,fake-cuda java,REJECT,1,1,0,0,0,0,0,0,0,1,0,0
fake-cuda-java-jq,3,fake-cuda java jq,REJECT,1,1,0,0,0,0,0,0,0,1,0,0
fake-cuda-java-llvm,3,fake-cuda java llvm,REJECT,1,1,0,0,0,0,0,0,0,1,0,0
fake-cuda-java-memcached,3,fake-cuda java memcached,REJECT,1,1,0,0,0,0,0,0,0,1,0,0
fake-cuda-java-mta-msmtp,3,fake-cuda java mta-msmtp,REJECT,1,1,0,2,0,0,0,0,0,1,0,0
fake-cuda-java-mta-nullmailer,3,fake-cuda java mta-nullmailer,REJECT,1,1,0,0,0,0,0,0,0,1,0,0
fake-cuda-java-mysql,3,fake-cuda java mysql,REJECT,1,1,0,0,0,0,0,0,0,1,0,0
fake-cuda-java-nc-openbsd,3,fake-cuda java nc-openbsd,REJECT,1,1,0,0,0,0,0,0,0,1,0,0
fake-cuda-java-nc-traditional,3,fake-cuda java nc-traditional,REJECT,1,1,0,0,0,0,0,0,0,1,0,0
fake-cuda-java-nvidia-driver-535,3,fake-cuda java nvidia-driver-535,REJECT,1,1,0,0,0,0,0,0,0,1,0,0
fake-cuda-java-original-awk,3,fake-cuda java original-awk,REJECT,1,1,0,0,0,0,0,0,0,1,0,0
fake-cuda-java-pgclient,3,fake-cuda java pgclient,REJECT,1,1,0,0,0,0,0,0,0,1,0,0
fake-cuda-java-pipdemo,3,fake-cuda java pipdemo,REJECT,1,1,0,2,0,0,0,0,0,1,0,0
fake-cuda-java-postgres,3,fake-cuda java postgres,REJECT,1,1,0,1,0,0,0,0,0,1,0,0
fake-cuda-java-pytools,3,fake-cuda java pytools,REJECT,1,1,0,2,0,0,0,0,0,1,0,0
fake-cuda-java-pyyaml,3,fake-cuda java pyyaml,REJECT,1,1,0,2,0,0,0,0,0,1,0,0
fake-cuda-java-redis,3,fake-cuda java redis,REJECT,1,1,0,0,0,0,0,0,0,1,0,0
fake-cuda-java-rsync,3,fake-cuda java rsync,REJECT,1,1,0,0,0,0,0,0,0,1,0,0
fake-cuda-java-rust,3,fake-cuda java rust,REJECT,1,1,0,1,0,0,0,0,0,1,0,0
fake-cuda-java-socat,3,fake-cuda java socat,REJECT,1,1,0,0,0,0,0,0,0,1,0,0
fake-cuda-java-sqlite,3,fake-cuda java sqlite,REJECT,1,1,0,1,0,0,0,0,0,1,0,0
fake-cuda-java-tcpdump,3,fake-cuda java tcpdump,REJECT,1,1,0,1,0,0,0,0,0,1,0,0
fake-cuda-java-tmux,3,fake-cuda java tmux,REJECT,1,1,0,0,0,0,0,0,0,1,0,0
fake-cuda-java-vim,3,fake-cuda java vim,REJECT,1,1,0,2,0,0,0,0,0,1,0,0
fake-cuda-java-webserver,3,fake-cuda java webserver,REJECT,1,1,0,10,0,0,0,0,0,1,0,0
fake-cuda-java-wget,3,fake-cuda java wget,REJECT,1,1,0,0,0,0,0,0,0,1,0,0
fake-cuda-java-zstd,3,fake-cuda java zstd,REJECT,1,1,0,0,0,0,0,0,0,1,0,0
fake-cuda-jq,2,fake-cuda jq,REJECT,1,1,0,0,0,0,0,0,0,1,0,0
fake-cuda-jq-llvm,3,fake-cuda jq llvm,REJECT,1,1,0,0,0,0,0,0,0,1,0,0
fake-cuda-jq-memcached,3,fake-cuda jq memcached,REJECT,1,1,0,5,0,0,0,0,0,1,0,0
fake-cuda-jq-mta-msmtp,3,fake-cuda jq mta-msmtp,REJECT,1,1,0,0,0,0,0,0,0,1,0,0
fake-cuda-jq-mta-nullmailer,3,fake-cuda jq mta-nullmailer,REJECT,1,1,0,0,0,0,0,0,0,1,0,0
fake-cuda-jq-mysql,3,fake-cuda jq mysql,REJECT,1,1,0,5,0,0,0,0,0,1,0,0
fake-cuda-jq-nc-openbsd,3,fake-cuda jq nc-openbsd,REJECT,1,1,0,0,0,0,0,0,0,1,0,0
fake-cuda-jq-nc-traditional,3,fake-cuda jq nc-traditional,REJECT,1,1,0,0,0,0,0,0,0,1,0,0
fake-cuda-jq-nvidia-driver-535,3,fake-cuda jq nvidia-driver-535,REJECT,1,1,0,0,0,0,0,0,0,1,0,0
fake-cuda-jq-original-awk,3,fake-cuda jq original-awk,REJECT,1,1,0,0,0,0,0,0,0,1,0,0
fake-cuda-jq-pgclient,3,fake-cuda jq pgclient,REJECT,1,1,0,5,0,0,0,0,0,1,0,0
fake-cuda-jq-pipdemo,3,fake-cuda jq pipdemo,REJECT,1,1,0,0,0,0,0,0,0,1,0,0
fake-cuda-jq-postgres,3,fake-cuda jq postgres,REJECT,1,1,0,5,0,0,0,0,0,1,0,0
fake-cuda-jq-pytools,3,fake-cuda jq pytools,REJECT,1,1,0,0,0,0,0,0,0,1,0,0
fake-cuda-jq-pyyaml,3,fake-cuda jq pyyaml,REJECT,1,1,0,0,0,0,0,0,0,1,0,0
fake-cuda-jq-redis,3,fake-cuda jq redis,REJECT,1,1,0,0,0,0,0,0,0,1,0,0
fake-cuda-jq-rsync,3,fake-cuda jq rsync,REJECT,1,1,0,0,0,0,0,0,0,1,0,0
fake-cuda-jq-rust,3,fake-cuda jq rust,REJECT,1,1,0,0,0,0,0,0,0,1,0,0
fake-cuda-jq-socat,3,fake-cuda jq socat,REJECT,1,1,0,0,0,0,0,0,0,1,0,0
fake-cuda-jq-sqlite,3,fake-cuda jq sqlite,REJECT,1,1,0,0,0,0,0,0,0,1,0,0
fake-cuda-jq-tcpdump,3,fake-cuda jq tcpdump,REJECT,1,1,0,0,0,0,0,0,0,1,0,0
fake-cuda-jq-tmux,3,fake-cuda jq tmux,REJECT,1,1,0,0,0,0,0,0,0,1,0,0
fake-cuda-jq-vim,3,fake-cuda jq vim,REJECT,1,1,0,0,0,0,0,0,0,1,0,0
fake-cuda-jq-webserver,3,fake-cuda jq webserver,REJECT,1,1,0,0,0,0,0,0,0,1,0,0
fake-cuda-jq-wget,3,fake-cuda jq wget,REJECT,1,1,0,0,0,0,0,0,0,1,0,0
fake-cuda-jq-zstd,3,fake-cuda jq zstd,REJECT,1,1,0,0,0,0,0,0,0,1,0,0
fake-cuda-llvm,2,fake-cuda llvm,REJECT,1,1,0,0,0,0,0,0,0,1,0,0
fake-cuda-llvm-memcached,3,fake-cuda llvm memcached,REJECT,1,1,0,0,0,0,0,0,0,1,0,0
fake-cuda-llvm-mta-msmtp,3,fake-cuda llvm mta-msmtp,REJECT,1,1,0,0,0,0,0,0,0,1,0,0
fake-cuda-llvm-mta-nullmailer,3,fake-cuda llvm mta-nullmailer,REJECT,1,1,0,0,0,0,0,0,0,1,0,0
fake-cuda-llvm-mysql,3,fake-cuda llvm mysql,REJECT,1,1,0,3,0,0,0,0,0,1,0,0
fake-cuda-llvm-nc-openbsd,3,fake-cuda llvm nc-openbsd,REJECT,1,1,0,2,0,0,0,0,0,1,0,0
fake-cuda-llvm-nc-traditional,3,fake-cuda llvm nc-traditional,REJECT,1,1,0,0,0,0,0,0,0,1,0,0
fake-cuda-llvm-nvidia-driver-535,3,fake-cuda llvm nvidia-driver-535,REJECT,1,1,0,6,0,0,0,0,0,1,0,0
fake-cuda-llvm-original-awk,3,fake-cuda llvm original-awk,REJECT,1,1,0,0,0,0,0,0,0,1,0,0
fake-cuda-llvm-pgclient,3,fake-cuda llvm pgclient,REJECT,1,1,0,0,0,0,0,0,0,1,0,0
fake-cuda-llvm-pipdemo,3,fake-cuda llvm pipdemo,REJECT,1,1,0,0,0,0,0,0,0,1,0,0
fake-cuda-llvm-postgres,3,fake-cuda llvm postgres,REJECT,1,1,0,6,0,0,0,0,0,1,0,0
fake-cuda-llvm-pytools,3,fake-cuda llvm pytools,REJECT,1,1,0,1,0,0,0,0,0,1,0,0
fake-cuda-llvm-pyyaml,3,fake-cuda llvm pyyaml,REJECT,1,1,0,0,0,0,0,0,0,1,0,0
fake-cuda-llvm-redis,3,fake-cuda llvm redis,REJECT,1,1,0,1,0,0,0,0,0,1,0,0
fake-cuda-llvm-rsync,3,fake-cuda llvm rsync,REJECT,1,1,0,0,0,0,0,0,0,1,0,0
fake-cuda-llvm-rust,3,fake-cuda llvm rust,REJECT,1,1,0,23,0,0,0,0,0,1,0,0
fake-cuda-llvm-socat,3,fake-cuda llvm socat,REJECT,1,1,0,0,0,0,0,0,0,1,0,0
fake-cuda-llvm-sqlite,3,fake-cuda llvm sqlite,REJECT,1,1,0,0,0,0,0,0,0,1,0,0
fake-cuda-llvm-tcpdump,3,fake-cuda llvm tcpdump,REJECT,1,1,0,0,0,0,0,0,0,1,0,0
fake-cuda-llvm-tmux,3,fake-cuda llvm tmux,REJECT,1,1,0,0,0,0,0,0,0,1,0,0
fake-cuda-llvm-vim,3,fake-cuda llvm vim,REJECT,1,1,0,0,0,0,0,0,0,1,0,0
fake-cuda-llvm-webserver,3,fake-cuda llvm webserver,REJECT,1,1,0,4,0,0,0,0,0,1,0,0
fake-cuda-llvm-wget,3,fake-cuda llvm wget,REJECT,1,1,0,0,0,0,0,0,0,1,0,0
fake-cuda-llvm-zstd,3,fake-cuda llvm zstd,REJECT,1,1,0,0,0,0,0,0,0,1,0,0
fake-cuda-memcached,2,fake-cuda memcached,REJECT,1,1,0,0,0,0,0,0,0,1,0,0
fake-cuda-memcached-mta-msmtp,3,fake-cuda memcached mta-msmtp,REJECT,1,1,0,0,0,0,0,0,0,1,0,0
fake-cuda-memcached-mta-nullmailer,3,fake-cuda memcached mta-nullmailer,REJECT,1,1,0,0,0,0,0,0,0,1,0,0
fake-cuda-memcached-mysql,3,fake-cuda memcached mysql,REJECT,1,1,0,5,0,0,0,0,0,1,0,0
fake-cuda-memcached-nc-openbsd,3,fake-cuda memcached nc-openbsd,REJECT,1,1,0,0,0,0,0,0,0,1,0,0
fake-cuda-memcached-nc-traditional,3,fake-cuda memcached nc-traditional,REJECT,1,1,0,0,0,0,0,0,0,1,0,0
fake-cuda-memcached-nvidia-driver-535,3,fake-cuda memcached nvidia-driver-535,REJECT,1,1,0,0,0,0,0,0,0,1,0,0
fake-cuda-memcached-original-awk,3,fake-cuda memcached original-awk,REJECT,1,1,0,0,0,0,0,0,0,1,0,0
fake-cuda-memcached-pgclient,3,fake-cuda memcached pgclient,REJECT,1,1,0,7,0,0,0,0,0,1,0,0
fake-cuda-memcached-pipdemo,3,fake-cuda memcached pipdemo,REJECT,1,1,0,0,0,0,0,0,0,1,0,0
fake-cuda-memcached-postgres,3,fake-cuda memcached postgres,REJECT,1,1,0,7,0,0,0,0,0,1,0,0
fake-cuda-memcached-pytools,3,fake-cuda memcached pytools,REJECT,1,1,0,0,0,0,0,0,0,1,0,0
fake-cuda-memcached-pyyaml,3,fake-cuda memcached pyyaml,REJECT,1,1,0,0,0,0,0,0,0,1,0,0
fake-cuda-memcached-redis,3,fake-cuda memcached redis,REJECT,1,1,0,0,0,0,0,0,0,1,0,0
fake-cuda-memcached-rsync,3,fake-cuda memcached rsync,REJECT,1,1,0,0,0,0,0,0,0,1,0,0
fake-cuda-memcached-rust,3,fake-cuda memcached rust,REJECT,1,1,0,2,0,0,0,0,0,1,0,0
fake-cuda-memcached-socat,3,fake-cuda memcached socat,REJECT,1,1,0,0,0,0,0,0,0,1,0,0
fake-cuda-memcached-sqlite,3,fake-cuda memcached sqlite,REJECT,1,1,0,0,0,0,0,0,0,1,0,0
fake-cuda-memcached-tcpdump,3,fake-cuda memcached tcpdump,REJECT,1,1,0,0,0,0,0,0,0,1,0,0
fake-cuda-memcached-tmux,3,fake-cuda memcached tmux,REJECT,1,1,0,0,0,0,0,0,0,1,0,0
fake-cuda-memcached-vim,3,fake-cuda memcached vim,REJECT,1,1,0,0,0,0,0,0,0,1,0,0
fake-cuda-memcached-webserver,3,fake-cuda memcached webserver,REJECT,1,1,0,0,0,0,0,0,0,1,0,0
fake-cuda-memcached-wget,3,fake-cuda memcached wget,REJECT,1,1,0,0,0,0,0,0,0,1,0,0
fake-cuda-memcached-zstd,3,fake-cuda memcached zstd,REJECT,1,1,0,0,0,0,0,0,0,1,0,0
fake-cuda-mta-msmtp,2,fake-cuda mta-msmtp,REJECT,1,1,0,0,0,0,0,0,0,1,0,0
fake-cuda-mta-msmtp-mta-nullmailer,3,fake-cuda mta-msmtp mta-nullmailer,REJECT,1,3,0,0,0,2,0,4,0,1,0,0
fake-cuda-mta-msmtp-mysql,3,fake-cuda mta-msmtp mysql,REJECT,1,1,0,0,0,0,0,0,0,1,0,0
fake-cuda-mta-msmtp-nc-openbsd,3,fake-cuda mta-msmtp nc-openbsd,REJECT,1,1,0,0,0,0,0,0,0,1,0,0
fake-cuda-mta-msmtp-nc-traditional,3,fake-cuda mta-msmtp nc-traditional,REJECT,1,1,0,0,0,0,0,0,0,1,0,0
fake-cuda-mta-msmtp-nvidia-driver-535,3,fake-cuda mta-msmtp nvidia-driver-535,REJECT,1,1,0,0,0,0,0,0,0,1,0,0
fake-cuda-mta-msmtp-original-awk,3,fake-cuda mta-msmtp original-awk,REJECT,1,1,0,0,0,0,0,0,0,1,0,0
fake-cuda-mta-msmtp-pgclient,3,fake-cuda mta-msmtp pgclient,REJECT,1,1,0,0,0,0,0,0,0,1,0,0
fake-cuda-mta-msmtp-pipdemo,3,fake-cuda mta-msmtp pipdemo,REJECT,1,1,0,0,0,0,0,0,0,1,0,0
fake-cuda-mta-msmtp-postgres,3,fake-cuda mta-msmtp postgres,REJECT,1,1,0,1,0,0,0,0,0,1,0,0
fake-cuda-mta-msmtp-pytools,3,fake-cuda mta-msmtp pytools,REJECT,1,1,0,0,0,0,0,0,0,1,0,0
fake-cuda-mta-msmtp-pyyaml,3,fake-cuda mta-msmtp pyyaml,REJECT,1,1,0,0,0,0,0,0,0,1,0,0
fake-cuda-mta-msmtp-redis,3,fake-cuda mta-msmtp redis,REJECT,1,1,0,0,0,0,0,0,0,1,0,0
fake-cuda-mta-msmtp-rsync,3,fake-cuda mta-msmtp rsync,REJECT,1,1,0,0,0,0,0,0,0,1,0,0
fake-cuda-mta-msmtp-rust,3,fake-cuda mta-msmtp rust,REJECT,1,1,0,0,0,0,0,0,0,1,0,0
fake-cuda-mta-msmtp-socat,3,fake-cuda mta-msmtp socat,REJECT,1,1,0,0,0,0,0,0,0,1,0,0
fake-cuda-mta-msmtp-sqlite,3,fake-cuda mta-msmtp sqlite,REJECT,1,1,0,0,0,0,0,0,0,1,0,0
fake-cuda-mta-msmtp-tcpdump,3,fake-cuda mta-msmtp tcpdump,REJECT,1,1,0,0,0,0,0,0,0,1,0,0
fake-cuda-mta-msmtp-tmux,3,fake-cuda mta-msmtp tmux,REJECT,1,1,0,0,0,0,0,0,0,1,0,0
fake-cuda-mta-msmtp-vim,3,fake-cuda mta-msmtp vim,REJECT,1,1,0,0,0,0,0,0,0,1,0,0
fake-cuda-mta-msmtp-webserver,3,fake-cuda mta-msmtp webserver,REJECT,1,1,0,1,0,0,0,0,0,1,0,0
fake-cuda-mta-msmtp-wget,3,fake-cuda mta-msmtp wget,REJECT,1,1,0,0,0,0,0,0,0,1,0,0
fake-cuda-mta-msmtp-zstd,3,fake-cuda mta-msmtp zstd,REJECT,1,1,0,0,0,0,0,0,0,1,0,0
fake-cuda-mta-nullmailer,2,fake-cuda mta-nullmailer,REJECT,1,1,0,0,0,0,0,0,0,1,0,0
fake-cuda-mta-nullmailer-mysql,3,fake-cuda mta-nullmailer mysql,REJECT,1,1,0,0,0,0,0,0,0,1,0,0
fake-cuda-mta-nullmailer-nc-openbsd,3,fake-cuda mta-nullmailer nc-openbsd,REJECT,1,1,0,0,0,0,0,0,0,1,0,0
fake-cuda-mta-nullmailer-nc-traditional,3,fake-cuda mta-nullmailer nc-traditional,REJECT,1,1,0,0,0,0,0,0,0,1,0,0
fake-cuda-mta-nullmailer-nvidia-driver-535,3,fake-cuda mta-nullmailer nvidia-driver-535,REJECT,1,1,0,0,0,0,0,0,0,1,0,0
fake-cuda-mta-nullmailer-original-awk,3,fake-cuda mta-nullmailer original-awk,REJECT,1,1,0,0,0,0,0,0,0,1,0,0
fake-cuda-mta-nullmailer-pgclient,3,fake-cuda mta-nullmailer pgclient,REJECT,1,1,0,0,0,0,0,0,0,1,0,0
fake-cuda-mta-nullmailer-pipdemo,3,fake-cuda mta-nullmailer pipdemo,REJECT,1,1,0,0,0,0,0,0,0,1,0,0
fake-cuda-mta-nullmailer-postgres,3,fake-cuda mta-nullmailer postgres,REJECT,1,1,0,0,0,0,0,0,0,1,0,0
fake-cuda-mta-nullmailer-pytools,3,fake-cuda mta-nullmailer pytools,REJECT,1,1,0,0,0,0,0,0,0,1,0,0
fake-cuda-mta-nullmailer-pyyaml,3,fake-cuda mta-nullmailer pyyaml,REJECT,1,1,0,0,0,0,0,0,0,1,0,0
fake-cuda-mta-nullmailer-redis,3,fake-cuda mta-nullmailer redis,REJECT,1,1,0,0,0,0,0,0,0,1,0,0
fake-cuda-mta-nullmailer-rsync,3,fake-cuda mta-nullmailer rsync,REJECT,1,1,0,0,0,0,0,0,0,1,0,0
fake-cuda-mta-nullmailer-rust,3,fake-cuda mta-nullmailer rust,REJECT,1,1,0,0,0,0,0,0,0,1,0,0
fake-cuda-mta-nullmailer-socat,3,fake-cuda mta-nullmailer socat,REJECT,1,1,0,0,0,0,0,0,0,1,0,0
fake-cuda-mta-nullmailer-sqlite,3,fake-cuda mta-nullmailer sqlite,REJECT,1,1,0,0,0,0,0,0,0,1,0,0
fake-cuda-mta-nullmailer-tcpdump,3,fake-cuda mta-nullmailer tcpdump,REJECT,1,1,0,0,0,0,0,0,0,1,0,0
fake-cuda-mta-nullmailer-tmux,3,fake-cuda mta-nullmailer tmux,REJECT,1,1,0,0,0,0,0,0,0,1,0,0
fake-cuda-mta-nullmailer-vim,3,fake-cuda mta-nullmailer vim,REJECT,1,1,0,0,0,0,0,0,0,1,0,0
fake-cuda-mta-nullmailer-webserver,3,fake-cuda mta-nullmailer webserver,REJECT,1,1,0,0,0,0,0,0,0,1,0,0
fake-cuda-mta-nullmailer-wget,3,fake-cuda mta-nullmailer wget,REJECT,1,1,0,0,0,0,0,0,0,1,0,0
fake-cuda-mta-nullmailer-zstd,3,fake-cuda mta-nullmailer zstd,REJECT,1,1,0,0,0,0,0,0,0,1,0,0
fake-cuda-mysql,2,fake-cuda mysql,REJECT,1,1,0,0,0,0,0,0,0,1,0,0
fake-cuda-mysql-nc-openbsd,3,fake-cuda mysql nc-openbsd,REJECT,1,1,0,2,0,0,0,0,0,1,0,0
fake-cuda-mysql-nc-traditional,3,fake-cuda mysql nc-traditional,REJECT,1,1,0,0,0,0,0,0,0,1,0,0
fake-cuda-mysql-nvidia-driver-535,3,fake-cuda mysql nvidia-driver-535,REJECT,1,1,0,0,0,0,0,0,0,1,0,0
fake-cuda-mysql-original-awk,3,fake-cuda mysql original-awk,REJECT,1,1,0,0,0,0,0,0,0,1,0,0
fake-cuda-mysql-pgclient,3,fake-cuda mysql pgclient,REJECT,1,1,0,7,0,0,0,0,0,1,0,0
fake-cuda-mysql-pipdemo,3,fake-cuda mysql pipdemo,REJECT,1,1,0,2,0,0,0,0,0,1,0,0
fake-cuda-mysql-postgres,3,fake-cuda mysql postgres,REJECT,1,1,0,10,0,0,0,0,0,1,0,0
fake-cuda-mysql-pytools,3,fake-cuda mysql pytools,REJECT,1,1,0,2,0,0,0,0,0,1,0,0
fake-cuda-mysql-pyyaml,3,fake-cuda mysql pyyaml,REJECT,1,1,0,2,0,0,0,0,0,1,0,0
fake-cuda-mysql-redis,3,fake-cuda mysql redis,REJECT,1,1,0,0,0,0,0,0,0,1,0,0
fake-cuda-mysql-rsync,3,fake-cuda mysql rsync,REJECT,1,1,0,2,0,0,0,0,0,1,0,0
fake-cuda-mysql-rust,3,fake-cuda mysql rust,REJECT,1,1,0,1,0,0,0,0,0,1,0,0
fake-cuda-mysql-socat,3,fake-cuda mysql socat,REJECT,1,1,0,2,0,0,0,0,0,1,0,0
fake-cuda-mysql-sqlite,3,fake-cuda mysql sqlite,REJECT,1,1,0,2,0,0,0,0,0,1,0,0
fake-cuda-mysql-tcpdump,3,fake-cuda mysql tcpdump,REJECT,1,1,0,0,0,0,0,0,0,1,0,0
fake-cuda-mysql-tmux,3,fake-cuda mysql tmux,REJECT,1,1,0,0,0,0,0,0,0,1,0,0
fake-cuda-mysql-vim,3,fake-cuda mysql vim,REJECT,1,1,0,2,0,0,0,0,0,1,0,0
fake-cuda-mysql-webserver,3,fake-cuda mysql webserver,REJECT,1,1,0,8,0,0,0,0,0,1,0,0
fake-cuda-mysql-wget,3,fake-cuda mysql wget,REJECT,1,1,0,0,0,0,0,0,0,1,0,0
fake-cuda-mysql-zstd,3,fake-cuda mysql zstd,REJECT,1,1,0,0,0,0,0,0,0,1,0,0
fake-cuda-nc-openbsd,2,fake-cuda nc-openbsd,REJECT,1,1,0,0,0,0,0,0,0,1,0,0
fake-cuda-nc-openbsd-nc-traditional,3,fake-cuda nc-openbsd nc-traditional,REJECT,1,1,0,0,0,0,0,0,0,1,0,0
fake-cuda-nc-openbsd-nvidia-driver-535,3,fake-cuda nc-openbsd nvidia-driver-535,REJECT,1,1,0,0,0,0,0,0,0,1,0,0
fake-cuda-nc-openbsd-original-awk,3,fake-cuda nc-openbsd original-awk,REJECT,1,1,0,0,0,0,0,0,0,1,0,0
fake-cuda-nc-openbsd-pgclient,3,fake-cuda nc-openbsd pgclient,REJECT,1,1,0,0,0,0,0,0,0,1,0,0
fake-cuda-nc-openbsd-pipdemo,3,fake-cuda nc-openbsd pipdemo,REJECT,1,1,0,0,0,0,0,0,0,1,0,0
fake-cuda-nc-openbsd-postgres,3,fake-cuda nc-openbsd postgres,REJECT,1,1,0,2,0,0,0,0,0,1,0,0
fake-cuda-nc-openbsd-pytools,3,fake-cuda nc-openbsd pytools,REJECT,1,1,0,0,0,0,0,0,0,1,0,0
fake-cuda-nc-openbsd-pyyaml,3,fake-cuda nc-openbsd pyyaml,REJECT,1,1,0,0,0,0,0,0,0,1,0,0
fake-cuda-nc-openbsd-redis,3,fake-cuda nc-openbsd redis,REJECT,1,1,0,0,0,0,0,0,0,1,0,0
fake-cuda-nc-openbsd-rsync,3,fake-cuda nc-openbsd rsync,REJECT,1,1,0,0,0,0,0,0,0,1,0,0
fake-cuda-nc-openbsd-rust,3,fake-cuda nc-openbsd rust,REJECT,1,1,0,0,0,0,0,0,0,1,0,0
fake-cuda-nc-openbsd-socat,3,fake-cuda nc-openbsd socat,REJECT,1,1,0,0,0,0,0,0,0,1,0,0
fake-cuda-nc-openbsd-sqlite,3,fake-cuda nc-openbsd sqlite,REJECT,1,1,0,0,0,0,0,0,0,1,0,0
fake-cuda-nc-openbsd-tcpdump,3,fake-cuda nc-openbsd tcpdump,REJECT,1,1,0,0,0,0,0,0,0,1,0,0
fake-cuda-nc-openbsd-tmux,3,fake-cuda nc-openbsd tmux,REJECT,1,1,0,0,0,0,0,0,0,1,0,0
fake-cuda-nc-openbsd-vim,3,fake-cuda nc-openbsd vim,REJECT,1,1,0,0,0,0,0,0,0,1,0,0
fake-cuda-nc-openbsd-webserver,3,fake-cuda nc-openbsd webserver,REJECT,1,1,0,2,0,0,0,0,0,1,0,0
fake-cuda-nc-openbsd-wget,3,fake-cuda nc-openbsd wget,REJECT,1,1,0,0,0,0,0,0,0,1,0,0
fake-cuda-nc-openbsd-zstd,3,fake-cuda nc-openbsd zstd,REJECT,1,1,0,0,0,0,0,0,0,1,0,0
fake-cuda-nc-traditional,2,fake-cuda nc-traditional,REJECT,1,1,0,0,0,0,0,0,0,1,0,0
fake-cuda-nc-traditional-nvidia-driver-535,3,fake-cuda nc-traditional nvidia-driver-535,REJECT,1,1,0,0,0,0,0,0,0,1,0,0
fake-cuda-nc-traditional-original-awk,3,fake-cuda nc-traditional original-awk,REJECT,1,1,0,0,0,0,0,0,0,1,0,0
fake-cuda-nc-traditional-pgclient,3,fake-cuda nc-traditional pgclient,REJECT,1,1,0,0,0,0,0,0,0,1,0,0
fake-cuda-nc-traditional-pipdemo,3,fake-cuda nc-traditional pipdemo,REJECT,1,1,0,0,0,0,0,0,0,1,0,0
fake-cuda-nc-traditional-postgres,3,fake-cuda nc-traditional postgres,REJECT,1,1,0,0,0,0,0,0,0,1,0,0
fake-cuda-nc-traditional-pytools,3,fake-cuda nc-traditional pytools,REJECT,1,1,0,0,0,0,0,0,0,1,0,0
fake-cuda-nc-traditional-pyyaml,3,fake-cuda nc-traditional pyyaml,REJECT,1,1,0,0,0,0,0,0,0,1,0,0
fake-cuda-nc-traditional-redis,3,fake-cuda nc-traditional redis,REJECT,1,1,0,0,0,0,0,0,0,1,0,0
fake-cuda-nc-traditional-rsync,3,fake-cuda nc-traditional rsync,REJECT,1,1,0,0,0,0,0,0,0,1,0,0
fake-cuda-nc-traditional-rust,3,fake-cuda nc-traditional rust,REJECT,1,1,0,0,0,0,0,0,0,1,0,0
fake-cuda-nc-traditional-socat,3,fake-cuda nc-traditional socat,REJECT,1,1,0,0,0,0,0,0,0,1,0,0
fake-cuda-nc-traditional-sqlite,3,fake-cuda nc-traditional sqlite,REJECT,1,1,0,0,0,0,0,0,0,1,0,0
fake-cuda-nc-traditional-tcpdump,3,fake-cuda nc-traditional tcpdump,REJECT,1,1,0,0,0,0,0,0,0,1,0,0
fake-cuda-nc-traditional-tmux,3,fake-cuda nc-traditional tmux,REJECT,1,1,0,0,0,0,0,0,0,1,0,0
fake-cuda-nc-traditional-vim,3,fake-cuda nc-traditional vim,REJECT,1,1,0,0,0,0,0,0,0,1,0,0
fake-cuda-nc-traditional-webserver,3,fake-cuda nc-traditional webserver,REJECT,1,1,0,0,0,0,0,0,0,1,0,0
fake-cuda-nc-traditional-wget,3,fake-cuda nc-traditional wget,REJECT,1,1,0,0,0,0,0,0,0,1,0,0
fake-cuda-nc-traditional-zstd,3,fake-cuda nc-traditional zstd,REJECT,1,1,0,0,0,0,0,0,0,1,0,0
fake-cuda-nvidia-driver-535,2,fake-cuda nvidia-driver-535,REJECT,1,1,0,0,0,0,0,0,0,1,0,0
fake-cuda-nvidia-driver-535-original-awk,3,fake-cuda nvidia-driver-535 original-awk,REJECT,1,1,0,0,0,0,0,0,0,1,0,0
fake-cuda-nvidia-driver-535-pgclient,3,fake-cuda nvidia-driver-535 pgclient,REJECT,1,1,0,0,0,0,0,0,0,1,0,0
fake-cuda-nvidia-driver-535-pipdemo,3,fake-cuda nvidia-driver-535 pipdemo,REJECT,1,1,0,0,0,0,0,0,0,1,0,0
fake-cuda-nvidia-driver-535-postgres,3,fake-cuda nvidia-driver-535 postgres,REJECT,1,1,0,0,0,0,0,0,0,1,0,0
fake-cuda-nvidia-driver-535-pytools,3,fake-cuda nvidia-driver-535 pytools,REJECT,1,1,0,0,0,0,0,0,0,1,0,0
fake-cuda-nvidia-driver-535-pyyaml,3,fake-cuda nvidia-driver-535 pyyaml,REJECT,1,1,0,0,0,0,0,0,0,1,0,0
fake-cuda-nvidia-driver-535-redis,3,fake-cuda nvidia-driver-535 redis,REJECT,1,1,0,0,0,0,0,0,0,1,0,0
fake-cuda-nvidia-driver-535-rsync,3,fake-cuda nvidia-driver-535 rsync,REJECT,1,1,0,0,0,0,0,0,0,1,0,0
fake-cuda-nvidia-driver-535-rust,3,fake-cuda nvidia-driver-535 rust,REJECT,1,1,0,6,0,0,0,0,0,1,0,0
fake-cuda-nvidia-driver-535-socat,3,fake-cuda nvidia-driver-535 socat,REJECT,1,1,0,0,0,0,0,0,0,1,0,0
fake-cuda-nvidia-driver-535-sqlite,3,fake-cuda nvidia-driver-535 sqlite,REJECT,1,1,0,0,0,0,0,0,0,1,0,0
fake-cuda-nvidia-driver-535-tcpdump,3,fake-cuda nvidia-driver-535 tcpdump,REJECT,1,1,0,0,0,0,0,0,0,1,0,0
fake-cuda-nvidia-driver-535-tmux,3,fake-cuda nvidia-driver-535 tmux,REJECT,1,1,0,0,0,0,0,0,0,1,0,0
fake-cuda-nvidia-driver-535-vim,3,fake-cuda nvidia-driver-535 vim,REJECT,1,1,0,0,0,0,0,0,0,1,0,0
fake-cuda-nvidia-driver-535-webserver,3,fake-cuda nvidia-driver-535 webserver,REJECT,1,1,0,0,0,0,0,0,0,1,0,0
fake-cuda-nvidia-driver-535-wget,3,fake-cuda nvidia-driver-535 wget,REJECT,1,1,0,0,0,0,0,0,0,1,0,0
fake-cuda-nvidia-driver-535-zstd,3,fake-cuda nvidia-driver-535 zstd,REJECT,1,1,0,0,0,0,0,0,0,1,0,0
fake-cuda-original-awk,2,fake-cuda original-awk,REJECT,1,1,0,0,0,0,0,0,0,1,0,0
fake-cuda-original-awk-pgclient,3,fake-cuda original-awk pgclient,REJECT,1,1,0,0,0,0,0,0,0,1,0,0
fake-cuda-original-awk-pipdemo,3,fake-cuda original-awk pipdemo,REJECT,1,1,0,0,0,0,0,0,0,1,0,0
fake-cuda-original-awk-postgres,3,fake-cuda original-awk postgres,REJECT,1,1,0,0,0,0,0,0,0,1,0,0
fake-cuda-original-awk-pytools,3,fake-cuda original-awk pytools,REJECT,1,1,0,0,0,0,0,0,0,1,0,0
fake-cuda-original-awk-pyyaml,3,fake-cuda original-awk pyyaml,REJECT,1,1,0,0,0,0,0,0,0,1,0,0
fake-cuda-original-awk-redis,3,fake-cuda original-awk redis,REJECT,1,1,0,0,0,0,0,0,0,1,0,0
fake-cuda-original-awk-rsync,3,fake-cuda original-awk rsync,REJECT,1,1,0,0,0,0,0,0,0,1,0,0
fake-cuda-original-awk-rust,3,fake-cuda original-awk rust,REJECT,1,1,0,0,0,0,0,0,0,1,0,0
fake-cuda-original-awk-socat,3,fake-cuda original-awk socat,REJECT,1,1,0,0,0,0,0,0,0,1,0,0
fake-cuda-original-awk-sqlite,3,fake-cuda original-awk sqlite,REJECT,1,1,0,0,0,0,0,0,0,1,0,0
fake-cuda-original-awk-tcpdump,3,fake-cuda original-awk tcpdump,REJECT,1,1,0,0,0,0,0,0,0,1,0,0
fake-cuda-original-awk-tmux,3,fake-cuda original-awk tmux,REJECT,1,1,0,0,0,0,0,0,0,1,0,0
fake-cuda-original-awk-vim,3,fake-cuda original-awk vim,REJECT,1,1,0,0,0,0,0,0,0,1,0,0
fake-cuda-original-awk-webserver,3,fake-cuda original-awk webserver,REJECT,1,1,0,0,0,0,0,0,0,1,0,0
fake-cuda-original-awk-wget,3,fake-cuda original-awk wget,REJECT,1,1,0,0,0,0,0,0,0,1,0,0
fake-cuda-original-awk-zstd,3,fake-cuda original-awk zstd,REJECT,1,1,0,0,0,0,0,0,0,1,0,0
fake-cuda-pgclient,2,fake-cuda pgclient,REJECT,1,1,0,0,0,0,0,0,0,1,0,0
fake-cuda-pgclient-pipdemo,3,fake-cuda pgclient pipdemo,REJECT,1,1,0,2,0,0,0,0,0,1,0,0
fake-cuda-pgclient-postgres,3,fake-cuda pgclient postgres,REJECT,1,1,0,14,0,0,0,0,0,1,0,0
fake-cuda-pgclient-pytools,3,fake-cuda pgclient pytools,REJECT,1,1,0,2,0,0,0,0,0,1,0,0
fake-cuda-pgclient-pyyaml,3,fake-cuda pgclient pyyaml,REJECT,1,1,0,2,0,0,0,0,0,1,0,0
fake-cuda-pgclient-redis,3,fake-cuda pgclient redis,REJECT,1,1,0,0,0,0,0,0,0,1,0,0
fake-cuda-pgclient-rsync,3,fake-cuda pgclient rsync,REJECT,1,1,0,0,0,0,0,0,0,1,0,0
fake-cuda-pgclient-rust,3,fake-cuda pgclient rust,REJECT,1,1,0,3,0,0,0,0,0,1,0,0
fake-cuda-pgclient-socat,3,fake-cuda pgclient socat,REJECT,1,1,0,0,0,0,0,0,0,1,0,0
fake-cuda-pgclient-sqlite,3,fake-cuda pgclient sqlite,REJECT,1,1,0,2,0,0,0,0,0,1,0,0
fake-cuda-pgclient-tcpdump,3,fake-cuda pgclient tcpdump,REJECT,1,1,0,0,0,0,0,0,0,1,0,0
fake-cuda-pgclient-tmux,3,fake-cuda pgclient tmux,REJECT,1,1,0,0,0,0,0,0,0,1,0,0
fake-cuda-pgclient-vim,3,fake-cuda pgclient vim,REJECT,1,1,0,2,0,0,0,0,0,1,0,0
fake-cuda-pgclient-webserver,3,fake-cuda pgclient webserver,REJECT,1,1,0,0,0,0,0,0,0,1,0,0
fake-cuda-pgclient-wget,3,fake-cuda pgclient wget,REJECT,1,1,0,0,0,0,0,0,0,1,0,0
fake-cuda-pgclient-zstd,3,fake-cuda pgclient zstd,REJECT,1,1,0,0,0,0,0,0,0,1,0,0
fake-cuda-pipdemo,2,fake-cuda pipdemo,REJECT,1,1,0,0,0,0,0,0,0,1,0,0
fake-cuda-pipdemo-postgres,3,fake-cuda pipdemo postgres,REJECT,1,1,0,2,0,0,0,0,0,1,0,0
fake-cuda-pipdemo-pytools,3,fake-cuda pipdemo pytools,REJECT,1,1,0,19,0,0,0,0,0,1,0,0
fake-cuda-pipdemo-pyyaml,3,fake-cuda pipdemo pyyaml,REJECT,1,1,0,13,0,0,0,0,0,1,0,0
fake-cuda-pipdemo-redis,3,fake-cuda pipdemo redis,REJECT,1,1,0,0,0,0,0,0,0,1,0,0
fake-cuda-pipdemo-rsync,3,fake-cuda pipdemo rsync,REJECT,1,1,0,0,0,0,0,0,0,1,0,0
fake-cuda-pipdemo-rust,3,fake-cuda pipdemo rust,REJECT,1,1,0,0,0,0,0,0,0,1,0,0
fake-cuda-pipdemo-socat,3,fake-cuda pipdemo socat,REJECT,1,1,0,0,0,0,0,0,0,1,0,0
fake-cuda-pipdemo-sqlite,3,fake-cuda pipdemo sqlite,REJECT,1,1,0,3,0,0,0,0,0,1,0,0
fake-cuda-pipdemo-tcpdump,3,fake-cuda pipdemo tcpdump,REJECT,1,1,0,0,0,0,0,0,0,1,0,0
fake-cuda-pipdemo-tmux,3,fake-cuda pipdemo tmux,REJECT,1,1,0,0,0,0,0,0,0,1,0,0
fake-cuda-pipdemo-vim,3,fake-cuda pipdemo vim,REJECT,1,1,0,8,0,0,0,0,0,1,0,0
fake-cuda-pipdemo-webserver,3,fake-cuda pipdemo webserver,REJECT,1,1,0,1,0,0,0,0,0,1,0,0
fake-cuda-pipdemo-wget,3,fake-cuda pipdemo wget,REJECT,1,1,0,0,0,0,0,0,0,1,0,0
fake-cuda-pipdemo-zstd,3,fake-cuda pipdemo zstd,REJECT,1,1,0,0,0,0,0,0,0,1,0,0
fake-cuda-postgres,2,fake-cuda postgres,REJECT,1,1,0,0,0,0,0,0,0,1,0,0
fake-cuda-postgres-pytools,3,fake-cuda postgres pytools,REJECT,1,1,0,2,0,0,0,0,0,1,0,0
fake-cuda-postgres-pyyaml,3,fake-cuda postgres pyyaml,REJECT,1,1,0,2,0,0,0,0,0,1,0,0
fake-cuda-postgres-redis,3,fake-cuda postgres redis,REJECT,1,1,0,0,0,0,0,0,0,1,0,0
fake-cuda-postgres-rsync,3,fake-cuda postgres rsync,REJECT,1,1,0,0,0,0,0,0,0,1,0,0
fake-cuda-postgres-rust,3,fake-cuda postgres rust,REJECT,1,1,0,3,0,0,0,0,0,1,0,0
fake-cuda-postgres-socat,3,fake-cuda postgres socat,REJECT,1,1,0,0,0,0,0,0,0,1,0,0
fake-cuda-postgres-sqlite,3,fake-cuda postgres sqlite,REJECT,1,1,0,2,0,0,0,0,0,1,0,0
fake-cuda-postgres-tcpdump,3,fake-cuda postgres tcpdump,REJECT,1,1,0,0,0,0,0,0,0,1,0,0
fake-cuda-postgres-tmux,3,fake-cuda postgres tmux,REJECT,1,1,0,0,0,0,0,0,0,1,0,0
fake-cuda-postgres-vim,3,fake-cuda postgres vim,REJECT,1,1,0,2,0,0,0,0,0,1,0,0
fake-cuda-postgres-webserver,3,fake-cuda postgres webserver,REJECT,1,1,0,6,0,0,0,0,0,1,0,0
fake-cuda-postgres-wget,3,fake-cuda postgres wget,REJECT,1,1,0,0,0,0,0,0,0,1,0,0
fake-cuda-postgres-zstd,3,fake-cuda postgres zstd,REJECT,1,1,0,0,0,0,0,0,0,1,0,0
fake-cuda-pytools,2,fake-cuda pytools,REJECT,1,1,0,0,0,0,0,0,0,1,0,0
fake-cuda-pytools-pyyaml,3,fake-cuda pytools pyyaml,REJECT,1,1,0,13,0,0,0,0,0,1,0,0
fake-cuda-pytools-redis,3,fake-cuda pytools redis,REJECT,1,1,0,0,0,0,0,0,0,1,0,0
fake-cuda-pytools-rsync,3,fake-cuda pytools rsync,REJECT,1,1,0,0,0,0,0,0,0,1,0,0
fake-cuda-pytools-rust,3,fake-cuda pytools rust,REJECT,1,1,0,1,0,0,0,0,0,1,0,0
fake-cuda-pytools-socat,3,fake-cuda pytools socat,REJECT,1,1,0,0,0,0,0,0,0,1,0,0
fake-cuda-pytools-sqlite,3,fake-cuda pytools sqlite,REJECT,1,1,0,3,0,0,0,0,0,1,0,0
fake-cuda-pytools-tcpdump,3,fake-cuda pytools tcpdump,REJECT,1,1,0,0,0,0,0,0,0,1,0,0
fake-cuda-pytools-tmux,3,fake-cuda pytools tmux,REJECT,1,1,0,0,0,0,0,0,0,1,0,0
fake-cuda-pytools-vim,3,fake-cuda pytools vim,REJECT,1,1,0,8,0,0,0,0,0,1,0,0
fake-cuda-pytools-webserver,3,fake-cuda pytools webserver,REJECT,1,1,0,1,0,0,0,0,0,1,0,0
fake-cuda-pytools-wget,3,fake-cuda pytools wget,REJECT,1,1,0,0,0,0,0,0,0,1,0,0
fake-cuda-pytools-zstd,3,fake-cuda pytools zstd,REJECT,1,1,0,0,0,0,0,0,0,1,0,0
fake-cuda-pyyaml,2,fake-cuda pyyaml,REJECT,1,1,0,0,0,0,0,0,0,1,0,0
fake-cuda-pyyaml-redis,3,fake-cuda pyyaml redis,REJECT,1,1,0,0,0,0,0,0,0,1,0,0
fake-cuda-pyyaml-rsync,3,fake-cuda pyyaml rsync,REJECT,1,1,0,0,0,0,0,0,0,1,0,0
fake-cuda-pyyaml-rust,3,fake-cuda pyyaml rust,REJECT,1,1,0,0,0,0,0,0,0,1,0,0
fake-cuda-pyyaml-socat,3,fake-cuda pyyaml socat,REJECT,1,1,0,0,0,0,0,0,0,1,0,0
fake-cuda-pyyaml-sqlite,3,fake-cuda pyyaml sqlite,REJECT,1,1,0,3,0,0,0,0,0,1,0,0
fake-cuda-pyyaml-tcpdump,3,fake-cuda pyyaml tcpdump,REJECT,1,1,0,0,0,0,0,0,0,1,0,0
fake-cuda-pyyaml-tmux,3,fake-cuda pyyaml tmux,REJECT,1,1,0,0,0,0,0,0,0,1,0,0
fake-cuda-pyyaml-vim,3,fake-cuda pyyaml vim,REJECT,1,1,0,8,0,0,0,0,0,1,0,0
fake-cuda-pyyaml-webserver,3,fake-cuda pyyaml webserver,REJECT,1,1,0,1,0,0,0,0,0,1,0,0
fake-cuda-pyyaml-wget,3,fake-cuda pyyaml wget,REJECT,1,1,0,0,0,0,0,0,0,1,0,0
fake-cuda-pyyaml-zstd,3,fake-cuda pyyaml zstd,REJECT,1,1,0,0,0,0,0,0,0,1,0,0
fake-cuda-redis,2,fake-cuda redis,REJECT,1,1,0,0,0,0,0,0,0,1,0,0
fake-cuda-redis-rsync,3,fake-cuda redis rsync,REJECT,1,1,0,0,0,0,0,0,0,1,0,0
fake-cuda-redis-rust,3,fake-cuda redis rust,REJECT,1,1,0,1,0,0,0,0,0,1,0,0
fake-cuda-redis-socat,3,fake-cuda redis socat,REJECT,1,1,0,0,0,0,0,0,0,1,0,0
fake-cuda-redis-sqlite,3,fake-cuda redis sqlite,REJECT,1,1,0,0,0,0,0,0,0,1,0,0
fake-cuda-redis-tcpdump,3,fake-cuda redis tcpdump,REJECT,1,1,0,0,0,0,0,0,0,1,0,0
fake-cuda-redis-tmux,3,fake-cuda redis tmux,REJECT,1,1,0,0,0,0,0,0,0,1,0,0
fake-cuda-redis-vim,3,fake-cuda redis vim,REJECT,1,1,0,0,0,0,0,0,0,1,0,0
fake-cuda-redis-webserver,3,fake-cuda redis webserver,REJECT,1,1,0,0,0,0,0,0,0,1,0,0
fake-cuda-redis-wget,3,fake-cuda redis wget,REJECT,1,1,0,0,0,0,0,0,0,1,0,0
fake-cuda-redis-zstd,3,fake-cuda redis zstd,REJECT,1,1,0,0,0,0,0,0,0,1,0,0
fake-cuda-rsync,2,fake-cuda rsync,REJECT,1,1,0,0,0,0,0,0,0,1,0,0
fake-cuda-rsync-rust,3,fake-cuda rsync rust,REJECT,1,1,0,0,0,0,0,0,0,1,0,0
fake-cuda-rsync-socat,3,fake-cuda rsync socat,REJECT,1,1,0,0,0,0,0,0,0,1,0,0
fake-cuda-rsync-sqlite,3,fake-cuda rsync sqlite,REJECT,1,1,0,0,0,0,0,0,0,1,0,0
fake-cuda-rsync-tcpdump,3,fake-cuda rsync tcpdump,REJECT,1,1,0,0,0,0,0,0,0,1,0,0
fake-cuda-rsync-tmux,3,fake-cuda rsync tmux,REJECT,1,1,0,0,0,0,0,0,0,1,0,0
fake-cuda-rsync-vim,3,fake-cuda rsync vim,REJECT,1,1,0,0,0,0,0,0,0,1,0,0
fake-cuda-rsync-webserver,3,fake-cuda rsync webserver,REJECT,1,1,0,0,0,0,0,0,0,1,0,0
fake-cuda-rsync-wget,3,fake-cuda rsync wget,REJECT,1,1,0,0,0,0,0,0,0,1,0,0
fake-cuda-rsync-zstd,3,fake-cuda rsync zstd,REJECT,1,1,0,0,0,0,0,0,0,1,0,0
fake-cuda-rust,2,fake-cuda rust,REJECT,1,1,0,0,0,0,0,0,0,1,0,0
fake-cuda-rust-socat,3,fake-cuda rust socat,REJECT,1,1,0,0,0,0,0,0,0,1,0,0
fake-cuda-rust-sqlite,3,fake-cuda rust sqlite,REJECT,1,1,0,0,0,0,0,0,0,1,0,0
fake-cuda-rust-tcpdump,3,fake-cuda rust tcpdump,REJECT,1,1,0,0,0,0,0,0,0,1,0,0
fake-cuda-rust-tmux,3,fake-cuda rust tmux,REJECT,1,1,0,0,0,0,0,0,0,1,0,0
fake-cuda-rust-vim,3,fake-cuda rust vim,REJECT,1,1,0,0,0,0,0,0,0,1,0,0
fake-cuda-rust-webserver,3,fake-cuda rust webserver,REJECT,1,1,0,1,0,0,0,0,0,1,0,0
fake-cuda-rust-wget,3,fake-cuda rust wget,REJECT,1,1,0,1,0,0,0,0,0,1,0,0
fake-cuda-rust-zstd,3,fake-cuda rust zstd,REJECT,1,1,0,0,0,0,0,0,0,1,0,0
fake-cuda-socat,2,fake-cuda socat,REJECT,1,1,0,0,0,0,0,0,0,1,0,0
fake-cuda-socat-sqlite,3,fake-cuda socat sqlite,REJECT,1,1,0,0,0,0,0,0,0,1,0,0
fake-cuda-socat-tcpdump,3,fake-cuda socat tcpdump,REJECT,1,1,0,0,0,0,0,0,0,1,0,0
fake-cuda-socat-tmux,3,fake-cuda socat tmux,REJECT,1,1,0,0,0,0,0,0,0,1,0,0
fake-cuda-socat-vim,3,fake-cuda socat vim,REJECT,1,1,0,0,0,0,0,0,0,1,0,0
fake-cuda-socat-webserver,3,fake-cuda socat webserver,REJECT,1,1,0,0,0,0,0,0,0,1,0,0
fake-cuda-socat-wget,3,fake-cuda socat wget,REJECT,1,1,0,0,0,0,0,0,0,1,0,0
fake-cuda-socat-zstd,3,fake-cuda socat zstd,REJECT,1,1,0,0,0,0,0,0,0,1,0,0
fake-cuda-sqlite,2,fake-cuda sqlite,REJECT,1,1,0,0,0,0,0,0,0,1,0,0
fake-cuda-sqlite-tcpdump,3,fake-cuda sqlite tcpdump,REJECT,1,1,0,0,0,0,0,0,0,1,0,0
fake-cuda-sqlite-tmux,3,fake-cuda sqlite tmux,REJECT,1,1,0,0,0,0,0,0,0,1,0,0
fake-cuda-sqlite-vim,3,fake-cuda sqlite vim,REJECT,1,1,0,3,0,0,0,0,0,1,0,0
fake-cuda-sqlite-webserver,3,fake-cuda sqlite webserver,REJECT,1,1,0,0,0,0,0,0,0,1,0,0
fake-cuda-sqlite-wget,3,fake-cuda sqlite wget,REJECT,1,1,0,0,0,0,0,0,0,1,0,0
fake-cuda-sqlite-zstd,3,fake-cuda sqlite zstd,REJECT,1,1,0,0,0,0,0,0,0,1,0,0
fake-cuda-tcpdump,2,fake-cuda tcpdump,REJECT,1,1,0,0,0,0,0,0,0,1,0,0
fake-cuda-tcpdump-tmux,3,fake-cuda tcpdump tmux,REJECT,1,1,0,0,0,0,0,0,0,1,0,0
fake-cuda-tcpdump-vim,3,fake-cuda tcpdump vim,REJECT,1,1,0,0,0,0,0,0,0,1,0,0
fake-cuda-tcpdump-webserver,3,fake-cuda tcpdump webserver,REJECT,1,1,0,0,0,0,0,0,0,1,0,0
fake-cuda-tcpdump-wget,3,fake-cuda tcpdump wget,REJECT,1,1,0,0,0,0,0,0,0,1,0,0
fake-cuda-tcpdump-zstd,3,fake-cuda tcpdump zstd,REJECT,1,1,0,0,0,0,0,0,0,1,0,0
fake-cuda-tmux,2,fake-cuda tmux,REJECT,1,1,0,0,0,0,0,0,0,1,0,0
fake-cuda-tmux-vim,3,fake-cuda tmux vim,REJECT,1,1,0,0,0,0,0,0,0,1,0,0
fake-cuda-tmux-webserver,3,fake-cuda tmux webserver,REJECT,1,1,0,0,0,0,0,0,0,1,0,0
fake-cuda-tmux-wget,3,fake-cuda tmux wget,REJECT,1,1,0,0,0,0,0,0,0,1,0,0
fake-cuda-tmux-zstd,3,fake-cuda tmux zstd,REJECT,1,1,0,0,0,0,0,0,0,1,0,0
fake-cuda-vim,2,fake-cuda vim,REJECT,1,1,0,0,0,0,0,0,0,1,0,0
fake-cuda-vim-webserver,3,fake-cuda vim webserver,REJECT,1,1,0,1,0,0,0,0,0,1,0,0
fake-cuda-vim-wget,3,fake-cuda vim wget,REJECT,1,1,0,0,0,0,0,0,0,1,0,0
fake-cuda-vim-zstd,3,fake-cuda vim zstd,REJECT,1,1,0,0,0,0,0,0,0,1,0,0
fake-cuda-webserver,2,fake-cuda webserver,REJECT,1,1,0,0,0,0,0,0,0,1,0,0
fake-cuda-webserver-wget,3,fake-cuda webserver wget,REJECT,1,1,0,0,0,0,0,0,0,1,0,0
fake-cuda-webserver-zstd,3,fake-cuda webserver zstd,REJECT,1,1,0,0,0,0,0,0,0,1,0,0
fake-cuda-wget,2,fake-cuda wget,REJECT,1,1,0,0,0,0,0,0,0,1,0,0
fake-cuda-wget-zstd,3,fake-cuda wget zstd,REJECT,1,1,0,0,0,0,0,0,0,1,0,0
fake-cuda-zstd,2,fake-cuda zstd,REJECT,1,1,0,0,0,0,0,0,0,1,0,0
fake-nvidia-driver-gawk,2,fake-nvidia-driver gawk,ACCEPT,0,0,0,0,0,0,0,0,0,0,0,0
fake-nvidia-driver-gawk-gcc,3,fake-nvidia-driver gawk gcc,ACCEPT,0,0,0,1,0,0,0,0,0,0,0,0
fake-nvidia-driver-gawk-git,3,fake-nvidia-driver gawk git,ACCEPT,0,0,0,0,0,0,0,0,0,0,0,0
fake-nvidia-driver-gawk-htop,3,fake-nvidia-driver gawk htop,ACCEPT,0,0,0,0,0,0,0,0,0,0,0,0
fake-nvidia-driver-gawk-java,3,fake-nvidia-driver gawk java,ACCEPT,0,0,0,0,0,0,0,0,0,0,0,0
fake-nvidia-driver-gawk-jq,3,fake-nvidia-driver gawk jq,ACCEPT,0,0,0,0,0,0,0,0,0,0,0,0
fake-nvidia-driver-gawk-llvm,3,fake-nvidia-driver gawk llvm,ACCEPT,0,0,0,0,0,0,0,0,0,0,0,0
fake-nvidia-driver-gawk-memcached,3,fake-nvidia-driver gawk memcached,ACCEPT,0,0,0,0,0,0,0,0,0,0,0,0
fake-nvidia-driver-gawk-mta-msmtp,3,fake-nvidia-driver gawk mta-msmtp,ACCEPT,0,0,0,0,0,0,0,0,0,0,0,0
fake-nvidia-driver-gawk-mta-nullmailer,3,fake-nvidia-driver gawk mta-nullmailer,ACCEPT,0,0,0,0,0,0,0,0,0,0,0,0
fake-nvidia-driver-gawk-mysql,3,fake-nvidia-driver gawk mysql,ACCEPT,0,0,0,5,0,0,0,0,0,0,0,0
fake-nvidia-driver-gawk-nc-openbsd,3,fake-nvidia-driver gawk nc-openbsd,ACCEPT,0,0,0,0,0,0,0,0,0,0,0,0
fake-nvidia-driver-gawk-nc-traditional,3,fake-nvidia-driver gawk nc-traditional,ACCEPT,0,0,0,0,0,0,0,0,0,0,0,0
fake-nvidia-driver-gawk-nvidia-driver-535,3,fake-nvidia-driver gawk nvidia-driver-535,ACCEPT,0,0,0,0,0,0,0,0,0,0,0,0
fake-nvidia-driver-gawk-original-awk,3,fake-nvidia-driver gawk original-awk,ACCEPT,0,0,0,0,0,0,0,0,0,0,0,0
fake-nvidia-driver-gawk-pgclient,3,fake-nvidia-driver gawk pgclient,ACCEPT,0,0,0,2,0,0,0,0,0,0,0,0
fake-nvidia-driver-gawk-pipdemo,3,fake-nvidia-driver gawk pipdemo,ACCEPT,0,0,0,2,0,0,0,0,0,0,0,0
fake-nvidia-driver-gawk-postgres,3,fake-nvidia-driver gawk postgres,ACCEPT,0,0,0,2,0,0,0,0,0,0,0,0
fake-nvidia-driver-gawk-pytools,3,fake-nvidia-driver gawk pytools,ACCEPT,0,0,0,2,0,0,0,0,0,0,0,0
fake-nvidia-driver-gawk-pyyaml,3,fake-nvidia-driver gawk pyyaml,ACCEPT,0,0,0,2,0,0,0,0,0,0,0,0
fake-nvidia-driver-gawk-redis,3,fake-nvidia-driver gawk redis,ACCEPT,0,0,0,0,0,0,0,0,0,0,0,0
fake-nvidia-driver-gawk-rsync,3,fake-nvidia-driver gawk rsync,ACCEPT,0,0,0,0,0,0,0,0,0,0,0,0
fake-nvidia-driver-gawk-rust,3,fake-nvidia-driver gawk rust,ACCEPT,0,0,0,1,0,0,0,0,0,0,0,0
fake-nvidia-driver-gawk-socat,3,fake-nvidia-driver gawk socat,ACCEPT,0,0,0,0,0,0,0,0,0,0,0,0
fake-nvidia-driver-gawk-sqlite,3,fake-nvidia-driver gawk sqlite,ACCEPT,0,0,0,2,0,0,0,0,0,0,0,0
fake-nvidia-driver-gawk-tcpdump,3,fake-nvidia-driver gawk tcpdump,ACCEPT,0,0,0,0,0,0,0,0,0,0,0,0
fake-nvidia-driver-gawk-tmux,3,fake-nvidia-driver gawk tmux,ACCEPT,0,0,0,0,0,0,0,0,0,0,0,0
fake-nvidia-driver-gawk-vim,3,fake-nvidia-driver gawk vim,ACCEPT,0,0,0,2,0,0,0,0,0,0,0,0
fake-nvidia-driver-gawk-webserver,3,fake-nvidia-driver gawk webserver,ACCEPT,0,0,0,0,0,0,0,0,0,0,0,0
fake-nvidia-driver-gawk-wget,3,fake-nvidia-driver gawk wget,ACCEPT,0,0,0,0,0,0,0,0,0,0,0,0
fake-nvidia-driver-gawk-zstd,3,fake-nvidia-driver gawk zstd,ACCEPT,0,0,0,0,0,0,0,0,0,0,0,0
fake-nvidia-driver-gcc,2,fake-nvidia-driver gcc,ACCEPT,0,0,0,0,0,0,0,0,0,0,0,0
fake-nvidia-driver-gcc-git,3,fake-nvidia-driver gcc git,ACCEPT,0,0,0,5,0,0,0,0,0,0,0,0
fake-nvidia-driver-gcc-htop,3,fake-nvidia-driver gcc htop,ACCEPT,0,0,0,0,0,0,0,0,0,0,0,0
fake-nvidia-driver-gcc-java,3,fake-nvidia-driver gcc java,ACCEPT,0,0,0,0,0,0,0,0,0,0,0,0
fake-nvidia-driver-gcc-jq,3,fake-nvidia-driver gcc jq,ACCEPT,0,0,0,5,0,0,0,0,0,0,0,0
fake-nvidia-driver-gcc-llvm,3,fake-nvidia-driver gcc llvm,ACCEPT,0,0,0,24,0,0,0,0,0,0,0,0
fake-nvidia-driver-gcc-memcached,3,fake-nvidia-driver gcc memcached,ACCEPT,0,0,0,5,0,0,0,0,0,0,0,0
fake-nvidia-driver-gcc-mta-msmtp,3,fake-nvidia-driver gcc mta-msmtp,ACCEPT,0,0,0,0,0,0,0,0,0,0,0,0
fake-nvidia-driver-gcc-mta-nullmailer,3,fake-nvidia-driver gcc mta-nullmailer,ACCEPT,0,0,0,0,0,0,0,0,0,0,0,0
fake-nvidia-driver-gcc-mysql,3,fake-nvidia-driver gcc mysql,ACCEPT,0,0,0,6,0,0,0,0,0,0,0,0
fake-nvidia-driver-gcc-nc-openbsd,3,fake-nvidia-driver gcc nc-openbsd,ACCEPT,0,0,0,0,0,0,0,0,0,0,0,0
fake-nvidia-driver-gcc-nc-traditional,3,fake-nvidia-driver gcc nc-traditional,ACCEPT,0,0,0,0,0,0,0,0,0,0,0,0
fake-nvidia-driver-gcc-nvidia-driver-535,3,fake-nvidia-driver gcc nvidia-driver-535,ACCEPT,0,0,0,6,0,0,0,0,0,0,0,0
fake-nvidia-driver-gcc-original-awk,3,fake-nvidia-driver gcc original-awk,ACCEPT,0,0,0,0,0,0,0,0,0,0,0,0
fake-nvidia-driver-gcc-pgclient,3,fake-nvidia-driver gcc pgclient,ACCEPT,0,0,0,5,0,0,0,0,0,0,0,0
fake-nvidia-driver-gcc-pipdemo,3,fake-nvidia-driver gcc pipdemo,ACCEPT,0,0,0,0,0,0,0,0,0,0,0,0
fake-nvidia-driver-gcc-postgres,3,fake-nvidia-driver gcc postgres,ACCEPT,0,0,0,5,0,0,0,0,0,0,0,0
fake-nvidia-driver-gcc-pytools,3,fake-nvidia-driver gcc pytools,ACCEPT,0,0,0,1,0,0,0,0,0,0,0,0
fake-nvidia-driver-gcc-pyyaml,3,fake-nvidia-driver gcc pyyaml,ACCEPT,0,0,0,0,0,0,0,0,0,0,0,0
fake-nvidia-driver-gcc-redis,3,fake-nvidia-driver gcc redis,ACCEPT,0,0,0,1,0,0,0,0,0,0,0,0
fake-nvidia-driver-gcc-rsync,3,fake-nvidia-driver gcc rsync,ACCEPT,0,0,0,0,0,0,0,0,0,0,0,0
fake-nvidia-driver-gcc-rust,3,fake-nvidia-driver gcc rust,ACCEPT,0,0,0,31,0,0,0,0,0,0,0,0
fake-nvidia-driver-gcc-socat,3,fake-nvidia-driver gcc socat,ACCEPT,0,0,0,0,0,0,0,0,0,0,0,0
fake-nvidia-driver-gcc-sqlite,3,fake-nvidia-driver gcc sqlite,ACCEPT,0,0,0,0,0,0,0,0,0,0,0,0
fake-nvidia-driver-gcc-tcpdump,3,fake-nvidia-driver gcc tcpdump,ACCEPT,0,0,0,0,0,0,0,0,0,0,0,0
fake-nvidia-driver-gcc-tmux,3,fake-nvidia-driver gcc tmux,ACCEPT,0,0,0,0,0,0,0,0,0,0,0,0
fake-nvidia-driver-gcc-vim,3,fake-nvidia-driver gcc vim,ACCEPT,0,0,0,0,0,0,0,0,0,0,0,0
fake-nvidia-driver-gcc-webserver,3,fake-nvidia-driver gcc webserver,ACCEPT,0,0,0,0,0,0,0,0,0,0,0,0
fake-nvidia-driver-gcc-wget,3,fake-nvidia-driver gcc wget,ACCEPT,0,0,0,0,0,0,0,0,0,0,0,0
fake-nvidia-driver-gcc-zstd,3,fake-nvidia-driver gcc zstd,ACCEPT,0,0,0,0,0,0,0,0,0,0,0,0
fake-nvidia-driver-git,2,fake-nvidia-driver git,ACCEPT,0,0,0,0,0,0,0,0,0,0,0,0
fake-nvidia-driver-git-htop,3,fake-nvidia-driver git htop,ACCEPT,0,0,0,0,0,0,0,0,0,0,0,0
fake-nvidia-driver-git-java,3,fake-nvidia-driver git java,ACCEPT,0,0,0,2,0,0,0,0,0,0,0,0
fake-nvidia-driver-git-jq,3,fake-nvidia-driver git jq,ACCEPT,0,0,0,5,0,0,0,0,0,0,0,0
fake-nvidia-driver-git-llvm,3,fake-nvidia-driver git llvm,ACCEPT,0,0,0,0,0,0,0,0,0,0,0,0
fake-nvidia-driver-git-memcached,3,fake-nvidia-driver git memcached,ACCEPT,0,0,0,7,0,0,0,0,0,0,0,0
fake-nvidia-driver-git-mta-msmtp,3,fake-nvidia-driver git mta-msmtp,ACCEPT,0,0,0,0,0,0,0,0,0,0,0,0
fake-nvidia-driver-git-mta-nullmailer,3,fake-nvidia-driver git mta-nullmailer,ACCEPT,0,0,0,0,0,0,0,0,0,0,0,0
fake-nvidia-driver-git-mysql,3,fake-nvidia-driver git mysql,ACCEPT,0,0,0,5,0,0,0,0,0,0,0,0
fake-nvidia-driver-git-nc-openbsd,3,fake-nvidia-driver git nc-openbsd,ACCEPT,0,0,0,0,0,0,0,0,0,0,0,0
fake-nvidia-driver-git-nc-traditional,3,fake-nvidia-driver git nc-traditional,ACCEPT,0,0,0,0,0,0,0,0,0,0,0,0
fake-nvidia-driver-git-nvidia-driver-535,3,fake-nvidia-driver git nvidia-driver-535,ACCEPT,0,0,0,0,0,0,0,0,0,0,0,0
fake-nvidia-driver-git-original-awk,3,fake-nvidia-driver git original-awk,ACCEPT,0,0,0,0,0,0,0,0,0,0,0,0
fake-nvidia-driver-git-pgclient,3,fake-nvidia-driver git pgclient,ACCEPT,0,0,0,8,0,0,0,0,0,0,0,0
fake-nvidia-driver-git-pipdemo,3,fake-nvidia-driver git pipdemo,ACCEPT,0,0,0,1,0,0,0,0,0,0,0,0
fake-nvidia-driver-git-postgres,3,fake-nvidia-driver git postgres,ACCEPT,0,0,0,8,0,0,0,0,0,0,0,0
fake-nvidia-driver-git-pytools,3,fake-nvidia-driver git pytools,ACCEPT,0,0,0,1,0,0,0,0,0,0,0,0
fake-nvidia-driver-git-pyyaml,3,fake-nvidia-driver git pyyaml,ACCEPT,0,0,0,1,0,0,0,0,0,0,0,0
fake-nvidia-driver-git-redis,3,fake-nvidia-driver git redis,ACCEPT,0,0,0,0,0,0,0,0,0,0,0,0
fake-nvidia-driver-git-rsync,3,fake-nvidia-driver git rsync,ACCEPT,0,0,0,0,0,0,0,0,0,0,0,0
fake-nvidia-driver-git-rust,3,fake-nvidia-driver git rust,ACCEPT,0,0,0,9,0,0,0,0,0,0,0,0
fake-nvidia-driver-git-socat,3,fake-nvidia-driver git socat,ACCEPT,0,0,0,0,0,0,0,0,0,0,0,0
fake-nvidia-driver-git-sqlite,3,fake-nvidia-driver git sqlite,ACCEPT,0,0,0,0,0,0,0,0,0,0,0,0
fake-nvidia-driver-git-tcpdump,3,fake-nvidia-driver git tcpdump,ACCEPT,0,0,0,0,0,0,0,0,0,0,0,0
fake-nvidia-driver-git-tmux,3,fake-nvidia-driver git tmux,ACCEPT,0,0,0,0,0,0,0,0,0,0,0,0
fake-nvidia-driver-git-vim,3,fake-nvidia-driver git vim,ACCEPT,0,0,0,1,0,0,0,0,0,0,0,0
fake-nvidia-driver-git-webserver,3,fake-nvidia-driver git webserver,ACCEPT,0,0,0,2,0,0,0,0,0,0,0,0
fake-nvidia-driver-git-wget,3,fake-nvidia-driver git wget,ACCEPT,0,0,0,1,0,0,0,0,0,0,0,0
fake-nvidia-driver-git-zstd,3,fake-nvidia-driver git zstd,ACCEPT,0,0,0,0,0,0,0,0,0,0,0,0
fake-nvidia-driver-htop,2,fake-nvidia-driver htop,ACCEPT,0,0,0,0,0,0,0,0,0,0,0,0
fake-nvidia-driver-htop-java,3,fake-nvidia-driver htop java,ACCEPT,0,0,0,0,0,0,0,0,0,0,0,0
fake-nvidia-driver-htop-jq,3,fake-nvidia-driver htop jq,ACCEPT,0,0,0,0,0,0,0,0,0,0,0,0
fake-nvidia-driver-htop-llvm,3,fake-nvidia-driver htop llvm,ACCEPT,0,0,0,0,0,0,0,0,0,0,0,0
fake-nvidia-driver-htop-memcached,3,fake-nvidia-driver htop memcached,ACCEPT,0,0,0,0,0,0,0,0,0,0,0,0
fake-nvidia-driver-htop-mta-msmtp,3,fake-nvidia-driver htop mta-msmtp,ACCEPT,0,0,0,0,0,0,0,0,0,0,0,0
fake-nvidia-driver-htop-mta-nullmailer,3,fake-nvidia-driver htop mta-nullmailer,ACCEPT,0,0,0,0,0,0,0,0,0,0,0,0
fake-nvidia-driver-htop-mysql,3,fake-nvidia-driver htop mysql,ACCEPT,0,0,0,0,0,0,0,0,0,0,0,0
fake-nvidia-driver-htop-nc-openbsd,3,fake-nvidia-driver htop nc-openbsd,ACCEPT,0,0,0,0,0,0,0,0,0,0,0,0
fake-nvidia-driver-htop-nc-traditional,3,fake-nvidia-driver htop nc-traditional,ACCEPT,0,0,0,0,0,0,0,0,0,0,0,0
fake-nvidia-driver-htop-nvidia-driver-535,3,fake-nvidia-driver htop nvidia-driver-535,ACCEPT,0,0,0,0,0,0,0,0,0,0,0,0
fake-nvidia-driver-htop-original-awk,3,fake-nvidia-driver htop original-awk,ACCEPT,0,0,0,0,0,0,0,0,0,0,0,0
fake-nvidia-driver-htop-pgclient,3,fake-nvidia-driver htop pgclient,ACCEPT,0,0,0,0,0,0,0,0,0,0,0,0
fake-nvidia-driver-htop-pipdemo,3,fake-nvidia-driver htop pipdemo,ACCEPT,0,0,0,0,0,0,0,0,0,0,0,0
fake-nvidia-driver-htop-postgres,3,fake-nvidia-driver htop postgres,ACCEPT,0,0,0,0,0,0,0,0,0,0,0,0
fake-nvidia-driver-htop-pytools,3,fake-nvidia-driver htop pytools,ACCEPT,0,0,0,0,0,0,0,0,0,0,0,0
fake-nvidia-driver-htop-pyyaml,3,fake-nvidia-driver htop pyyaml,ACCEPT,0,0,0,0,0,0,0,0,0,0,0,0
fake-nvidia-driver-htop-redis,3,fake-nvidia-driver htop redis,ACCEPT,0,0,0,0,0,0,0,0,0,0,0,0
fake-nvidia-driver-htop-rsync,3,fake-nvidia-driver htop rsync,ACCEPT,0,0,0,0,0,0,0,0,0,0,0,0
fake-nvidia-driver-htop-rust,3,fake-nvidia-driver htop rust,ACCEPT,0,0,0,0,0,0,0,0,0,0,0,0
fake-nvidia-driver-htop-socat,3,fake-nvidia-driver htop socat,ACCEPT,0,0,0,0,0,0,0,0,0,0,0,0
fake-nvidia-driver-htop-sqlite,3,fake-nvidia-driver htop sqlite,ACCEPT,0,0,0,0,0,0,0,0,0,0,0,0
fake-nvidia-driver-htop-tcpdump,3,fake-nvidia-driver htop tcpdump,ACCEPT,0,0,0,0,0,0,0,0,0,0,0,0
fake-nvidia-driver-htop-tmux,3,fake-nvidia-driver htop tmux,ACCEPT,0,0,0,0,0,0,0,0,0,0,0,0
fake-nvidia-driver-htop-vim,3,fake-nvidia-driver htop vim,ACCEPT,0,0,0,0,0,0,0,0,0,0,0,0
fake-nvidia-driver-htop-webserver,3,fake-nvidia-driver htop webserver,ACCEPT,0,0,0,0,0,0,0,0,0,0,0,0
fake-nvidia-driver-htop-wget,3,fake-nvidia-driver htop wget,ACCEPT,0,0,0,0,0,0,0,0,0,0,0,0
fake-nvidia-driver-htop-zstd,3,fake-nvidia-driver htop zstd,ACCEPT,0,0,0,0,0,0,0,0,0,0,0,0
fake-nvidia-driver-java,2,fake-nvidia-driver java,ACCEPT,0,0,0,0,0,0,0,0,0,0,0,0
fake-nvidia-driver-java-jq,3,fake-nvidia-driver java jq,ACCEPT,0,0,0,0,0,0,0,0,0,0,0,0
fake-nvidia-driver-java-llvm,3,fake-nvidia-driver java llvm,ACCEPT,0,0,0,0,0,0,0,0,0,0,0,0
fake-nvidia-driver-java-memcached,3,fake-nvidia-driver java memcached,ACCEPT,0,0,0,0,0,0,0,0,0,0,0,0
fake-nvidia-driver-java-mta-msmtp,3,fake-nvidia-driver java mta-msmtp,ACCEPT,0,0,0,2,0,0,0,0,0,0,0,0
fake-nvidia-driver-java-mta-nullmailer,3,fake-nvidia-driver java mta-nullmailer,ACCEPT,0,0,0,0,0,0,0,0,0,0,0,0
fake-nvidia-driver-java-mysql,3,fake-nvidia-driver java mysql,ACCEPT,0,0,0,0,0,0,0,0,0,0,0,0
fake-nvidia-driver-java-nc-openbsd,3,fake-nvidia-driver java nc-openbsd,ACCEPT,0,0,0,0,0,0,0,0,0,0,0,0
fake-nvidia-driver-java-nc-traditional,3,fake-nvidia-driver java nc-traditional,ACCEPT,0,0,0,0,0,0,0,0,0,0,0,0
fake-nvidia-driver-java-nvidia-driver-535,3,fake-nvidia-driver java nvidia-driver-535,ACCEPT,0,0,0,0,0,0,0,0,0,0,0,0
fake-nvidia-driver-java-original-awk,3,fake-nvidia-driver java original-awk,ACCEPT,0,0,0,0,0,0,0,0,0,0,0,0
fake-nvidia-driver-java-pgclient,3,fake-nvidia-driver java pgclient,ACCEPT,0,0,0,0,0,0,0,0,0,0,0,0
fake-nvidia-driver-java-pipdemo,3,fake-nvidia-driver java pipdemo,ACCEPT,0,0,0,2,0,0,0,0,0,0,0,0
fake-nvidia-driver-java-postgres,3,fake-nvidia-driver java postgres,ACCEPT,0,0,0,1,0,0,0,0,0,0,0,0
fake-nvidia-driver-java-pytools,3,fake-nvidia-driver java pytools,ACCEPT,0,0,0,2,0,0,0,0,0,0,0,0
fake-nvidia-driver-java-pyyaml,3,fake-nvidia-driver java pyyaml,ACCEPT,0,0,0,2,0,0,0,0,0,0,0,0
fake-nvidia-driver-java-redis,3,fake-nvidia-driver java redis,ACCEPT,0,0,0,0,0,0,0,0,0,0,0,0
fake-nvidia-driver-java-rsync,3,fake-nvidia-driver java rsync,ACCEPT,0,0,0,0,0,0,0,0,0,0,0,0
fake-nvidia-driver-java-rust,3,fake-nvidia-driver java rust,ACCEPT,0,0,0,1,0,0,0,0,0,0,0,0
fake-nvidia-driver-java-socat,3,fake-nvidia-driver java socat,ACCEPT,0,0,0,0,0,0,0,0,0,0,0,0
fake-nvidia-driver-java-sqlite,3,fake-nvidia-driver java sqlite,ACCEPT,0,0,0,1,0,0,0,0,0,0,0,0
fake-nvidia-driver-java-tcpdump,3,fake-nvidia-driver java tcpdump,ACCEPT,0,0,0,1,0,0,0,0,0,0,0,0
fake-nvidia-driver-java-tmux,3,fake-nvidia-driver java tmux,ACCEPT,0,0,0,0,0,0,0,0,0,0,0,0
fake-nvidia-driver-java-vim,3,fake-nvidia-driver java vim,ACCEPT,0,0,0,2,0,0,0,0,0,0,0,0
fake-nvidia-driver-java-webserver,3,fake-nvidia-driver java webserver,ACCEPT,0,0,0,10,0,0,0,0,0,0,0,0
fake-nvidia-driver-java-wget,3,fake-nvidia-driver java wget,ACCEPT,0,0,0,0,0,0,0,0,0,0,0,0
fake-nvidia-driver-java-zstd,3,fake-nvidia-driver java zstd,ACCEPT,0,0,0,0,0,0,0,0,0,0,0,0
fake-nvidia-driver-jq,2,fake-nvidia-driver jq,ACCEPT,0,0,0,0,0,0,0,0,0,0,0,0
fake-nvidia-driver-jq-llvm,3,fake-nvidia-driver jq llvm,ACCEPT,0,0,0,0,0,0,0,0,0,0,0,0
fake-nvidia-driver-jq-memcached,3,fake-nvidia-driver jq memcached,ACCEPT,0,0,0,5,0,0,0,0,0,0,0,0
fake-nvidia-driver-jq-mta-msmtp,3,fake-nvidia-driver jq mta-msmtp,ACCEPT,0,0,0,0,0,0,0,0,0,0,0,0
fake-nvidia-driver-jq-mta-nullmailer,3,fake-nvidia-driver jq mta-nullmailer,ACCEPT,0,0,0,0,0,0,0,0,0,0,0,0
fake-nvidia-driver-jq-mysql,3,fake-nvidia-driver jq mysql,ACCEPT,0,0,0,5,0,0,0,0,0,0,0,0
fake-nvidia-driver-jq-nc-openbsd,3,fake-nvidia-driver jq nc-openbsd,ACCEPT,0,0,0,0,0,0,0,0,0,0,0,0
fake-nvidia-driver-jq-nc-traditional,3,fake-nvidia-driver jq nc-traditional,ACCEPT,0,0,0,0,0,0,0,0,0,0,0,0
fake-nvidia-driver-jq-nvidia-driver-535,3,fake-nvidia-driver jq nvidia-driver-535,ACCEPT,0,0,0,0,0,0,0,0,0,0,0,0
fake-nvidia-driver-jq-original-awk,3,fake-nvidia-driver jq original-awk,ACCEPT,0,0,0,0,0,0,0,0,0,0,0,0
fake-nvidia-driver-jq-pgclient,3,fake-nvidia-driver jq pgclient,ACCEPT,0,0,0,5,0,0,0,0,0,0,0,0
fake-nvidia-driver-jq-pipdemo,3,fake-nvidia-driver jq pipdemo,ACCEPT,0,0,0,0,0,0,0,0,0,0,0,0
fake-nvidia-driver-jq-postgres,3,fake-nvidia-driver jq postgres,ACCEPT,0,0,0,5,0,0,0,0,0,0,0,0
fake-nvidia-driver-jq-pytools,3,fake-nvidia-driver jq pytools,ACCEPT,0,0,0,0,0,0,0,0,0,0,0,0
fake-nvidia-driver-jq-pyyaml,3,fake-nvidia-driver jq pyyaml,ACCEPT,0,0,0,0,0,0,0,0,0,0,0,0
fake-nvidia-driver-jq-redis,3,fake-nvidia-driver jq redis,ACCEPT,0,0,0,0,0,0,0,0,0,0,0,0
fake-nvidia-driver-jq-rsync,3,fake-nvidia-driver jq rsync,ACCEPT,0,0,0,0,0,0,0,0,0,0,0,0
fake-nvidia-driver-jq-rust,3,fake-nvidia-driver jq rust,ACCEPT,0,0,0,0,0,0,0,0,0,0,0,0
fake-nvidia-driver-jq-socat,3,fake-nvidia-driver jq socat,ACCEPT,0,0,0,0,0,0,0,0,0,0,0,0
fake-nvidia-driver-jq-sqlite,3,fake-nvidia-driver jq sqlite,ACCEPT,0,0,0,0,0,0,0,0,0,0,0,0
fake-nvidia-driver-jq-tcpdump,3,fake-nvidia-driver jq tcpdump,ACCEPT,0,0,0,0,0,0,0,0,0,0,0,0
fake-nvidia-driver-jq-tmux,3,fake-nvidia-driver jq tmux,ACCEPT,0,0,0,0,0,0,0,0,0,0,0,0
fake-nvidia-driver-jq-vim,3,fake-nvidia-driver jq vim,ACCEPT,0,0,0,0,0,0,0,0,0,0,0,0
fake-nvidia-driver-jq-webserver,3,fake-nvidia-driver jq webserver,ACCEPT,0,0,0,0,0,0,0,0,0,0,0,0
fake-nvidia-driver-jq-wget,3,fake-nvidia-driver jq wget,ACCEPT,0,0,0,0,0,0,0,0,0,0,0,0
fake-nvidia-driver-jq-zstd,3,fake-nvidia-driver jq zstd,ACCEPT,0,0,0,0,0,0,0,0,0,0,0,0
fake-nvidia-driver-llvm,2,fake-nvidia-driver llvm,ACCEPT,0,0,0,0,0,0,0,0,0,0,0,0
fake-nvidia-driver-llvm-memcached,3,fake-nvidia-driver llvm memcached,ACCEPT,0,0,0,0,0,0,0,0,0,0,0,0
fake-nvidia-driver-llvm-mta-msmtp,3,fake-nvidia-driver llvm mta-msmtp,ACCEPT,0,0,0,0,0,0,0,0,0,0,0,0
fake-nvidia-driver-llvm-mta-nullmailer,3,fake-nvidia-driver llvm mta-nullmailer,ACCEPT,0,0,0,0,0,0,0,0,0,0,0,0
fake-nvidia-driver-llvm-mysql,3,fake-nvidia-driver llvm mysql,ACCEPT,0,0,0,3,0,0,0,0,0,0,0,0
fake-nvidia-driver-llvm-nc-openbsd,3,fake-nvidia-driver llvm nc-openbsd,ACCEPT,0,0,0,2,0,0,0,0,0,0,0,0
fake-nvidia-driver-llvm-nc-traditional,3,fake-nvidia-driver llvm nc-traditional,ACCEPT,0,0,0,0,0,0,0,0,0,0,0,0
fake-nvidia-driver-llvm-nvidia-driver-535,3,fake-nvidia-driver llvm nvidia-driver-535,ACCEPT,0,0,0,6,0,0,0,0,0,0,0,0
fake-nvidia-driver-llvm-original-awk,3,fake-nvidia-driver llvm original-awk,ACCEPT,0,0,0,0,0,0,0,0,0,0,0,0
fake-nvidia-driver-llvm-pgclient,3,fake-nvidia-driver llvm pgclient,ACCEPT,0,0,0,0,0,0,0,0,0,0,0,0
fake-nvidia-driver-llvm-pipdemo,3,fake-nvidia-driver llvm pipdemo,ACCEPT,0,0,0,0,0,0,0,0,0,0,0,0
fake-nvidia-driver-llvm-postgres,3,fake-nvidia-driver llvm postgres,ACCEPT,0,0,0,6,0,0,0,0,0,0,0,0
fake-nvidia-driver-llvm-pytools,3,fake-nvidia-driver llvm pytools,ACCEPT,0,0,0,1,0,0,0,0,0,0,0,0
fake-nvidia-driver-llvm-pyyaml,3,fake-nvidia-driver llvm pyyaml,ACCEPT,0,0,0,0,0,0,0,0,0,0,0,0
fake-nvidia-driver-llvm-redis,3,fake-nvidia-driver llvm redis,ACCEPT,0,0,0,1,0,0,0,0,0,0,0,0
fake-nvidia-driver-llvm-rsync,3,fake-nvidia-driver llvm rsync,ACCEPT,0,0,0,0,0,0,0,0,0,0,0,0
fake-nvidia-driver-llvm-rust,3,fake-nvidia-driver llvm rust,ACCEPT,0,0,0,23,0,0,0,0,0,0,0,0
fake-nvidia-driver-llvm-socat,3,fake-nvidia-driver llvm socat,ACCEPT,0,0,0,0,0,0,0,0,0,0,0,0
fake-nvidia-driver-llvm-sqlite,3,fake-nvidia-driver llvm sqlite,ACCEPT,0,0,0,0,0,0,0,0,0,0,0,0
fake-nvidia-driver-llvm-tcpdump,3,fake-nvidia-driver llvm tcpdump,ACCEPT,0,0,0,0,0,0,0,0,0,0,0,0
fake-nvidia-driver-llvm-tmux,3,fake-nvidia-driver llvm tmux,ACCEPT,0,0,0,0,0,0,0,0,0,0,0,0
fake-nvidia-driver-llvm-vim,3,fake-nvidia-driver llvm vim,ACCEPT,0,0,0,0,0,0,0,0,0,0,0,0
fake-nvidia-driver-llvm-webserver,3,fake-nvidia-driver llvm webserver,ACCEPT,0,0,0,4,0,0,0,0,0,0,0,0
fake-nvidia-driver-llvm-wget,3,fake-nvidia-driver llvm wget,ACCEPT,0,0,0,0,0,0,0,0,0,0,0,0
fake-nvidia-driver-llvm-zstd,3,fake-nvidia-driver llvm zstd,ACCEPT,0,0,0,0,0,0,0,0,0,0,0,0
fake-nvidia-driver-memcached,2,fake-nvidia-driver memcached,ACCEPT,0,0,0,0,0,0,0,0,0,0,0,0
fake-nvidia-driver-memcached-mta-msmtp,3,fake-nvidia-driver memcached mta-msmtp,ACCEPT,0,0,0,0,0,0,0,0,0,0,0,0
fake-nvidia-driver-memcached-mta-nullmailer,3,fake-nvidia-driver memcached mta-nullmailer,ACCEPT,0,0,0,0,0,0,0,0,0,0,0,0
fake-nvidia-driver-memcached-mysql,3,fake-nvidia-driver memcached mysql,ACCEPT,0,0,0,5,0,0,0,0,0,0,0,0
fake-nvidia-driver-memcached-nc-openbsd,3,fake-nvidia-driver memcached nc-openbsd,ACCEPT,0,0,0,0,0,0,0,0,0,0,0,0
fake-nvidia-driver-memcached-nc-traditional,3,fake-nvidia-driver memcached nc-traditional,ACCEPT,0,0,0,0,0,0,0,0,0,0,0,0
fake-nvidia-driver-memcached-nvidia-driver-535,3,fake-nvidia-driver memcached nvidia-driver-535,ACCEPT,0,0,0,0,0,0,0,0,0,0,0,0
fake-nvidia-driver-memcached-original-awk,3,fake-nvidia-driver memcached original-awk,ACCEPT,0,0,0,0,0,0,0,0,0,0,0,0
fake-nvidia-driver-memcached-pgclient,3,fake-nvidia-driver memcached pgclient,ACCEPT,0,0,0,7,0,0,0,0,0,0,0,0
fake-nvidia-driver-memcached-pipdemo,3,fake-nvidia-driver memcached pipdemo,ACCEPT,0,0,0,0,0,0,0,0,0,0,0,0
fake-nvidia-driver-memcached-postgres,3,fake-nvidia-driver memcached postgres,ACCEPT,0,0,0,7,0,0,0,0,0,0,0,0
fake-nvidia-driver-memcached-pytools,3,fake-nvidia-driver memcached pytools,ACCEPT,0,0,0,0,0,0,0,0,0,0,0,0
fake-nvidia-driver-memcached-pyyaml,3,fake-nvidia-driver memcached pyyaml,ACCEPT,0,0,0,0,0,0,0,0,0,0,0,0
fake-nvidia-driver-memcached-redis,3,fake-nvidia-driver memcached redis,ACCEPT,0,0,0,0,0,0,0,0,0,0,0,0
fake-nvidia-driver-memcached-rsync,3,fake-nvidia-driver memcached rsync,ACCEPT,0,0,0,0,0,0,0,0,0,0,0,0
fake-nvidia-driver-memcached-rust,3,fake-nvidia-driver memcached rust,ACCEPT,0,0,0,2,0,0,0,0,0,0,0,0
fake-nvidia-driver-memcached-socat,3,fake-nvidia-driver memcached socat,ACCEPT,0,0,0,0,0,0,0,0,0,0,0,0
fake-nvidia-driver-memcached-sqlite,3,fake-nvidia-driver memcached sqlite,ACCEPT,0,0,0,0,0,0,0,0,0,0,0,0
fake-nvidia-driver-memcached-tcpdump,3,fake-nvidia-driver memcached tcpdump,ACCEPT,0,0,0,0,0,0,0,0,0,0,0,0
fake-nvidia-driver-memcached-tmux,3,fake-nvidia-driver memcached tmux,ACCEPT,0,0,0,0,0,0,0,0,0,0,0,0
fake-nvidia-driver-memcached-vim,3,fake-nvidia-driver memcached vim,ACCEPT,0,0,0,0,0,0,0,0,0,0,0,0
fake-nvidia-driver-memcached-webserver,3,fake-nvidia-driver memcached webserver,ACCEPT,0,0,0,0,0,0,0,0,0,0,0,0
fake-nvidia-driver-memcached-wget,3,fake-nvidia-driver memcached wget,ACCEPT,0,0,0,0,0,0,0,0,0,0,0,0
fake-nvidia-driver-memcached-zstd,3,fake-nvidia-driver memcached zstd,ACCEPT,0,0,0,0,0,0,0,0,0,0,0,0
fake-nvidia-driver-mta-msmtp,2,fake-nvidia-driver mta-msmtp,ACCEPT,0,0,0,0,0,0,0,0,0,0,0,0
fake-nvidia-driver-mta-msmtp-mta-nullmailer,3,fake-nvidia-driver mta-msmtp mta-nullmailer,REJECT,1,2,0,0,0,2,0,4,0,0,0,0
fake-nvidia-driver-mta-msmtp-mysql,3,fake-nvidia-driver mta-msmtp mysql,ACCEPT,0,0,0,0,0,0,0,0,0,0,0,0
fake-nvidia-driver-mta-msmtp-nc-openbsd,3,fake-nvidia-driver mta-msmtp nc-openbsd,ACCEPT,0,0,0,0,0,0,0,0,0,0,0,0
fake-nvidia-driver-mta-msmtp-nc-traditional,3,fake-nvidia-driver mta-msmtp nc-traditional,ACCEPT,0,0,0,0,0,0,0,0,0,0,0,0
fake-nvidia-driver-mta-msmtp-nvidia-driver-535,3,fake-nvidia-driver mta-msmtp nvidia-driver-535,ACCEPT,0,0,0,0,0,0,0,0,0,0,0,0
fake-nvidia-driver-mta-msmtp-original-awk,3,fake-nvidia-driver mta-msmtp original-awk,ACCEPT,0,0,0,0,0,0,0,0,0,0,0,0
fake-nvidia-driver-mta-msmtp-pgclient,3,fake-nvidia-driver mta-msmtp pgclient,ACCEPT,0,0,0,0,0,0,0,0,0,0,0,0
fake-nvidia-driver-mta-msmtp-pipdemo,3,fake-nvidia-driver mta-msmtp pipdemo,ACCEPT,0,0,0,0,0,0,0,0,0,0,0,0
fake-nvidia-driver-mta-msmtp-postgres,3,fake-nvidia-driver mta-msmtp postgres,ACCEPT,0,0,0,1,0,0,0,0,0,0,0,0
fake-nvidia-driver-mta-msmtp-pytools,3,fake-nvidia-driver mta-msmtp pytools,ACCEPT,0,0,0,0,0,0,0,0,0,0,0,0
fake-nvidia-driver-mta-msmtp-pyyaml,3,fake-nvidia-driver mta-msmtp pyyaml,ACCEPT,0,0,0,0,0,0,0,0,0,0,0,0
fake-nvidia-driver-mta-msmtp-redis,3,fake-nvidia-driver mta-msmtp redis,ACCEPT,0,0,0,0,0,0,0,0,0,0,0,0
fake-nvidia-driver-mta-msmtp-rsync,3,fake-nvidia-driver mta-msmtp rsync,ACCEPT,0,0,0,0,0,0,0,0,0,0,0,0
fake-nvidia-driver-mta-msmtp-rust,3,fake-nvidia-driver mta-msmtp rust,ACCEPT,0,0,0,0,0,0,0,0,0,0,0,0
fake-nvidia-driver-mta-msmtp-socat,3,fake-nvidia-driver mta-msmtp socat,ACCEPT,0,0,0,0,0,0,0,0,0,0,0,0
fake-nvidia-driver-mta-msmtp-sqlite,3,fake-nvidia-driver mta-msmtp sqlite,ACCEPT,0,0,0,0,0,0,0,0,0,0,0,0
fake-nvidia-driver-mta-msmtp-tcpdump,3,fake-nvidia-driver mta-msmtp tcpdump,ACCEPT,0,0,0,0,0,0,0,0,0,0,0,0
fake-nvidia-driver-mta-msmtp-tmux,3,fake-nvidia-driver mta-msmtp tmux,ACCEPT,0,0,0,0,0,0,0,0,0,0,0,0
fake-nvidia-driver-mta-msmtp-vim,3,fake-nvidia-driver mta-msmtp vim,ACCEPT,0,0,0,0,0,0,0,0,0,0,0,0
fake-nvidia-driver-mta-msmtp-webserver,3,fake-nvidia-driver mta-msmtp webserver,ACCEPT,0,0,0,1,0,0,0,0,0,0,0,0
fake-nvidia-driver-mta-msmtp-wget,3,fake-nvidia-driver mta-msmtp wget,ACCEPT,0,0,0,0,0,0,0,0,0,0,0,0
fake-nvidia-driver-mta-msmtp-zstd,3,fake-nvidia-driver mta-msmtp zstd,ACCEPT,0,0,0,0,0,0,0,0,0,0,0,0
fake-nvidia-driver-mta-nullmailer,2,fake-nvidia-driver mta-nullmailer,ACCEPT,0,0,0,0,0,0,0,0,0,0,0,0
fake-nvidia-driver-mta-nullmailer-mysql,3,fake-nvidia-driver mta-nullmailer mysql,ACCEPT,0,0,0,0,0,0,0,0,0,0,0,0
fake-nvidia-driver-mta-nullmailer-nc-openbsd,3,fake-nvidia-driver mta-nullmailer nc-openbsd,ACCEPT,0,0,0,0,0,0,0,0,0,0,0,0
fake-nvidia-driver-mta-nullmailer-nc-traditional,3,fake-nvidia-driver mta-nullmailer nc-traditional,ACCEPT,0,0,0,0,0,0,0,0,0,0,0,0
fake-nvidia-driver-mta-nullmailer-nvidia-driver-535,3,fake-nvidia-driver mta-nullmailer nvidia-driver-535,ACCEPT,0,0,0,0,0,0,0,0,0,0,0,0
fake-nvidia-driver-mta-nullmailer-original-awk,3,fake-nvidia-driver mta-nullmailer original-awk,ACCEPT,0,0,0,0,0,0,0,0,0,0,0,0
fake-nvidia-driver-mta-nullmailer-pgclient,3,fake-nvidia-driver mta-nullmailer pgclient,ACCEPT,0,0,0,0,0,0,0,0,0,0,0,0
fake-nvidia-driver-mta-nullmailer-pipdemo,3,fake-nvidia-driver mta-nullmailer pipdemo,ACCEPT,0,0,0,0,0,0,0,0,0,0,0,0
fake-nvidia-driver-mta-nullmailer-postgres,3,fake-nvidia-driver mta-nullmailer postgres,ACCEPT,0,0,0,0,0,0,0,0,0,0,0,0
fake-nvidia-driver-mta-nullmailer-pytools,3,fake-nvidia-driver mta-nullmailer pytools,ACCEPT,0,0,0,0,0,0,0,0,0,0,0,0
fake-nvidia-driver-mta-nullmailer-pyyaml,3,fake-nvidia-driver mta-nullmailer pyyaml,ACCEPT,0,0,0,0,0,0,0,0,0,0,0,0
fake-nvidia-driver-mta-nullmailer-redis,3,fake-nvidia-driver mta-nullmailer redis,ACCEPT,0,0,0,0,0,0,0,0,0,0,0,0
fake-nvidia-driver-mta-nullmailer-rsync,3,fake-nvidia-driver mta-nullmailer rsync,ACCEPT,0,0,0,0,0,0,0,0,0,0,0,0
fake-nvidia-driver-mta-nullmailer-rust,3,fake-nvidia-driver mta-nullmailer rust,ACCEPT,0,0,0,0,0,0,0,0,0,0,0,0
fake-nvidia-driver-mta-nullmailer-socat,3,fake-nvidia-driver mta-nullmailer socat,ACCEPT,0,0,0,0,0,0,0,0,0,0,0,0
fake-nvidia-driver-mta-nullmailer-sqlite,3,fake-nvidia-driver mta-nullmailer sqlite,ACCEPT,0,0,0,0,0,0,0,0,0,0,0,0
fake-nvidia-driver-mta-nullmailer-tcpdump,3,fake-nvidia-driver mta-nullmailer tcpdump,ACCEPT,0,0,0,0,0,0,0,0,0,0,0,0
fake-nvidia-driver-mta-nullmailer-tmux,3,fake-nvidia-driver mta-nullmailer tmux,ACCEPT,0,0,0,0,0,0,0,0,0,0,0,0
fake-nvidia-driver-mta-nullmailer-vim,3,fake-nvidia-driver mta-nullmailer vim,ACCEPT,0,0,0,0,0,0,0,0,0,0,0,0
fake-nvidia-driver-mta-nullmailer-webserver,3,fake-nvidia-driver mta-nullmailer webserver,ACCEPT,0,0,0,0,0,0,0,0,0,0,0,0
fake-nvidia-driver-mta-nullmailer-wget,3,fake-nvidia-driver mta-nullmailer wget,ACCEPT,0,0,0,0,0,0,0,0,0,0,0,0
fake-nvidia-driver-mta-nullmailer-zstd,3,fake-nvidia-driver mta-nullmailer zstd,ACCEPT,0,0,0,0,0,0,0,0,0,0,0,0
fake-nvidia-driver-mysql,2,fake-nvidia-driver mysql,ACCEPT,0,0,0,0,0,0,0,0,0,0,0,0
fake-nvidia-driver-mysql-nc-openbsd,3,fake-nvidia-driver mysql nc-openbsd,ACCEPT,0,0,0,2,0,0,0,0,0,0,0,0
fake-nvidia-driver-mysql-nc-traditional,3,fake-nvidia-driver mysql nc-traditional,ACCEPT,0,0,0,0,0,0,0,0,0,0,0,0
fake-nvidia-driver-mysql-nvidia-driver-535,3,fake-nvidia-driver mysql nvidia-driver-535,ACCEPT,0,0,0,0,0,0,0,0,0,0,0,0
fake-nvidia-driver-mysql-original-awk,3,fake-nvidia-driver mysql original-awk,ACCEPT,0,0,0,0,0,0,0,0,0,0,0,0
fake-nvidia-driver-mysql-pgclient,3,fake-nvidia-driver mysql pgclient,ACCEPT,0,0,0,7,0,0,0,0,0,0,0,0
fake-nvidia-driver-mysql-pipdemo,3,fake-nvidia-driver mysql pipdemo,ACCEPT,0,0,0,2,0,0,0,0,0,0,0,0
fake-nvidia-driver-mysql-postgres,3,fake-nvidia-driver mysql postgres,ACCEPT,0,0,0,10,0,0,0,0,0,0,0,0
fake-nvidia-driver-mysql-pytools,3,fake-nvidia-driver mysql pytools,ACCEPT,0,0,0,2,0,0,0,0,0,0,0,0
fake-nvidia-driver-mysql-pyyaml,3,fake-nvidia-driver mysql pyyaml,ACCEPT,0,0,0,2,0,0,0,0,0,0,0,0
fake-nvidia-driver-mysql-redis,3,fake-nvidia-driver mysql redis,ACCEPT,0,0,0,0,0,0,0,0,0,0,0,0
fake-nvidia-driver-mysql-rsync,3,fake-nvidia-driver mysql rsync,ACCEPT,0,0,0,2,0,0,0,0,0,0,0,0
fake-nvidia-driver-mysql-rust,3,fake-nvidia-driver mysql rust,ACCEPT,0,0,0,1,0,0,0,0,0,0,0,0
fake-nvidia-driver-mysql-socat,3,fake-nvidia-driver mysql socat,ACCEPT,0,0,0,2,0,0,0,0,0,0,0,0
fake-nvidia-driver-mysql-sqlite,3,fake-nvidia-driver mysql sqlite,ACCEPT,0,0,0,2,0,0,0,0,0,0,0,0
fake-nvidia-driver-mysql-tcpdump,3,fake-nvidia-driver mysql tcpdump,ACCEPT,0,0,0,0,0,0,0,0,0,0,0,0
fake-nvidia-driver-mysql-tmux,3,fake-nvidia-driver mysql tmux,ACCEPT,0,0,0,0,0,0,0,0,0,0,0,0
fake-nvidia-driver-mysql-vim,3,fake-nvidia-driver mysql vim,ACCEPT,0,0,0,2,0,0,0,0,0,0,0,0
fake-nvidia-driver-mysql-webserver,3,fake-nvidia-driver mysql webserver,ACCEPT,0,0,0,8,0,0,0,0,0,0,0,0
fake-nvidia-driver-mysql-wget,3,fake-nvidia-driver mysql wget,ACCEPT,0,0,0,0,0,0,0,0,0,0,0,0
fake-nvidia-driver-mysql-zstd,3,fake-nvidia-driver mysql zstd,ACCEPT,0,0,0,0,0,0,0,0,0,0,0,0
fake-nvidia-driver-nc-openbsd,2,fake-nvidia-driver nc-openbsd,ACCEPT,0,0,0,0,0,0,0,0,0,0,0,0
fake-nvidia-driver-nc-openbsd-nc-traditional,3,fake-nvidia-driver nc-openbsd nc-traditional,ACCEPT,0,0,0,0,0,0,0,0,0,0,0,0
fake-nvidia-driver-nc-openbsd-nvidia-driver-535,3,fake-nvidia-driver nc-openbsd nvidia-driver-535,ACCEPT,0,0,0,0,0,0,0,0,0,0,0,0
fake-nvidia-driver-nc-openbsd-original-awk,3,fake-nvidia-driver nc-openbsd original-awk,ACCEPT,0,0,0,0,0,0,0,0,0,0,0,0
fake-nvidia-driver-nc-openbsd-pgclient,3,fake-nvidia-driver nc-openbsd pgclient,ACCEPT,0,0,0,0,0,0,0,0,0,0,0,0
fake-nvidia-driver-nc-openbsd-pipdemo,3,fake-nvidia-driver nc-openbsd pipdemo,ACCEPT,0,0,0,0,0,0,0,0,0,0,0,0
fake-nvidia-driver-nc-openbsd-postgres,3,fake-nvidia-driver nc-openbsd postgres,ACCEPT,0,0,0,2,0,0,0,0,0,0,0,0
fake-nvidia-driver-nc-openbsd-pytools,3,fake-nvidia-driver nc-openbsd pytools,ACCEPT,0,0,0,0,0,0,0,0,0,0,0,0
fake-nvidia-driver-nc-openbsd-pyyaml,3,fake-nvidia-driver nc-openbsd pyyaml,ACCEPT,0,0,0,0,0,0,0,0,0,0,0,0
fake-nvidia-driver-nc-openbsd-redis,3,fake-nvidia-driver nc-openbsd redis,ACCEPT,0,0,0,0,0,0,0,0,0,0,0,0
fake-nvidia-driver-nc-openbsd-rsync,3,fake-nvidia-driver nc-openbsd rsync,ACCEPT,0,0,0,0,0,0,0,0,0,0,0,0
fake-nvidia-driver-nc-openbsd-rust,3,fake-nvidia-driver nc-openbsd rust,ACCEPT,0,0,0,0,0,0,0,0,0,0,0,0
fake-nvidia-driver-nc-openbsd-socat,3,fake-nvidia-driver nc-openbsd socat,ACCEPT,0,0,0,0,0,0,0,0,0,0,0,0
fake-nvidia-driver-nc-openbsd-sqlite,3,fake-nvidia-driver nc-openbsd sqlite,ACCEPT,0,0,0,0,0,0,0,0,0,0,0,0
fake-nvidia-driver-nc-openbsd-tcpdump,3,fake-nvidia-driver nc-openbsd tcpdump,ACCEPT,0,0,0,0,0,0,0,0,0,0,0,0
fake-nvidia-driver-nc-openbsd-tmux,3,fake-nvidia-driver nc-openbsd tmux,ACCEPT,0,0,0,0,0,0,0,0,0,0,0,0
fake-nvidia-driver-nc-openbsd-vim,3,fake-nvidia-driver nc-openbsd vim,ACCEPT,0,0,0,0,0,0,0,0,0,0,0,0
fake-nvidia-driver-nc-openbsd-webserver,3,fake-nvidia-driver nc-openbsd webserver,ACCEPT,0,0,0,2,0,0,0,0,0,0,0,0
fake-nvidia-driver-nc-openbsd-wget,3,fake-nvidia-driver nc-openbsd wget,ACCEPT,0,0,0,0,0,0,0,0,0,0,0,0
fake-nvidia-driver-nc-openbsd-zstd,3,fake-nvidia-driver nc-openbsd zstd,ACCEPT,0,0,0,0,0,0,0,0,0,0,0,0
fake-nvidia-driver-nc-traditional,2,fake-nvidia-driver nc-traditional,ACCEPT,0,0,0,0,0,0,0,0,0,0,0,0
fake-nvidia-driver-nc-traditional-nvidia-driver-535,3,fake-nvidia-driver nc-traditional nvidia-driver-535,ACCEPT,0,0,0,0,0,0,0,0,0,0,0,0
fake-nvidia-driver-nc-traditional-original-awk,3,fake-nvidia-driver nc-traditional original-awk,ACCEPT,0,0,0,0,0,0,0,0,0,0,0,0
fake-nvidia-driver-nc-traditional-pgclient,3,fake-nvidia-driver nc-traditional pgclient,ACCEPT,0,0,0,0,0,0,0,0,0,0,0,0
fake-nvidia-driver-nc-traditional-pipdemo,3,fake-nvidia-driver nc-traditional pipdemo,ACCEPT,0,0,0,0,0,0,0,0,0,0,0,0
fake-nvidia-driver-nc-traditional-postgres,3,fake-nvidia-driver nc-traditional postgres,ACCEPT,0,0,0,0,0,0,0,0,0,0,0,0
fake-nvidia-driver-nc-traditional-pytools,3,fake-nvidia-driver nc-traditional pytools,ACCEPT,0,0,0,0,0,0,0,0,0,0,0,0
fake-nvidia-driver-nc-traditional-pyyaml,3,fake-nvidia-driver nc-traditional pyyaml,ACCEPT,0,0,0,0,0,0,0,0,0,0,0,0
fake-nvidia-driver-nc-traditional-redis,3,fake-nvidia-driver nc-traditional redis,ACCEPT,0,0,0,0,0,0,0,0,0,0,0,0
fake-nvidia-driver-nc-traditional-rsync,3,fake-nvidia-driver nc-traditional rsync,ACCEPT,0,0,0,0,0,0,0,0,0,0,0,0
fake-nvidia-driver-nc-traditional-rust,3,fake-nvidia-driver nc-traditional rust,ACCEPT,0,0,0,0,0,0,0,0,0,0,0,0
fake-nvidia-driver-nc-traditional-socat,3,fake-nvidia-driver nc-traditional socat,ACCEPT,0,0,0,0,0,0,0,0,0,0,0,0
fake-nvidia-driver-nc-traditional-sqlite,3,fake-nvidia-driver nc-traditional sqlite,ACCEPT,0,0,0,0,0,0,0,0,0,0,0,0
fake-nvidia-driver-nc-traditional-tcpdump,3,fake-nvidia-driver nc-traditional tcpdump,ACCEPT,0,0,0,0,0,0,0,0,0,0,0,0
fake-nvidia-driver-nc-traditional-tmux,3,fake-nvidia-driver nc-traditional tmux,ACCEPT,0,0,0,0,0,0,0,0,0,0,0,0
fake-nvidia-driver-nc-traditional-vim,3,fake-nvidia-driver nc-traditional vim,ACCEPT,0,0,0,0,0,0,0,0,0,0,0,0
fake-nvidia-driver-nc-traditional-webserver,3,fake-nvidia-driver nc-traditional webserver,ACCEPT,0,0,0,0,0,0,0,0,0,0,0,0
fake-nvidia-driver-nc-traditional-wget,3,fake-nvidia-driver nc-traditional wget,ACCEPT,0,0,0,0,0,0,0,0,0,0,0,0
fake-nvidia-driver-nc-traditional-zstd,3,fake-nvidia-driver nc-traditional zstd,ACCEPT,0,0,0,0,0,0,0,0,0,0,0,0
fake-nvidia-driver-nvidia-driver-535,2,fake-nvidia-driver nvidia-driver-535,ACCEPT,0,0,0,0,0,0,0,0,0,0,0,0
fake-nvidia-driver-nvidia-driver-535-original-awk,3,fake-nvidia-driver nvidia-driver-535 original-awk,ACCEPT,0,0,0,0,0,0,0,0,0,0,0,0
fake-nvidia-driver-nvidia-driver-535-pgclient,3,fake-nvidia-driver nvidia-driver-535 pgclient,ACCEPT,0,0,0,0,0,0,0,0,0,0,0,0
fake-nvidia-driver-nvidia-driver-535-pipdemo,3,fake-nvidia-driver nvidia-driver-535 pipdemo,ACCEPT,0,0,0,0,0,0,0,0,0,0,0,0
fake-nvidia-driver-nvidia-driver-535-postgres,3,fake-nvidia-driver nvidia-driver-535 postgres,ACCEPT,0,0,0,0,0,0,0,0,0,0,0,0
fake-nvidia-driver-nvidia-driver-535-pytools,3,fake-nvidia-driver nvidia-driver-535 pytools,ACCEPT,0,0,0,0,0,0,0,0,0,0,0,0
fake-nvidia-driver-nvidia-driver-535-pyyaml,3,fake-nvidia-driver nvidia-driver-535 pyyaml,ACCEPT,0,0,0,0,0,0,0,0,0,0,0,0
fake-nvidia-driver-nvidia-driver-535-redis,3,fake-nvidia-driver nvidia-driver-535 redis,ACCEPT,0,0,0,0,0,0,0,0,0,0,0,0
fake-nvidia-driver-nvidia-driver-535-rsync,3,fake-nvidia-driver nvidia-driver-535 rsync,ACCEPT,0,0,0,0,0,0,0,0,0,0,0,0
fake-nvidia-driver-nvidia-driver-535-rust,3,fake-nvidia-driver nvidia-driver-535 rust,ACCEPT,0,0,0,6,0,0,0,0,0,0,0,0
fake-nvidia-driver-nvidia-driver-535-socat,3,fake-nvidia-driver nvidia-driver-535 socat,ACCEPT,0,0,0,0,0,0,0,0,0,0,0,0
fake-nvidia-driver-nvidia-driver-535-sqlite,3,fake-nvidia-driver nvidia-driver-535 sqlite,ACCEPT,0,0,0,0,0,0,0,0,0,0,0,0
fake-nvidia-driver-nvidia-driver-535-tcpdump,3,fake-nvidia-driver nvidia-driver-535 tcpdump,ACCEPT,0,0,0,0,0,0,0,0,0,0,0,0
fake-nvidia-driver-nvidia-driver-535-tmux,3,fake-nvidia-driver nvidia-driver-535 tmux,ACCEPT,0,0,0,0,0,0,0,0,0,0,0,0
fake-nvidia-driver-nvidia-driver-535-vim,3,fake-nvidia-driver nvidia-driver-535 vim,ACCEPT,0,0,0,0,0,0,0,0,0,0,0,0
fake-nvidia-driver-nvidia-driver-535-webserver,3,fake-nvidia-driver nvidia-driver-535 webserver,ACCEPT,0,0,0,0,0,0,0,0,0,0,0,0
fake-nvidia-driver-nvidia-driver-535-wget,3,fake-nvidia-driver nvidia-driver-535 wget,ACCEPT,0,0,0,0,0,0,0,0,0,0,0,0
fake-nvidia-driver-nvidia-driver-535-zstd,3,fake-nvidia-driver nvidia-driver-535 zstd,ACCEPT,0,0,0,0,0,0,0,0,0,0,0,0
fake-nvidia-driver-original-awk,2,fake-nvidia-driver original-awk,ACCEPT,0,0,0,0,0,0,0,0,0,0,0,0
fake-nvidia-driver-original-awk-pgclient,3,fake-nvidia-driver original-awk pgclient,ACCEPT,0,0,0,0,0,0,0,0,0,0,0,0
fake-nvidia-driver-original-awk-pipdemo,3,fake-nvidia-driver original-awk pipdemo,ACCEPT,0,0,0,0,0,0,0,0,0,0,0,0
fake-nvidia-driver-original-awk-postgres,3,fake-nvidia-driver original-awk postgres,ACCEPT,0,0,0,0,0,0,0,0,0,0,0,0
fake-nvidia-driver-original-awk-pytools,3,fake-nvidia-driver original-awk pytools,ACCEPT,0,0,0,0,0,0,0,0,0,0,0,0
fake-nvidia-driver-original-awk-pyyaml,3,fake-nvidia-driver original-awk pyyaml,ACCEPT,0,0,0,0,0,0,0,0,0,0,0,0
fake-nvidia-driver-original-awk-redis,3,fake-nvidia-driver original-awk redis,ACCEPT,0,0,0,0,0,0,0,0,0,0,0,0
fake-nvidia-driver-original-awk-rsync,3,fake-nvidia-driver original-awk rsync,ACCEPT,0,0,0,0,0,0,0,0,0,0,0,0
fake-nvidia-driver-original-awk-rust,3,fake-nvidia-driver original-awk rust,ACCEPT,0,0,0,0,0,0,0,0,0,0,0,0
fake-nvidia-driver-original-awk-socat,3,fake-nvidia-driver original-awk socat,ACCEPT,0,0,0,0,0,0,0,0,0,0,0,0
fake-nvidia-driver-original-awk-sqlite,3,fake-nvidia-driver original-awk sqlite,ACCEPT,0,0,0,0,0,0,0,0,0,0,0,0
fake-nvidia-driver-original-awk-tcpdump,3,fake-nvidia-driver original-awk tcpdump,ACCEPT,0,0,0,0,0,0,0,0,0,0,0,0
fake-nvidia-driver-original-awk-tmux,3,fake-nvidia-driver original-awk tmux,ACCEPT,0,0,0,0,0,0,0,0,0,0,0,0
fake-nvidia-driver-original-awk-vim,3,fake-nvidia-driver original-awk vim,ACCEPT,0,0,0,0,0,0,0,0,0,0,0,0
fake-nvidia-driver-original-awk-webserver,3,fake-nvidia-driver original-awk webserver,ACCEPT,0,0,0,0,0,0,0,0,0,0,0,0
fake-nvidia-driver-original-awk-wget,3,fake-nvidia-driver original-awk wget,ACCEPT,0,0,0,0,0,0,0,0,0,0,0,0
fake-nvidia-driver-original-awk-zstd,3,fake-nvidia-driver original-awk zstd,ACCEPT,0,0,0,0,0,0,0,0,0,0,0,0
fake-nvidia-driver-pgclient,2,fake-nvidia-driver pgclient,ACCEPT,0,0,0,0,0,0,0,0,0,0,0,0
fake-nvidia-driver-pgclient-pipdemo,3,fake-nvidia-driver pgclient pipdemo,ACCEPT,0,0,0,2,0,0,0,0,0,0,0,0
fake-nvidia-driver-pgclient-postgres,3,fake-nvidia-driver pgclient postgres,ACCEPT,0,0,0,14,0,0,0,0,0,0,0,0
fake-nvidia-driver-pgclient-pytools,3,fake-nvidia-driver pgclient pytools,ACCEPT,0,0,0,2,0,0,0,0,0,0,0,0
fake-nvidia-driver-pgclient-pyyaml,3,fake-nvidia-driver pgclient pyyaml,ACCEPT,0,0,0,2,0,0,0,0,0,0,0,0
fake-nvidia-driver-pgclient-redis,3,fake-nvidia-driver pgclient redis,ACCEPT,0,0,0,0,0,0,0,0,0,0,0,0
fake-nvidia-driver-pgclient-rsync,3,fake-nvidia-driver pgclient rsync,ACCEPT,0,0,0,0,0,0,0,0,0,0,0,0
fake-nvidia-driver-pgclient-rust,3,fake-nvidia-driver pgclient rust,ACCEPT,0,0,0,3,0,0,0,0,0,0,0,0
fake-nvidia-driver-pgclient-socat,3,fake-nvidia-driver pgclient socat,ACCEPT,0,0,0,0,0,0,0,0,0,0,0,0
fake-nvidia-driver-pgclient-sqlite,3,fake-nvidia-driver pgclient sqlite,ACCEPT,0,0,0,2,0,0,0,0,0,0,0,0
fake-nvidia-driver-pgclient-tcpdump,3,fake-nvidia-driver pgclient tcpdump,ACCEPT,0,0,0,0,0,0,0,0,0,0,0,0
fake-nvidia-driver-pgclient-tmux,3,fake-nvidia-driver pgclient tmux,ACCEPT,0,0,0,0,0,0,0,0,0,0,0,0
fake-nvidia-driver-pgclient-vim,3,fake-nvidia-driver pgclient vim,ACCEPT,0,0,0,2,0,0,0,0,0,0,0,0
fake-nvidia-driver-pgclient-webserver,3,fake-nvidia-driver pgclient webserver,ACCEPT,0,0,0,0,0,0,0,0,0,0,0,0
fake-nvidia-driver-pgclient-wget,3,fake-nvidia-driver pgclient wget,ACCEPT,0,0,0,0,0,0,0,0,0,0,0,0
fake-nvidia-driver-pgclient-zstd,3,fake-nvidia-driver pgclient zstd,ACCEPT,0,0,0,0,0,0,0,0,0,0,0,0
fake-nvidia-driver-pipdemo,2,fake-nvidia-driver pipdemo,ACCEPT,0,0,0,0,0,0,0,0,0,0,0,0
fake-nvidia-driver-pipdemo-postgres,3,fake-nvidia-driver pipdemo postgres,ACCEPT,0,0,0,2,0,0,0,0,0,0,0,0
fake-nvidia-driver-pipdemo-pytools,3,fake-nvidia-driver pipdemo pytools,ACCEPT,0,0,0,19,0,0,0,0,0,0,0,0
fake-nvidia-driver-pipdemo-pyyaml,3,fake-nvidia-driver pipdemo pyyaml,ACCEPT,0,0,0,13,0,0,0,0,0,0,0,0
fake-nvidia-driver-pipdemo-redis,3,fake-nvidia-driver pipdemo redis,ACCEPT,0,0,0,0,0,0,0,0,0,0,0,0
fake-nvidia-driver-pipdemo-rsync,3,fake-nvidia-driver pipdemo rsync,ACCEPT,0,0,0,0,0,0,0,0,0,0,0,0
fake-nvidia-driver-pipdemo-rust,3,fake-nvidia-driver pipdemo rust,ACCEPT,0,0,0,0,0,0,0,0,0,0,0,0
fake-nvidia-driver-pipdemo-socat,3,fake-nvidia-driver pipdemo socat,ACCEPT,0,0,0,0,0,0,0,0,0,0,0,0
fake-nvidia-driver-pipdemo-sqlite,3,fake-nvidia-driver pipdemo sqlite,ACCEPT,0,0,0,3,0,0,0,0,0,0,0,0
fake-nvidia-driver-pipdemo-tcpdump,3,fake-nvidia-driver pipdemo tcpdump,ACCEPT,0,0,0,0,0,0,0,0,0,0,0,0
fake-nvidia-driver-pipdemo-tmux,3,fake-nvidia-driver pipdemo tmux,ACCEPT,0,0,0,0,0,0,0,0,0,0,0,0
fake-nvidia-driver-pipdemo-vim,3,fake-nvidia-driver pipdemo vim,ACCEPT,0,0,0,8,0,0,0,0,0,0,0,0
fake-nvidia-driver-pipdemo-webserver,3,fake-nvidia-driver pipdemo webserver,ACCEPT,0,0,0,1,0,0,0,0,0,0,0,0
fake-nvidia-driver-pipdemo-wget,3,fake-nvidia-driver pipdemo wget,ACCEPT,0,0,0,0,0,0,0,0,0,0,0,0
fake-nvidia-driver-pipdemo-zstd,3,fake-nvidia-driver pipdemo zstd,ACCEPT,0,0,0,0,0,0,0,0,0,0,0,0
fake-nvidia-driver-postgres,2,fake-nvidia-driver postgres,ACCEPT,0,0,0,0,0,0,0,0,0,0,0,0
fake-nvidia-driver-postgres-pytools,3,fake-nvidia-driver postgres pytools,ACCEPT,0,0,0,2,0,0,0,0,0,0,0,0
fake-nvidia-driver-postgres-pyyaml,3,fake-nvidia-driver postgres pyyaml,ACCEPT,0,0,0,2,0,0,0,0,0,0,0,0
fake-nvidia-driver-postgres-redis,3,fake-nvidia-driver postgres redis,ACCEPT,0,0,0,0,0,0,0,0,0,0,0,0
fake-nvidia-driver-postgres-rsync,3,fake-nvidia-driver postgres rsync,ACCEPT,0,0,0,0,0,0,0,0,0,0,0,0
fake-nvidia-driver-postgres-rust,3,fake-nvidia-driver postgres rust,ACCEPT,0,0,0,3,0,0,0,0,0,0,0,0
fake-nvidia-driver-postgres-socat,3,fake-nvidia-driver postgres socat,ACCEPT,0,0,0,0,0,0,0,0,0,0,0,0
fake-nvidia-driver-postgres-sqlite,3,fake-nvidia-driver postgres sqlite,ACCEPT,0,0,0,2,0,0,0,0,0,0,0,0
fake-nvidia-driver-postgres-tcpdump,3,fake-nvidia-driver postgres tcpdump,ACCEPT,0,0,0,0,0,0,0,0,0,0,0,0
fake-nvidia-driver-postgres-tmux,3,fake-nvidia-driver postgres tmux,ACCEPT,0,0,0,0,0,0,0,0,0,0,0,0
fake-nvidia-driver-postgres-vim,3,fake-nvidia-driver postgres vim,ACCEPT,0,0,0,2,0,0,0,0,0,0,0,0
fake-nvidia-driver-postgres-webserver,3,fake-nvidia-driver postgres webserver,ACCEPT,0,0,0,6,0,0,0,0,0,0,0,0
fake-nvidia-driver-postgres-wget,3,fake-nvidia-driver postgres wget,ACCEPT,0,0,0,0,0,0,0,0,0,0,0,0
fake-nvidia-driver-postgres-zstd,3,fake-nvidia-driver postgres zstd,ACCEPT,0,0,0,0,0,0,0,0,0,0,0,0
fake-nvidia-driver-pytools,2,fake-nvidia-driver pytools,ACCEPT,0,0,0,0,0,0,0,0,0,0,0,0
fake-nvidia-driver-pytools-pyyaml,3,fake-nvidia-driver pytools pyyaml,ACCEPT,0,0,0,13,0,0,0,0,0,0,0,0
fake-nvidia-driver-pytools-redis,3,fake-nvidia-driver pytools redis,ACCEPT,0,0,0,0,0,0,0,0,0,0,0,0
fake-nvidia-driver-pytools-rsync,3,fake-nvidia-driver pytools rsync,ACCEPT,0,0,0,0,0,0,0,0,0,0,0,0
fake-nvidia-driver-pytools-rust,3,fake-nvidia-driver pytools rust,ACCEPT,0,0,0,1,0,0,0,0,0,0,0,0
fake-nvidia-driver-pytools-socat,3,fake-nvidia-driver pytools socat,ACCEPT,0,0,0,0,0,0,0,0,0,0,0,0
fake-nvidia-driver-pytools-sqlite,3,fake-nvidia-driver pytools sqlite,ACCEPT,0,0,0,3,0,0,0,0,0,0,0,0
fake-nvidia-driver-pytools-tcpdump,3,fake-nvidia-driver pytools tcpdump,ACCEPT,0,0,0,0,0,0,0,0,0,0,0,0
fake-nvidia-driver-pytools-tmux,3,fake-nvidia-driver pytools tmux,ACCEPT,0,0,0,0,0,0,0,0,0,0,0,0
fake-nvidia-driver-pytools-vim,3,fake-nvidia-driver pytools vim,ACCEPT,0,0,0,8,0,0,0,0,0,0,0,0
fake-nvidia-driver-pytools-webserver,3,fake-nvidia-driver pytools webserver,ACCEPT,0,0,0,1,0,0,0,0,0,0,0,0
fake-nvidia-driver-pytools-wget,3,fake-nvidia-driver pytools wget,ACCEPT,0,0,0,0,0,0,0,0,0,0,0,0
fake-nvidia-driver-pytools-zstd,3,fake-nvidia-driver pytools zstd,ACCEPT,0,0,0,0,0,0,0,0,0,0,0,0
fake-nvidia-driver-pyyaml,2,fake-nvidia-driver pyyaml,ACCEPT,0,0,0,0,0,0,0,0,0,0,0,0
fake-nvidia-driver-pyyaml-redis,3,fake-nvidia-driver pyyaml redis,ACCEPT,0,0,0,0,0,0,0,0,0,0,0,0
fake-nvidia-driver-pyyaml-rsync,3,fake-nvidia-driver pyyaml rsync,ACCEPT,0,0,0,0,0,0,0,0,0,0,0,0
fake-nvidia-driver-pyyaml-rust,3,fake-nvidia-driver pyyaml rust,ACCEPT,0,0,0,0,0,0,0,0,0,0,0,0
fake-nvidia-driver-pyyaml-socat,3,fake-nvidia-driver pyyaml socat,ACCEPT,0,0,0,0,0,0,0,0,0,0,0,0
fake-nvidia-driver-pyyaml-sqlite,3,fake-nvidia-driver pyyaml sqlite,ACCEPT,0,0,0,3,0,0,0,0,0,0,0,0
fake-nvidia-driver-pyyaml-tcpdump,3,fake-nvidia-driver pyyaml tcpdump,ACCEPT,0,0,0,0,0,0,0,0,0,0,0,0
fake-nvidia-driver-pyyaml-tmux,3,fake-nvidia-driver pyyaml tmux,ACCEPT,0,0,0,0,0,0,0,0,0,0,0,0
fake-nvidia-driver-pyyaml-vim,3,fake-nvidia-driver pyyaml vim,ACCEPT,0,0,0,8,0,0,0,0,0,0,0,0
fake-nvidia-driver-pyyaml-webserver,3,fake-nvidia-driver pyyaml webserver,ACCEPT,0,0,0,1,0,0,0,0,0,0,0,0
fake-nvidia-driver-pyyaml-wget,3,fake-nvidia-driver pyyaml wget,ACCEPT,0,0,0,0,0,0,0,0,0,0,0,0
fake-nvidia-driver-pyyaml-zstd,3,fake-nvidia-driver pyyaml zstd,ACCEPT,0,0,0,0,0,0,0,0,0,0,0,0
fake-nvidia-driver-redis,2,fake-nvidia-driver redis,ACCEPT,0,0,0,0,0,0,0,0,0,0,0,0
fake-nvidia-driver-redis-rsync,3,fake-nvidia-driver redis rsync,ACCEPT,0,0,0,0,0,0,0,0,0,0,0,0
fake-nvidia-driver-redis-rust,3,fake-nvidia-driver redis rust,ACCEPT,0,0,0,1,0,0,0,0,0,0,0,0
fake-nvidia-driver-redis-socat,3,fake-nvidia-driver redis socat,ACCEPT,0,0,0,0,0,0,0,0,0,0,0,0
fake-nvidia-driver-redis-sqlite,3,fake-nvidia-driver redis sqlite,ACCEPT,0,0,0,0,0,0,0,0,0,0,0,0
fake-nvidia-driver-redis-tcpdump,3,fake-nvidia-driver redis tcpdump,ACCEPT,0,0,0,0,0,0,0,0,0,0,0,0
fake-nvidia-driver-redis-tmux,3,fake-nvidia-driver redis tmux,ACCEPT,0,0,0,0,0,0,0,0,0,0,0,0
fake-nvidia-driver-redis-vim,3,fake-nvidia-driver redis vim,ACCEPT,0,0,0,0,0,0,0,0,0,0,0,0
fake-nvidia-driver-redis-webserver,3,fake-nvidia-driver redis webserver,ACCEPT,0,0,0,0,0,0,0,0,0,0,0,0
fake-nvidia-driver-redis-wget,3,fake-nvidia-driver redis wget,ACCEPT,0,0,0,0,0,0,0,0,0,0,0,0
fake-nvidia-driver-redis-zstd,3,fake-nvidia-driver redis zstd,ACCEPT,0,0,0,0,0,0,0,0,0,0,0,0
fake-nvidia-driver-rsync,2,fake-nvidia-driver rsync,ACCEPT,0,0,0,0,0,0,0,0,0,0,0,0
fake-nvidia-driver-rsync-rust,3,fake-nvidia-driver rsync rust,ACCEPT,0,0,0,0,0,0,0,0,0,0,0,0
fake-nvidia-driver-rsync-socat,3,fake-nvidia-driver rsync socat,ACCEPT,0,0,0,0,0,0,0,0,0,0,0,0
fake-nvidia-driver-rsync-sqlite,3,fake-nvidia-driver rsync sqlite,ACCEPT,0,0,0,0,0,0,0,0,0,0,0,0
fake-nvidia-driver-rsync-tcpdump,3,fake-nvidia-driver rsync tcpdump,ACCEPT,0,0,0,0,0,0,0,0,0,0,0,0
fake-nvidia-driver-rsync-tmux,3,fake-nvidia-driver rsync tmux,ACCEPT,0,0,0,0,0,0,0,0,0,0,0,0
fake-nvidia-driver-rsync-vim,3,fake-nvidia-driver rsync vim,ACCEPT,0,0,0,0,0,0,0,0,0,0,0,0
fake-nvidia-driver-rsync-webserver,3,fake-nvidia-driver rsync webserver,ACCEPT,0,0,0,0,0,0,0,0,0,0,0,0
fake-nvidia-driver-rsync-wget,3,fake-nvidia-driver rsync wget,ACCEPT,0,0,0,0,0,0,0,0,0,0,0,0
fake-nvidia-driver-rsync-zstd,3,fake-nvidia-driver rsync zstd,ACCEPT,0,0,0,0,0,0,0,0,0,0,0,0
fake-nvidia-driver-rust,2,fake-nvidia-driver rust,ACCEPT,0,0,0,0,0,0,0,0,0,0,0,0
fake-nvidia-driver-rust-socat,3,fake-nvidia-driver rust socat,ACCEPT,0,0,0,0,0,0,0,0,0,0,0,0
fake-nvidia-driver-rust-sqlite,3,fake-nvidia-driver rust sqlite,ACCEPT,0,0,0,0,0,0,0,0,0,0,0,0
fake-nvidia-driver-rust-tcpdump,3,fake-nvidia-driver rust tcpdump,ACCEPT,0,0,0,0,0,0,0,0,0,0,0,0
fake-nvidia-driver-rust-tmux,3,fake-nvidia-driver rust tmux,ACCEPT,0,0,0,0,0,0,0,0,0,0,0,0
fake-nvidia-driver-rust-vim,3,fake-nvidia-driver rust vim,ACCEPT,0,0,0,0,0,0,0,0,0,0,0,0
fake-nvidia-driver-rust-webserver,3,fake-nvidia-driver rust webserver,ACCEPT,0,0,0,1,0,0,0,0,0,0,0,0
fake-nvidia-driver-rust-wget,3,fake-nvidia-driver rust wget,ACCEPT,0,0,0,1,0,0,0,0,0,0,0,0
fake-nvidia-driver-rust-zstd,3,fake-nvidia-driver rust zstd,ACCEPT,0,0,0,0,0,0,0,0,0,0,0,0
fake-nvidia-driver-socat,2,fake-nvidia-driver socat,ACCEPT,0,0,0,0,0,0,0,0,0,0,0,0
fake-nvidia-driver-socat-sqlite,3,fake-nvidia-driver socat sqlite,ACCEPT,0,0,0,0,0,0,0,0,0,0,0,0
fake-nvidia-driver-socat-tcpdump,3,fake-nvidia-driver socat tcpdump,ACCEPT,0,0,0,0,0,0,0,0,0,0,0,0
fake-nvidia-driver-socat-tmux,3,fake-nvidia-driver socat tmux,ACCEPT,0,0,0,0,0,0,0,0,0,0,0,0
fake-nvidia-driver-socat-vim,3,fake-nvidia-driver socat vim,ACCEPT,0,0,0,0,0,0,0,0,0,0,0,0
fake-nvidia-driver-socat-webserver,3,fake-nvidia-driver socat webserver,ACCEPT,0,0,0,0,0,0,0,0,0,0,0,0
fake-nvidia-driver-socat-wget,3,fake-nvidia-driver socat wget,ACCEPT,0,0,0,0,0,0,0,0,0,0,0,0
fake-nvidia-driver-socat-zstd,3,fake-nvidia-driver socat zstd,ACCEPT,0,0,0,0,0,0,0,0,0,0,0,0
fake-nvidia-driver-sqlite,2,fake-nvidia-driver sqlite,ACCEPT,0,0,0,0,0,0,0,0,0,0,0,0
fake-nvidia-driver-sqlite-tcpdump,3,fake-nvidia-driver sqlite tcpdump,ACCEPT,0,0,0,0,0,0,0,0,0,0,0,0
fake-nvidia-driver-sqlite-tmux,3,fake-nvidia-driver sqlite tmux,ACCEPT,0,0,0,0,0,0,0,0,0,0,0,0
fake-nvidia-driver-sqlite-vim,3,fake-nvidia-driver sqlite vim,ACCEPT,0,0,0,3,0,0,0,0,0,0,0,0
fake-nvidia-driver-sqlite-webserver,3,fake-nvidia-driver sqlite webserver,ACCEPT,0,0,0,0,0,0,0,0,0,0,0,0
fake-nvidia-driver-sqlite-wget,3,fake-nvidia-driver sqlite wget,ACCEPT,0,0,0,0,0,0,0,0,0,0,0,0
fake-nvidia-driver-sqlite-zstd,3,fake-nvidia-driver sqlite zstd,ACCEPT,0,0,0,0,0,0,0,0,0,0,0,0
fake-nvidia-driver-tcpdump,2,fake-nvidia-driver tcpdump,ACCEPT,0,0,0,0,0,0,0,0,0,0,0,0
fake-nvidia-driver-tcpdump-tmux,3,fake-nvidia-driver tcpdump tmux,ACCEPT,0,0,0,0,0,0,0,0,0,0,0,0
fake-nvidia-driver-tcpdump-vim,3,fake-nvidia-driver tcpdump vim,ACCEPT,0,0,0,0,0,0,0,0,0,0,0,0
fake-nvidia-driver-tcpdump-webserver,3,fake-nvidia-driver tcpdump webserver,ACCEPT,0,0,0,0,0,0,0,0,0,0,0,0
fake-nvidia-driver-tcpdump-wget,3,fake-nvidia-driver tcpdump wget,ACCEPT,0,0,0,0,0,0,0,0,0,0,0,0
fake-nvidia-driver-tcpdump-zstd,3,fake-nvidia-driver tcpdump zstd,ACCEPT,0,0,0,0,0,0,0,0,0,0,0,0
fake-nvidia-driver-tmux,2,fake-nvidia-driver tmux,ACCEPT,0,0,0,0,0,0,0,0,0,0,0,0
fake-nvidia-driver-tmux-vim,3,fake-nvidia-driver tmux vim,ACCEPT,0,0,0,0,0,0,0,0,0,0,0,0
fake-nvidia-driver-tmux-webserver,3,fake-nvidia-driver tmux webserver,ACCEPT,0,0,0,0,0,0,0,0,0,0,0,0
fake-nvidia-driver-tmux-wget,3,fake-nvidia-driver tmux wget,ACCEPT,0,0,0,0,0,0,0,0,0,0,0,0
fake-nvidia-driver-tmux-zstd,3,fake-nvidia-driver tmux zstd,ACCEPT,0,0,0,0,0,0,0,0,0,0,0,0
fake-nvidia-driver-vim,2,fake-nvidia-driver vim,ACCEPT,0,0,0,0,0,0,0,0,0,0,0,0
fake-nvidia-driver-vim-webserver,3,fake-nvidia-driver vim webserver,ACCEPT,0,0,0,1,0,0,0,0,0,0,0,0
fake-nvidia-driver-vim-wget,3,fake-nvidia-driver vim wget,ACCEPT,0,0,0,0,0,0,0,0,0,0,0,0
fake-nvidia-driver-vim-zstd,3,fake-nvidia-driver vim zstd,ACCEPT,0,0,0,0,0,0,0,0,0,0,0,0
fake-nvidia-driver-webserver,2,fake-nvidia-driver webserver,ACCEPT,0,0,0,0,0,0,0,0,0,0,0,0
fake-nvidia-driver-webserver-wget,3,fake-nvidia-driver webserver wget,ACCEPT,0,0,0,0,0,0,0,0,0,0,0,0
fake-nvidia-driver-webserver-zstd,3,fake-nvidia-driver webserver zstd,ACCEPT,0,0,0,0,0,0,0,0,0,0,0,0
fake-nvidia-driver-wget,2,fake-nvidia-driver wget,ACCEPT,0,0,0,0,0,0,0,0,0,0,0,0
fake-nvidia-driver-wget-zstd,3,fake-nvidia-driver wget zstd,ACCEPT,0,0,0,0,0,0,0,0,0,0,0,0
fake-nvidia-driver-zstd,2,fake-nvidia-driver zstd,ACCEPT,0,0,0,0,0,0,0,0,0,0,0,0
gawk-gcc,2,gawk gcc,ACCEPT,0,0,0,1,0,0,0,0,0,0,0,0
gawk-gcc-git,3,gawk gcc git,ACCEPT,0,0,0,6,0,0,0,0,0,0,0,0
gawk-gcc-htop,3,gawk gcc htop,ACCEPT,0,0,0,1,0,0,0,0,0,0,0,0
gawk-gcc-java,3,gawk gcc java,ACCEPT,0,0,0,1,0,0,0,0,0,0,0,0
gawk-gcc-jq,3,gawk gcc jq,ACCEPT,0,0,0,6,0,0,0,0,0,0,0,0
gawk-gcc-llvm,3,gawk gcc llvm,ACCEPT,0,0,0,25,0,0,0,0,0,0,0,0
gawk-gcc-memcached,3,gawk gcc memcached,ACCEPT,0,0,0,6,0,0,0,0,0,0,0,0
gawk-gcc-mta-msmtp,3,gawk gcc mta-msmtp,ACCEPT,0,0,0,1,0,0,0,0,0,0,0,0
gawk-gcc-mta-nullmailer,3,gawk gcc mta-nullmailer,ACCEPT,0,0,0,1,0,0,0,0,0,0,0,0
gawk-gcc-mysql,3,gawk gcc mysql,ACCEPT,0,0,0,12,0,0,0,0,0,0,0,0
gawk-gcc-nc-openbsd,3,gawk gcc nc-openbsd,ACCEPT,0,0,0,1,0,0,0,0,0,0,0,0
gawk-gcc-nc-traditional,3,gawk gcc nc-traditional,ACCEPT,0,0,0,1,0,0,0,0,0,0,0,0
gawk-gcc-nvidia-driver-535,3,gawk gcc nvidia-driver-535,ACCEPT,0,0,0,7,0,0,0,0,0,0,0,0
gawk-gcc-original-awk,3,gawk gcc original-awk,ACCEPT,0,0,0,1,0,0,0,0,0,0,0,0
gawk-gcc-pgclient,3,gawk gcc pgclient,ACCEPT,0,0,0,8,0,0,0,0,0,0,0,0
gawk-gcc-pipdemo,3,gawk gcc pipdemo,ACCEPT,0,0,0,3,0,0,0,0,0,0,0,0
gawk-gcc-postgres,3,gawk gcc postgres,ACCEPT,0,0,0,8,0,0,0,0,0,0,0,0
gawk-gcc-pytools,3,gawk gcc pytools,ACCEPT,0,0,0,4,0,0,0,0,0,0,0,0
gawk-gcc-pyyaml,3,gawk gcc pyyaml,ACCEPT,0,0,0,3,0,0,0,0,0,0,0,0
gawk-gcc-redis,3,gawk gcc redis,ACCEPT,0,0,0,2,0,0,0,0,0,0,0,0
gawk-gcc-rsync,3,gawk gcc rsync,ACCEPT,0,0,0,1,0,0,0,0,0,0,0,0
gawk-gcc-rust,3,gawk gcc rust,ACCEPT,0,0,0,33,0,0,0,0,0,0,0,0
gawk-gcc-socat,3,gawk gcc socat,ACCEPT,0,0,0,1,0,0,0,0,0,0,0,0
gawk-gcc-sqlite,3,gawk gcc sqlite,ACCEPT,0,0,0,3,0,0,0,0,0,0,0,0
gawk-gcc-tcpdump,3,gawk gcc tcpdump,ACCEPT,0,0,0,1,0,0,0,0,0,0,0,0
gawk-gcc-tmux,3,gawk gcc tmux,ACCEPT,0,0,0,1,0,0,0,0,0,0,0,0
gawk-gcc-vim,3,gawk gcc vim,ACCEPT,0,0,0,3,0,0,0,0,0,0,0,0
gawk-gcc-webserver,3,gawk gcc webserver,ACCEPT,0,0,0,1,0,0,0,0,0,0,0,0
gawk-gcc-wget,3,gawk gcc wget,ACCEPT,0,0,0,1,0,0,0,0,0,0,0,0
gawk-gcc-zstd,3,gawk gcc zstd,ACCEPT,0,0,0,1,0,0,0,0,0,0,0,0
gawk-git,2,gawk git,ACCEPT,0,0,0,0,0,0,0,0,0,0,0,0
gawk-git-htop,3,gawk git htop,ACCEPT,0,0,0,0,0,0,0,0,0,0,0,0
gawk-git-java,3,gawk git java,ACCEPT,0,0,0,2,0,0,0,0,0,0,0,0
gawk-git-jq,3,gawk git jq,ACCEPT,0,0,0,5,0,0,0,0,0,0,0,0
gawk-git-llvm,3,gawk git llvm,ACCEPT,0,0,0,0,0,0,0,0,0,0,0,0
gawk-git-memcached,3,gawk git memcached,ACCEPT,0,0,0,7,0,0,0,0,0,0,0,0
gawk-git-mta-msmtp,3,gawk git mta-msmtp,ACCEPT,0,0,0,0,0,0,0,0,0,0,0,0
gawk-git-mta-nullmailer,3,gawk git mta-nullmailer,ACCEPT,0,0,0,0,0,0,0,0,0,0,0,0
gawk-git-mysql,3,gawk git mysql,ACCEPT,0,0,0,10,0,0,0,0,0,0,0,0
gawk-git-nc-openbsd,3,gawk git nc-openbsd,ACCEPT,0,0,0,0,0,0,0,0,0,0,0,0
gawk-git-nc-traditional,3,gawk git nc-traditional,ACCEPT,0,0,0,0,0,0,0,0,0,0,0,0
gawk-git-nvidia-driver-535,3,gawk git nvidia-driver-535,ACCEPT,0,0,0,0,0,0,0,0,0,0,0,0
gawk-git-original-awk,3,gawk git original-awk,ACCEPT,0,0,0,0,0,0,0,0,0,0,0,0
gawk-git-pgclient,3,gawk git pgclient,ACCEPT,0,0,0,10,0,0,0,0,0,0,0,0
gawk-git-pipdemo,3,gawk git pipdemo,ACCEPT,0,0,0,3,0,0,0,0,0,0,0,0
gawk-git-postgres,3,gawk git postgres,ACCEPT,0,0,0,10,0,0,0,0,0,0,0,0
gawk-git-pytools,3,gawk git pytools,ACCEPT,0,0,0,3,0,0,0,0,0,0,0,0
gawk-git-pyyaml,3,gawk git pyyaml,ACCEPT,0,0,0,3,0,0,0,0,0,0,0,0
gawk-git-redis,3,gawk git redis,ACCEPT,0,0,0,0,0,0,0,0,0,0,0,0
gawk-git-rsync,3,gawk git rsync,ACCEPT,0,0,0,0,0,0,0,0,0,0,0,0
gawk-git-rust,3,gawk git rust,ACCEPT,0,0,0,10,0,0,0,0,0,0,0,0
gawk-git-socat,3,gawk git socat,ACCEPT,0,0,0,0,0,0,0,0,0,0,0,0
gawk-git-sqlite,3,gawk git sqlite,ACCEPT,0,0,0,2,0,0,0,0,0,0,0,0
gawk-git-tcpdump,3,gawk git tcpdump,ACCEPT,0,0,0,0,0,0,0,0,0,0,0,0
gawk-git-tmux,3,gawk git tmux,ACCEPT,0,0,0,0,0,0,0,0,0,0,0,0
gawk-git-vim,3,gawk git vim,ACCEPT,0,0,0,3,0,0,0,0,0,0,0,0
gawk-git-webserver,3,gawk git webserver,ACCEPT,0,0,0,2,0,0,0,0,0,0,0,0
gawk-git-wget,3,gawk git wget,ACCEPT,0,0,0,1,0,0,0,0,0,0,0,0
gawk-git-zstd,3,gawk git zstd,ACCEPT,0,0,0,0,0,0,0,0,0,0,0,0
gawk-htop,2,gawk htop,ACCEPT,0,0,0,0,0,0,0,0,0,0,0,0
gawk-htop-java,3,gawk htop java,ACCEPT,0,0,0,0,0,0,0,0,0,0,0,0
gawk-htop-jq,3,gawk htop jq,ACCEPT,0,0,0,0,0,0,0,0,0,0,0,0
gawk-htop-llvm,3,gawk htop llvm,ACCEPT,0,0,0,0,0,0,0,0,0,0,0,0
gawk-htop-memcached,3,gawk htop memcached,ACCEPT,0,0,0,0,0,0,0,0,0,0,0,0
gawk-htop-mta-msmtp,3,gawk htop mta-msmtp,ACCEPT,0,0,0,0,0,0,0,0,0,0,0,0
gawk-htop-mta-nullmailer,3,gawk htop mta-nullmailer,ACCEPT,0,0,0,0,0,0,0,0,0,0,0,0
gawk-htop-mysql,3,gawk htop mysql,ACCEPT,0,0,0,5,0,0,0,0,0,0,0,0
gawk-htop-nc-openbsd,3,gawk htop nc-openbsd,ACCEPT,0,0,0,0,0,0,0,0,0,0,0,0
gawk-htop-nc-traditional,3,gawk htop nc-traditional,ACCEPT,0,0,0,0,0,0,0,0,0,0,0,0
gawk-htop-nvidia-driver-535,3,gawk htop nvidia-driver-535,ACCEPT,0,0,0,0,0,0,0,0,0,0,0,0
gawk-htop-original-awk,3,gawk htop original-awk,ACCEPT,0,0,0,0,0,0,0,0,0,0,0,0
gawk-htop-pgclient,3,gawk htop pgclient,ACCEPT,0,0,0,2,0,0,0,0,0,0,0,0
gawk-htop-pipdemo,3,gawk htop pipdemo,ACCEPT,0,0,0,2,0,0,0,0,0,0,0,0
gawk-htop-postgres,3,gawk htop postgres,ACCEPT,0,0,0,2,0,0,0,0,0,0,0,0
gawk-htop-pytools,3,gawk htop pytools,ACCEPT,0,0,0,2,0,0,0,0,0,0,0,0
gawk-htop-pyyaml,3,gawk htop pyyaml,ACCEPT,0,0,0,2,0,0,0,0,0,0,0,0
gawk-htop-redis,3,gawk htop redis,ACCEPT,0,0,0,0,0,0,0,0,0,0,0,0
gawk-htop-rsync,3,gawk htop rsync,ACCEPT,0,0,0,0,0,0,0,0,0,0,0,0
gawk-htop-rust,3,gawk htop rust,ACCEPT,0,0,0,1,0,0,0,0,0,0,0,0
gawk-htop-socat,3,gawk htop socat,ACCEPT,0,0,0,0,0,0,0,0,0,0,0,0
gawk-htop-sqlite,3,gawk htop sqlite,ACCEPT,0,0,0,2,0,0,0,0,0,0,0,0
gawk-htop-tcpdump,3,gawk htop tcpdump,ACCEPT,0,0,0,0,0,0,0,0,0,0,0,0
gawk-htop-tmux,3,gawk htop tmux,ACCEPT,0,0,0,0,0,0,0,0,0,0,0,0
gawk-htop-vim,3,gawk htop vim,ACCEPT,0,0,0,2,0,0,0,0,0,0,0,0
gawk-htop-webserver,3,gawk htop webserver,ACCEPT,0,0,0,0,0,0,0,0,0,0,0,0
gawk-htop-wget,3,gawk htop wget,ACCEPT,0,0,0,0,0,0,0,0,0,0,0,0
gawk-htop-zstd,3,gawk htop zstd,ACCEPT,0,0,0,0,0,0,0,0,0,0,0,0
gawk-java,2,gawk java,ACCEPT,0,0,0,0,0,0,0,0,0,0,0,0
gawk-java-jq,3,gawk java jq,ACCEPT,0,0,0,0,0,0,0,0,0,0,0,0
gawk-java-llvm,3,gawk java llvm,ACCEPT,0,0,0,0,0,0,0,0,0,0,0,0
gawk-java-memcached,3,gawk java memcached,ACCEPT,0,0,0,0,0,0,0,0,0,0,0,0
gawk-java-mta-msmtp,3,gawk java mta-msmtp,ACCEPT,0,0,0,2,0,0,0,0,0,0,0,0
gawk-java-mta-nullmailer,3,gawk java mta-nullmailer,ACCEPT,0,0,0,0,0,0,0,0,0,0,0,0
gawk-java-mysql,3,gawk java mysql,ACCEPT,0,0,0,5,0,0,0,0,0,0,0,0
gawk-java-nc-openbsd,3,gawk java nc-openbsd,ACCEPT,0,0,0,0,0,0,0,0,0,0,0,0
gawk-java-nc-traditional,3,gawk java nc-traditional,ACCEPT,0,0,0,0,0,0,0,0,0,0,0,0
gawk-java-nvidia-driver-535,3,gawk java nvidia-driver-535,ACCEPT,0,0,0,0,0,0,0,0,0,0,0,0
gawk-java-original-awk,3,gawk java original-awk,ACCEPT,0,0,0,0,0,0,0,0,0,0,0,0
gawk-java-pgclient,3,gawk java pgclient,ACCEPT,0,0,0,2,0,0,0,0,0,0,0,0
gawk-java-pipdemo,3,gawk java pipdemo,ACCEPT,0,0,0,4,0,0,0,0,0,0,0,0
gawk-java-postgres,3,gawk java postgres,ACCEPT,0,0,0,3,0,0,0,0,0,0,0,0
gawk-java-pytools,3,gawk java pytools,ACCEPT,0,0,0,4,0,0,0,0,0,0,0,0
gawk-java-pyyaml,3,gawk java pyyaml,ACCEPT,0,0,0,4,0,0,0,0,0,0,0,0
gawk-java-redis,3,gawk java redis,ACCEPT,0,0,0,0,0,0,0,0,0,0,0,0
gawk-java-rsync,3,gawk java rsync,ACCEPT,0,0,0,0,0,0,0,0,0,0,0,0
gawk-java-rust,3,gawk java rust,ACCEPT,0,0,0,2,0,0,0,0,0,0,0,0
gawk-java-socat,3,gawk java socat,ACCEPT,0,0,0,0,0,0,0,0,0,0,0,0
gawk-java-sqlite,3,gawk java sqlite,ACCEPT,0,0,0,3,0,0,0,0,0,0,0,0
gawk-java-tcpdump,3,gawk java tcpdump,ACCEPT,0,0,0,1,0,0,0,0,0,0,0,0
gawk-java-tmux,3,gawk java tmux,ACCEPT,0,0,0,0,0,0,0,0,0,0,0,0
gawk-java-vim,3,gawk java vim,ACCEPT,0,0,0,4,0,0,0,0,0,0,0,0
gawk-java-webserver,3,gawk java webserver,ACCEPT,0,0,0,10,0,0,0,0,0,0,0,0
gawk-java-wget,3,gawk java wget,ACCEPT,0,0,0,0,0,0,0,0,0,0,0,0
gawk-java-zstd,3,gawk java zstd,ACCEPT,0,0,0,0,0,0,0,0,0,0,0,0
gawk-jq,2,gawk jq,ACCEPT,0,0,0,0,0,0,0,0,0,0,0,0
gawk-jq-llvm,3,gawk jq llvm,ACCEPT,0,0,0,0,0,0,0,0,0,0,0,0
gawk-jq-memcached,3,gawk jq memcached,ACCEPT,0,0,0,5,0,0,0,0,0,0,0,0
gawk-jq-mta-msmtp,3,gawk jq mta-msmtp,ACCEPT,0,0,0,0,0,0,0,0,0,0,0,0
gawk-jq-mta-nullmailer,3,gawk jq mta-nullmailer,ACCEPT,0,0,0,0,0,0,0,0,0,0,0,0
gawk-jq-mysql,3,gawk jq mysql,ACCEPT,0,0,0,10,0,0,0,0,0,0,0,0
gawk-jq-nc-openbsd,3,gawk jq nc-openbsd,ACCEPT,0,0,0,0,0,0,0,0,0,0,0,0
gawk-jq-nc-traditional,3,gawk jq nc-traditional,ACCEPT,0,0,0,0,0,0,0,0,0,0,0,0
gawk-jq-nvidia-driver-535,3,gawk jq nvidia-driver-535,ACCEPT,0,0,0,0,0,0,0,0,0,0,0,0
gawk-jq-original-awk,3,gawk jq original-awk,ACCEPT,0,0,0,0,0,0,0,0,0,0,0,0
gawk-jq-pgclient,3,gawk jq pgclient,ACCEPT,0,0,0,7,0,0,0,0,0,0,0,0
gawk-jq-pipdemo,3,gawk jq pipdemo,ACCEPT,0,0,0,2,0,0,0,0,0,0,0,0
gawk-jq-postgres,3,gawk jq postgres,ACCEPT,0,0,0,7,0,0,0,0,0,0,0,0
gawk-jq-pytools,3,gawk jq pytools,ACCEPT,0,0,0,2,0,0,0,0,0,0,0,0
gawk-jq-pyyaml,3,gawk jq pyyaml,ACCEPT,0,0,0,2,0,0,0,0,0,0,0,0
gawk-jq-redis,3,gawk jq redis,ACCEPT,0,0,0,0,0,0,0,0,0,0,0,0
gawk-jq-rsync,3,gawk jq rsync,ACCEPT,0,0,0,0,0,0,0,0,0,0,0,0
gawk-jq-rust,3,gawk jq rust,ACCEPT,0,0,0,1,0,0,0,0,0,0,0,0
gawk-jq-socat,3,gawk jq socat,ACCEPT,0,0,0,0,0,0,0,0,0,0,0,0
gawk-jq-sqlite,3,gawk jq sqlite,ACCEPT,0,0,0,2,0,0,0,0,0,0,0,0
gawk-jq-tcpdump,3,gawk jq tcpdump,ACCEPT,0,0,0,0,0,0,0,0,0,0,0,0
gawk-jq-tmux,3,gawk jq tmux,ACCEPT,0,0,0,0,0,0,0,0,0,0,0,0
gawk-jq-vim,3,gawk jq vim,ACCEPT,0,0,0,2,0,0,0,0,0,0,0,0
gawk-jq-webserver,3,gawk jq webserver,ACCEPT,0,0,0,0,0,0,0,0,0,0,0,0
gawk-jq-wget,3,gawk jq wget,ACCEPT,0,0,0,0,0,0,0,0,0,0,0,0
gawk-jq-zstd,3,gawk jq zstd,ACCEPT,0,0,0,0,0,0,0,0,0,0,0,0
gawk-llvm,2,gawk llvm,ACCEPT,0,0,0,0,0,0,0,0,0,0,0,0
gawk-llvm-memcached,3,gawk llvm memcached,ACCEPT,0,0,0,0,0,0,0,0,0,0,0,0
gawk-llvm-mta-msmtp,3,gawk llvm mta-msmtp,ACCEPT,0,0,0,0,0,0,0,0,0,0,0,0
gawk-llvm-mta-nullmailer,3,gawk llvm mta-nullmailer,ACCEPT,0,0,0,0,0,0,0,0,0,0,0,0
gawk-llvm-mysql,3,gawk llvm mysql,ACCEPT,0,0,0,8,0,0,0,0,0,0,0,0
gawk-llvm-nc-openbsd,3,gawk llvm nc-openbsd,ACCEPT,0,0,0,2,0,0,0,0,0,0,0,0
gawk-llvm-nc-traditional,3,gawk llvm nc-traditional,ACCEPT,0,0,0,0,0,0,0,0,0,0,0,0
gawk-llvm-nvidia-driver-535,3,gawk llvm nvidia-driver-535,ACCEPT,0,0,0,6,0,0,0,0,0,0,0,0
gawk-llvm-original-awk,3,gawk llvm original-awk,ACCEPT,0,0,0,0,0,0,0,0,0,0,0,0
gawk-llvm-pgclient,3,gawk llvm pgclient,ACCEPT,0,0,0,2,0,0,0,0,0,0,0,0
gawk-llvm-pipdemo,3,gawk llvm pipdemo,ACCEPT,0,0,0,2,0,0,0,0,0,0,0,0
gawk-llvm-postgres,3,gawk llvm postgres,ACCEPT,0,0,0,8,0,0,0,0,0,0,0,0
gawk-llvm-pytools,3,gawk llvm pytools,ACCEPT,0,0,0,3,0,0,0,0,0,0,0,0
gawk-llvm-pyyaml,3,gawk llvm pyyaml,ACCEPT,0,0,0,2,0,0,0,0,0,0,0,0
gawk-llvm-redis,3,gawk llvm redis,ACCEPT,0,0,0,1,0,0,0,0,0,0,0,0
gawk-llvm-rsync,3,gawk llvm rsync,ACCEPT,0,0,0,0,0,0,0,0,0,0,0,0
gawk-llvm-rust,3,gawk llvm rust,ACCEPT,0,0,0,24,0,0,0,0,0,0,0,0
gawk-llvm-socat,3,gawk llvm socat,ACCEPT,0,0,0,0,0,0,0,0,0,0,0,0
gawk-llvm-sqlite,3,gawk llvm sqlite,ACCEPT,0,0,0,2,0,0,0,0,0,0,0,0
gawk-llvm-tcpdump,3,gawk llvm tcpdump,ACCEPT,0,0,0,0,0,0,0,0,0,0,0,0
gawk-llvm-tmux,3,gawk llvm tmux,ACCEPT,0,0,0,0,0,0,0,0,0,0,0,0
gawk-llvm-vim,3,gawk llvm vim,ACCEPT,0,0,0,2,0,0,0,0,0,0,0,0
gawk-llvm-webserver,3,gawk llvm webserver,ACCEPT,0,0,0,4,0,0,0,0,0,0,0,0
gawk-llvm-wget,3,gawk llvm wget,ACCEPT,0,0,0,0,0,0,0,0,0,0,0,0
gawk-llvm-zstd,3,gawk llvm zstd,ACCEPT,0,0,0,0,0,0,0,0,0,0,0,0
gawk-memcached,2,gawk memcached,ACCEPT,0,0,0,0,0,0,0,0,0,0,0,0
gawk-memcached-mta-msmtp,3,gawk memcached mta-msmtp,ACCEPT,0,0,0,0,0,0,0,0,0,0,0,0
gawk-memcached-mta-nullmailer,3,gawk memcached mta-nullmailer,ACCEPT,0,0,0,0,0,0,0,0,0,0,0,0
gawk-memcached-mysql,3,gawk memcached mysql,ACCEPT,0,0,0,10,0,0,0,0,0,0,0,0
gawk-memcached-nc-openbsd,3,gawk memcached nc-openbsd,ACCEPT,0,0,0,0,0,0,0,0,0,0,0,0
gawk-memcached-nc-traditional,3,gawk memcached nc-traditional,ACCEPT,0,0,0,0,0,0,0,0,0,0,0,0
gawk-memcached-nvidia-driver-535,3,gawk memcached nvidia-driver-535,ACCEPT,0,0,0,0,0,0,0,0,0,0,0,0
gawk-memcached-original-awk,3,gawk memcached original-awk,ACCEPT,0,0,0,0,0,0,0,0,0,0,0,0
gawk-memcached-pgclient,3,gawk memcached pgclient,ACCEPT,0,0,0,9,0,0,0,0,0,0,0,0
gawk-memcached-pipdemo,3,gawk memcached pipdemo,ACCEPT,0,0,0,2,0,0,0,0,0,0,0,0
gawk-memcached-postgres,3,gawk memcached postgres,ACCEPT,0,0,0,9,0,0,0,0,0,0,0,0
gawk-memcached-pytools,3,gawk memcached pytools,ACCEPT,0,0,0,2,0,0,0,0,0,0,0,0
gawk-memcached-pyyaml,3,gawk memcached pyyaml,ACCEPT,0,0,0,2,0,0,0,0,0,0,0,0
gawk-memcached-redis,3,gawk memcached redis,ACCEPT,0,0,0,0,0,0,0,0,0,0,0,0
gawk-memcached-rsync,3,gawk memcached rsync,ACCEPT,0,0,0,0,0,0,0,0,0,0,0,0
gawk-memcached-rust,3,gawk memcached rust,ACCEPT,0,0,0,3,0,0,0,0,0,0,0,0
gawk-memcached-socat,3,gawk memcached socat,ACCEPT,0,0,0,0,0,0,0,0,0,0,0,0
gawk-memcached-sqlite,3,gawk memcached sqlite,ACCEPT,0,0,0,2,0,0,0,0,0,0,0,0
gawk-memcached-tcpdump,3,gawk memcached tcpdump,ACCEPT,0,0,0,0,0,0,0,0,0,0,0,0
gawk-memcached-tmux,3,gawk memcached tmux,ACCEPT,0,0,0,0,0,0,0,0,0,0,0,0
gawk-memcached-vim,3,gawk memcached vim,ACCEPT,0,0,0,2,0,0,0,0,0,0,0,0
gawk-memcached-webserver,3,gawk memcached webserver,ACCEPT,0,0,0,0,0,0,0,0,0,0,0,0
gawk-memcached-wget,3,gawk memcached wget,ACCEPT,0,0,0,0,0,0,0,0,0,0,0,0
gawk-memcached-zstd,3,gawk memcached zstd,ACCEPT,0,0,0,0,0,0,0,0,0,0,0,0
gawk-mta-msmtp,2,gawk mta-msmtp,ACCEPT,0,0,0,0,0,0,0,0,0,0,0,0
gawk-mta-msmtp-mta-nullmailer,3,gawk mta-msmtp mta-nullmailer,REJECT,1,2,0,0,0,2,0,4,0,0,0,0
gawk-mta-msmtp-mysql,3,gawk mta-msmtp mysql,ACCEPT,0,0,0,5,0,0,0,0,0,0,0,0
gawk-mta-msmtp-nc-openbsd,3,gawk mta-msmtp nc-openbsd,ACCEPT,0,0,0,0,0,0,0,0,0,0,0,0
gawk-mta-msmtp-nc-traditional,3,gawk mta-msmtp nc-traditional,ACCEPT,0,0,0,0,0,0,0,0,0,0,0,0
gawk-mta-msmtp-nvidia-driver-535,3,gawk mta-msmtp nvidia-driver-535,ACCEPT,0,0,0,0,0,0,0,0,0,0,0,0
gawk-mta-msmtp-original-awk,3,gawk mta-msmtp original-awk,ACCEPT,0,0,0,0,0,0,0,0,0,0,0,0
gawk-mta-msmtp-pgclient,3,gawk mta-msmtp pgclient,ACCEPT,0,0,0,2,0,0,0,0,0,0,0,0
gawk-mta-msmtp-pipdemo,3,gawk mta-msmtp pipdemo,ACCEPT,0,0,0,2,0,0,0,0,0,0,0,0
gawk-mta-msmtp-postgres,3,gawk mta-msmtp postgres,ACCEPT,0,0,0,3,0,0,0,0,0,0,0,0
gawk-mta-msmtp-pytools,3,gawk mta-msmtp pytools,ACCEPT,0,0,0,2,0,0,0,0,0,0,0,0
gawk-mta-msmtp-pyyaml,3,gawk mta-msmtp pyyaml,ACCEPT,0,0,0,2,0,0,0,0,0,0,0,0
gawk-mta-msmtp-redis,3,gawk mta-msmtp redis,ACCEPT,0,0,0,0,0,0,0,0,0,0,0,0
gawk-mta-msmtp-rsync,3,gawk mta-msmtp rsync,ACCEPT,0,0,0,0,0,0,0,0,0,0,0,0
gawk-mta-msmtp-rust,3,gawk mta-msmtp rust,ACCEPT,0,0,0,1,0,0,0,0,0,0,0,0
gawk-mta-msmtp-socat,3,gawk mta-msmtp socat,ACCEPT,0,0,0,0,0,0,0,0,0,0,0,0
gawk-mta-msmtp-sqlite,3,gawk mta-msmtp sqlite,ACCEPT,0,0,0,2,0,0,0,0,0,0,0,0
gawk-mta-msmtp-tcpdump,3,gawk mta-msmtp tcpdump,ACCEPT,0,0,0,0,0,0,0,0,0,0,0,0
gawk-mta-msmtp-tmux,3,gawk mta-msmtp tmux,ACCEPT,0,0,0,0,0,0,0,0,0,0,0,0
gawk-mta-msmtp-vim,3,gawk mta-msmtp vim,ACCEPT,0,0,0,2,0,0,0,0,0,0,0,0
gawk-mta-msmtp-webserver,3,gawk mta-msmtp webserver,ACCEPT,0,0,0,1,0,0,0,0,0,0,0,0
gawk-mta-msmtp-wget,3,gawk mta-msmtp wget,ACCEPT,0,0,0,0,0,0,0,0,0,0,0,0
gawk-mta-msmtp-zstd,3,gawk mta-msmtp zstd,ACCEPT,0,0,0,0,0,0,0,0,0,0,0,0
gawk-mta-nullmailer,2,gawk mta-nullmailer,ACCEPT,0,0,0,0,0,0,0,0,0,0,0,0
gawk-mta-nullmailer-mysql,3,gawk mta-nullmailer mysql,ACCEPT,0,0,0,5,0,0,0,0,0,0,0,0
gawk-mta-nullmailer-nc-openbsd,3,gawk mta-nullmailer nc-openbsd,ACCEPT,0,0,0,0,0,0,0,0,0,0,0,0
gawk-mta-nullmailer-nc-traditional,3,gawk mta-nullmailer nc-traditional,ACCEPT,0,0,0,0,0,0,0,0,0,0,0,0
gawk-mta-nullmailer-nvidia-driver-535,3,gawk mta-nullmailer nvidia-driver-535,ACCEPT,0,0,0,0,0,0,0,0,0,0,0,0
gawk-mta-nullmailer-original-awk,3,gawk mta-nullmailer original-awk,ACCEPT,0,0,0,0,0,0,0,0,0,0,0,0
gawk-mta-nullmailer-pgclient,3,gawk mta-nullmailer pgclient,ACCEPT,0,0,0,2,0,0,0,0,0,0,0,0
gawk-mta-nullmailer-pipdemo,3,gawk mta-nullmailer pipdemo,ACCEPT,0,0,0,2,0,0,0,0,0,0,0,0
gawk-mta-nullmailer-postgres,3,gawk mta-nullmailer postgres,ACCEPT,0,0,0,2,0,0,0,0,0,0,0,0
gawk-mta-nullmailer-pytools,3,gawk mta-nullmailer pytools,ACCEPT,0,0,0,2,0,0,0,0,0,0,0,0
gawk-mta-nullmailer-pyyaml,3,gawk mta-nullmailer pyyaml,ACCEPT,0,0,0,2,0,0,0,0,0,0,0,0
gawk-mta-nullmailer-redis,3,gawk mta-nullmailer redis,ACCEPT,0,0,0,0,0,0,0,0,0,0,0,0
gawk-mta-nullmailer-rsync,3,gawk mta-nullmailer rsync,ACCEPT,0,0,0,0,0,0,0,0,0,0,0,0
gawk-mta-nullmailer-rust,3,gawk mta-nullmailer rust,ACCEPT,0,0,0,1,0,0,0,0,0,0,0,0
gawk-mta-nullmailer-socat,3,gawk mta-nullmailer socat,ACCEPT,0,0,0,0,0,0,0,0,0,0,0,0
gawk-mta-nullmailer-sqlite,3,gawk mta-nullmailer sqlite,ACCEPT,0,0,0,2,0,0,0,0,0,0,0,0
gawk-mta-nullmailer-tcpdump,3,gawk mta-nullmailer tcpdump,ACCEPT,0,0,0,0,0,0,0,0,0,0,0,0
gawk-mta-nullmailer-tmux,3,gawk mta-nullmailer tmux,ACCEPT,0,0,0,0,0,0,0,0,0,0,0,0
gawk-mta-nullmailer-vim,3,gawk mta-nullmailer vim,ACCEPT,0,0,0,2,0,0,0,0,0,0,0,0
gawk-mta-nullmailer-webserver,3,gawk mta-nullmailer webserver,ACCEPT,0,0,0,0,0,0,0,0,0,0,0,0
gawk-mta-nullmailer-wget,3,gawk mta-nullmailer wget,ACCEPT,0,0,0,0,0,0,0,0,0,0,0,0
gawk-mta-nullmailer-zstd,3,gawk mta-nullmailer zstd,ACCEPT,0,0,0,0,0,0,0,0,0,0,0,0
gawk-mysql,2,gawk mysql,ACCEPT,0,0,0,5,0,0,0,0,0,0,0,0
gawk-mysql-nc-openbsd,3,gawk mysql nc-openbsd,ACCEPT,0,0,0,7,0,0,0,0,0,0,0,0
gawk-mysql-nc-traditional,3,gawk mysql nc-traditional,ACCEPT,0,0,0,5,0,0,0,0,0,0,0,0
gawk-mysql-nvidia-driver-535,3,gawk mysql nvidia-driver-535,ACCEPT,0,0,0,5,0,0,0,0,0,0,0,0
gawk-mysql-original-awk,3,gawk mysql original-awk,ACCEPT,0,0,0,5,0,0,0,0,0,0,0,0
gawk-mysql-pgclient,3,gawk mysql pgclient,ACCEPT,0,0,0,14,0,0,0,0,0,0,0,0
gawk-mysql-pipdemo,3,gawk mysql pipdemo,ACCEPT,0,0,0,9,0,0,0,0,0,0,0,0
gawk-mysql-postgres,3,gawk mysql postgres,ACCEPT,0,0,0,17,0,0,0,0,0,0,0,0
gawk-mysql-pytools,3,gawk mysql pytools,ACCEPT,0,0,0,9,0,0,0,0,0,0,0,0
gawk-mysql-pyyaml,3,gawk mysql pyyaml,ACCEPT,0,0,0,9,0,0,0,0,0,0,0,0
gawk-mysql-redis,3,gawk mysql redis,ACCEPT,0,0,0,5,0,0,0,0,0,0,0,0
gawk-mysql-rsync,3,gawk mysql rsync,ACCEPT,0,0,0,7,0,0,0,0,0,0,0,0
gawk-mysql-rust,3,gawk mysql rust,ACCEPT,0,0,0,7,0,0,0,0,0,0,0,0
gawk-mysql-socat,3,gawk mysql socat,ACCEPT,0,0,0,7,0,0,0,0,0,0,0,0
gawk-mysql-sqlite,3,gawk mysql sqlite,ACCEPT,0,0,0,9,0,0,0,0,0,0,0,0
gawk-mysql-tcpdump,3,gawk mysql tcpdump,ACCEPT,0,0,0,5,0,0,0,0,0,0,0,0
gawk-mysql-tmux,3,gawk mysql tmux,ACCEPT,0,0,0,5,0,0,0,0,0,0,0,0
gawk-mysql-vim,3,gawk mysql vim,ACCEPT,0,0,0,9,0,0,0,0,0,0,0,0
gawk-mysql-webserver,3,gawk mysql webserver,ACCEPT,0,0,0,13,0,0,0,0,0,0,0,0
gawk-mysql-wget,3,gawk mysql wget,ACCEPT,0,0,0,5,0,0,0,0,0,0,0,0
gawk-mysql-zstd,3,gawk mysql zstd,ACCEPT,0,0,0,5,0,0,0,0,0,0,0,0
gawk-nc-openbsd,2,gawk nc-openbsd,ACCEPT,0,0,0,0,0,0,0,0,0,0,0,0
gawk-nc-openbsd-nc-traditional,3,gawk nc-openbsd nc-traditional,ACCEPT,0,0,0,0,0,0,0,0,0,0,0,0
gawk-nc-openbsd-nvidia-driver-535,3,gawk nc-openbsd nvidia-driver-535,ACCEPT,0,0,0,0,0,0,0,0,0,0,0,0
gawk-nc-openbsd-original-awk,3,gawk nc-openbsd original-awk,ACCEPT,0,0,0,0,0,0,0,0,0,0,0,0
gawk-nc-openbsd-pgclient,3,gawk nc-openbsd pgclient,ACCEPT,0,0,0,2,0,0,0,0,0,0,0,0
gawk-nc-openbsd-pipdemo,3,gawk nc-openbsd pipdemo,ACCEPT,0,0,0,2,0,0,0,0,0,0,0,0
gawk-nc-openbsd-postgres,3,gawk nc-openbsd postgres,ACCEPT,0,0,0,4,0,0,0,0,0,0,0,0
gawk-nc-openbsd-pytools,3,gawk nc-openbsd pytools,ACCEPT,0,0,0,2,0,0,0,0,0,0,0,0
gawk-nc-openbsd-pyyaml,3,gawk nc-openbsd pyyaml,ACCEPT,0,0,0,2,0,0,0,0,0,0,0,0
gawk-nc-openbsd-redis,3,gawk nc-openbsd redis,ACCEPT,0,0,0,0,0,0,0,0,0,0,0,0
gawk-nc-openbsd-rsync,3,gawk nc-openbsd rsync,ACCEPT,0,0,0,0,0,0,0,0,0,0,0,0
gawk-nc-openbsd-rust,3,gawk nc-openbsd rust,ACCEPT,0,0,0,1,0,0,0,0,0,0,0,0
gawk-nc-openbsd-socat,3,gawk nc-openbsd socat,ACCEPT,0,0,0,0,0,0,0,0,0,0,0,0
gawk-nc-openbsd-sqlite,3,gawk nc-openbsd sqlite,ACCEPT,0,0,0,2,0,0,0,0,0,0,0,0
gawk-nc-openbsd-tcpdump,3,gawk nc-openbsd tcpdump,ACCEPT,0,0,0,0,0,0,0,0,0,0,0,0
gawk-nc-openbsd-tmux,3,gawk nc-openbsd tmux,ACCEPT,0,0,0,0,0,0,0,0,0,0,0,0
gawk-nc-openbsd-vim,3,gawk nc-openbsd vim,ACCEPT,0,0,0,2,0,0,0,0,0,0,0,0
gawk-nc-openbsd-webserver,3,gawk nc-openbsd webserver,ACCEPT,0,0,0,2,0,0,0,0,0,0,0,0
gawk-nc-openbsd-wget,3,gawk nc-openbsd wget,ACCEPT,0,0,0,0,0,0,0,0,0,0,0,0
gawk-nc-openbsd-zstd,3,gawk nc-openbsd zstd,ACCEPT,0,0,0,0,0,0,0,0,0,0,0,0
gawk-nc-traditional,2,gawk nc-traditional,ACCEPT,0,0,0,0,0,0,0,0,0,0,0,0
gawk-nc-traditional-nvidia-driver-535,3,gawk nc-traditional nvidia-driver-535,ACCEPT,0,0,0,0,0,0,0,0,0,0,0,0
gawk-nc-traditional-original-awk,3,gawk nc-traditional original-awk,ACCEPT,0,0,0,0,0,0,0,0,0,0,0,0
gawk-nc-traditional-pgclient,3,gawk nc-traditional pgclient,ACCEPT,0,0,0,2,0,0,0,0,0,0,0,0
gawk-nc-traditional-pipdemo,3,gawk nc-traditional pipdemo,ACCEPT,0,0,0,2,0,0,0,0,0,0,0,0
gawk-nc-traditional-postgres,3,gawk nc-traditional postgres,ACCEPT,0,0,0,2,0,0,0,0,0,0,0,0
gawk-nc-traditional-pytools,3,gawk nc-traditional pytools,ACCEPT,0,0,0,2,0,0,0,0,0,0,0,0
gawk-nc-traditional-pyyaml,3,gawk nc-traditional pyyaml,ACCEPT,0,0,0,2,0,0,0,0,0,0,0,0
gawk-nc-traditional-redis,3,gawk nc-traditional redis,ACCEPT,0,0,0,0,0,0,0,0,0,0,0,0
gawk-nc-traditional-rsync,3,gawk nc-traditional rsync,ACCEPT,0,0,0,0,0,0,0,0,0,0,0,0
gawk-nc-traditional-rust,3,gawk nc-traditional rust,ACCEPT,0,0,0,1,0,0,0,0,0,0,0,0
gawk-nc-traditional-socat,3,gawk nc-traditional socat,ACCEPT,0,0,0,0,0,0,0,0,0,0,0,0
gawk-nc-traditional-sqlite,3,gawk nc-traditional sqlite,ACCEPT,0,0,0,2,0,0,0,0,0,0,0,0
gawk-nc-traditional-tcpdump,3,gawk nc-traditional tcpdump,ACCEPT,0,0,0,0,0,0,0,0,0,0,0,0
gawk-nc-traditional-tmux,3,gawk nc-traditional tmux,ACCEPT,0,0,0,0,0,0,0,0,0,0,0,0
gawk-nc-traditional-vim,3,gawk nc-traditional vim,ACCEPT,0,0,0,2,0,0,0,0,0,0,0,0
gawk-nc-traditional-webserver,3,gawk nc-traditional webserver,ACCEPT,0,0,0,0,0,0,0,0,0,0,0,0
gawk-nc-traditional-wget,3,gawk nc-traditional wget,ACCEPT,0,0,0,0,0,0,0,0,0,0,0,0
gawk-nc-traditional-zstd,3,gawk nc-traditional zstd,ACCEPT,0,0,0,0,0,0,0,0,0,0,0,0
gawk-nvidia-driver-535,2,gawk nvidia-driver-535,ACCEPT,0,0,0,0,0,0,0,0,0,0,0,0
gawk-nvidia-driver-535-original-awk,3,gawk nvidia-driver-535 original-awk,ACCEPT,0,0,0,0,0,0,0,0,0,0,0,0
gawk-nvidia-driver-535-pgclient,3,gawk nvidia-driver-535 pgclient,ACCEPT,0,0,0,2,0,0,0,0,0,0,0,0
gawk-nvidia-driver-535-pipdemo,3,gawk nvidia-driver-535 pipdemo,ACCEPT,0,0,0,2,0,0,0,0,0,0,0,0
gawk-nvidia-driver-535-postgres,3,gawk nvidia-driver-535 postgres,ACCEPT,0,0,0,2,0,0,0,0,0,0,0,0
gawk-nvidia-driver-535-pytools,3,gawk nvidia-driver-535 pytools,ACCEPT,0,0,0,2,0,0,0,0,0,0,0,0
gawk-nvidia-driver-535-pyyaml,3,gawk nvidia-driver-535 pyyaml,ACCEPT,0,0,0,2,0,0,0,0,0,0,0,0
gawk-nvidia-driver-535-redis,3,gawk nvidia-driver-535 redis,ACCEPT,0,0,0,0,0,0,0,0,0,0,0,0
gawk-nvidia-driver-535-rsync,3,gawk nvidia-driver-535 rsync,ACCEPT,0,0,0,0,0,0,0,0,0,0,0,0
gawk-nvidia-driver-535-rust,3,gawk nvidia-driver-535 rust,ACCEPT,0,0,0,7,0,0,0,0,0,0,0,0
gawk-nvidia-driver-535-socat,3,gawk nvidia-driver-535 socat,ACCEPT,0,0,0,0,0,0,0,0,0,0,0,0
gawk-nvidia-driver-535-sqlite,3,gawk nvidia-driver-535 sqlite,ACCEPT,0,0,0,2,0,0,0,0,0,0,0,0
gawk-nvidia-driver-535-tcpdump,3,gawk nvidia-driver-535 tcpdump,ACCEPT,0,0,0,0,0,0,0,0,0,0,0,0
gawk-nvidia-driver-535-tmux,3,gawk nvidia-driver-535 tmux,ACCEPT,0,0,0,0,0,0,0,0,0,0,0,0
gawk-nvidia-driver-535-vim,3,gawk nvidia-driver-535 vim,ACCEPT,0,0,0,2,0,0,0,0,0,0,0,0
gawk-nvidia-driver-535-webserver,3,gawk nvidia-driver-535 webserver,ACCEPT,0,0,0,0,0,0,0,0,0,0,0,0
gawk-nvidia-driver-535-wget,3,gawk nvidia-driver-535 wget,ACCEPT,0,0,0,0,0,0,0,0,0,0,0,0
gawk-nvidia-driver-535-zstd,3,gawk nvidia-driver-535 zstd,ACCEPT,0,0,0,0,0,0,0,0,0,0,0,0
gawk-original-awk,2,gawk original-awk,ACCEPT,0,0,0,0,0,0,0,0,0,0,0,0
gawk-original-awk-pgclient,3,gawk original-awk pgclient,ACCEPT,0,0,0,2,0,0,0,0,0,0,0,0
gawk-original-awk-pipdemo,3,gawk original-awk pipdemo,ACCEPT,0,0,0,2,0,0,0,0,0,0,0,0
gawk-original-awk-postgres,3,gawk original-awk postgres,ACCEPT,0,0,0,2,0,0,0,0,0,0,0,0
gawk-original-awk-pytools,3,gawk original-awk pytools,ACCEPT,0,0,0,2,0,0,0,0,0,0,0,0
gawk-original-awk-pyyaml,3,gawk original-awk pyyaml,ACCEPT,0,0,0,2,0,0,0,0,0,0,0,0
gawk-original-awk-redis,3,gawk original-awk redis,ACCEPT,0,0,0,0,0,0,0,0,0,0,0,0
gawk-original-awk-rsync,3,gawk original-awk rsync,ACCEPT,0,0,0,0,0,0,0,0,0,0,0,0
gawk-original-awk-rust,3,gawk original-awk rust,ACCEPT,0,0,0,1,0,0,0,0,0,0,0,0
gawk-original-awk-socat,3,gawk original-awk socat,ACCEPT,0,0,0,0,0,0,0,0,0,0,0,0
gawk-original-awk-sqlite,3,gawk original-awk sqlite,ACCEPT,0,0,0,2,0,0,0,0,0,0,0,0
gawk-original-awk-tcpdump,3,gawk original-awk tcpdump,ACCEPT,0,0,0,0,0,0,0,0,0,0,0,0
gawk-original-awk-tmux,3,gawk original-awk tmux,ACCEPT,0,0,0,0,0,0,0,0,0,0,0,0
gawk-original-awk-vim,3,gawk original-awk vim,ACCEPT,0,0,0,2,0,0,0,0,0,0,0,0
gawk-original-awk-webserver,3,gawk original-awk webserver,ACCEPT,0,0,0,0,0,0,0,0,0,0,0,0
gawk-original-awk-wget,3,gawk original-awk wget,ACCEPT,0,0,0,0,0,0,0,0,0,0,0,0
gawk-original-awk-zstd,3,gawk original-awk zstd,ACCEPT,0,0,0,0,0,0,0,0,0,0,0,0
gawk-pgclient,2,gawk pgclient,ACCEPT,0,0,0,2,0,0,0,0,0,0,0,0
gawk-pgclient-pipdemo,3,gawk pgclient pipdemo,ACCEPT,0,0,0,6,0,0,0,0,0,0,0,0
gawk-pgclient-postgres,3,gawk pgclient postgres,ACCEPT,0,0,0,18,0,0,0,0,0,0,0,0
gawk-pgclient-pytools,3,gawk pgclient pytools,ACCEPT,0,0,0,6,0,0,0,0,0,0,0,0
gawk-pgclient-pyyaml,3,gawk pgclient pyyaml,ACCEPT,0,0,0,6,0,0,0,0,0,0,0,0
gawk-pgclient-redis,3,gawk pgclient redis,ACCEPT,0,0,0,2,0,0,0,0,0,0,0,0
gawk-pgclient-rsync,3,gawk pgclient rsync,ACCEPT,0,0,0,2,0,0,0,0,0,0,0,0
gawk-pgclient-rust,3,gawk pgclient rust,ACCEPT,0,0,0,6,0,0,0,0,0,0,0,0
gawk-pgclient-socat,3,gawk pgclient socat,ACCEPT,0,0,0,2,0,0,0,0,0,0,0,0
gawk-pgclient-sqlite,3,gawk pgclient sqlite,ACCEPT,0,0,0,6,0,0,0,0,0,0,0,0
gawk-pgclient-tcpdump,3,gawk pgclient tcpdump,ACCEPT,0,0,0,2,0,0,0,0,0,0,0,0
gawk-pgclient-tmux,3,gawk pgclient tmux,ACCEPT,0,0,0,2,0,0,0,0,0,0,0,0
gawk-pgclient-vim,3,gawk pgclient vim,ACCEPT,0,0,0,6,0,0,0,0,0,0,0,0
gawk-pgclient-webserver,3,gawk pgclient webserver,ACCEPT,0,0,0,2,0,0,0,0,0,0,0,0
gawk-pgclient-wget,3,gawk pgclient wget,ACCEPT,0,0,0,2,0,0,0,0,0,0,0,0
gawk-pgclient-zstd,3,gawk pgclient zstd,ACCEPT,0,0,0,2,0,0,0,0,0,0,0,0
gawk-pipdemo,2,gawk pipdemo,ACCEPT,0,0,0,2,0,0,0,0,0,0,0,0
gawk-pipdemo-postgres,3,gawk pipdemo postgres,ACCEPT,0,0,0,6,0,0,0,0,0,0,0,0
gawk-pipdemo-pytools,3,gawk pipdemo pytools,ACCEPT,0,0,0,23,0,0,0,0,0,0,0,0
gawk-pipdemo-pyyaml,3,gawk pipdemo pyyaml,ACCEPT,0,0,0,17,0,0,0,0,0,0,0,0
gawk-pipdemo-redis,3,gawk pipdemo redis,ACCEPT,0,0,0,2,0,0,0,0,0,0,0,0
gawk-pipdemo-rsync,3,gawk pipdemo rsync,ACCEPT,0,0,0,2,0,0,0,0,0,0,0,0
gawk-pipdemo-rust,3,gawk pipdemo rust,ACCEPT,0,0,0,3,0,0,0,0,0,0,0,0
gawk-pipdemo-socat,3,gawk pipdemo socat,ACCEPT,0,0,0,2,0,0,0,0,0,0,0,0
gawk-pipdemo-sqlite,3,gawk pipdemo sqlite,ACCEPT,0,0,0,7,0,0,0,0,0,0,0,0
gawk-pipdemo-tcpdump,3,gawk pipdemo tcpdump,ACCEPT,0,0,0,2,0,0,0,0,0,0,0,0
gawk-pipdemo-tmux,3,gawk pipdemo tmux,ACCEPT,0,0,0,2,0,0,0,0,0,0,0,0
gawk-pipdemo-vim,3,gawk pipdemo vim,ACCEPT,0,0,0,12,0,0,0,0,0,0,0,0
gawk-pipdemo-webserver,3,gawk pipdemo webserver,ACCEPT,0,0,0,3,0,0,0,0,0,0,0,0
gawk-pipdemo-wget,3,gawk pipdemo wget,ACCEPT,0,0,0,2,0,0,0,0,0,0,0,0
gawk-pipdemo-zstd,3,gawk pipdemo zstd,ACCEPT,0,0,0,2,0,0,0,0,0,0,0,0
gawk-postgres,2,gawk postgres,ACCEPT,0,0,0,2,0,0,0,0,0,0,0,0
gawk-postgres-pytools,3,gawk postgres pytools,ACCEPT,0,0,0,6,0,0,0,0,0,0,0,0
gawk-postgres-pyyaml,3,gawk postgres pyyaml,ACCEPT,0,0,0,6,0,0,0,0,0,0,0,0
gawk-postgres-redis,3,gawk postgres redis,ACCEPT,0,0,0,2,0,0,0,0,0,0,0,0
gawk-postgres-rsync,3,gawk postgres rsync,ACCEPT,0,0,0,2,0,0,0,0,0,0,0,0
gawk-postgres-rust,3,gawk postgres rust,ACCEPT,0,0,0,6,0,0,0,0,0,0,0,0
gawk-postgres-socat,3,gawk postgres socat,ACCEPT,0,0,0,2,0,0,0,0,0,0,0,0
gawk-postgres-sqlite,3,gawk postgres sqlite,ACCEPT,0,0,0,6,0,0,0,0,0,0,0,0
gawk-postgres-tcpdump,3,gawk postgres tcpdump,ACCEPT,0,0,0,2,0,0,0,0,0,0,0,0
gawk-postgres-tmux,3,gawk postgres tmux,ACCEPT,0,0,0,2,0,0,0,0,0,0,0,0
gawk-postgres-vim,3,gawk postgres vim,ACCEPT,0,0,0,6,0,0,0,0,0,0,0,0
gawk-postgres-webserver,3,gawk postgres webserver,ACCEPT,0,0,0,8,0,0,0,0,0,0,0,0
gawk-postgres-wget,3,gawk postgres wget,ACCEPT,0,0,0,2,0,0,0,0,0,0,0,0
gawk-postgres-zstd,3,gawk postgres zstd,ACCEPT,0,0,0,2,0,0,0,0,0,0,0,0
gawk-pytools,2,gawk pytools,ACCEPT,0,0,0,2,0,0,0,0,0,0,0,0
gawk-pytools-pyyaml,3,gawk pytools pyyaml,ACCEPT,0,0,0,17,0,0,0,0,0,0,0,0
gawk-pytools-redis,3,gawk pytools redis,ACCEPT,0,0,0,2,0,0,0,0,0,0,0,0
gawk-pytools-rsync,3,gawk pytools rsync,ACCEPT,0,0,0,2,0,0,0,0,0,0,0,0
gawk-pytools-rust,3,gawk pytools rust,ACCEPT,0,0,0,4,0,0,0,0,0,0,0,0
gawk-pytools-socat,3,gawk pytools socat,ACCEPT,0,0,0,2,0,0,0,0,0,0,0,0
gawk-pytools-sqlite,3,gawk pytools sqlite,ACCEPT,0,0,0,7,0,0,0,0,0,0,0,0
gawk-pytools-tcpdump,3,gawk pytools tcpdump,ACCEPT,0,0,0,2,0,0,0,0,0,0,0,0
gawk-pytools-tmux,3,gawk pytools tmux,ACCEPT,0,0,0,2,0,0,0,0,0,0,0,0
gawk-pytools-vim,3,gawk pytools vim,ACCEPT,0,0,0,12,0,0,0,0,0,0,0,0
gawk-pytools-webserver,3,gawk pytools webserver,ACCEPT,0,0,0,3,0,0,0,0,0,0,0,0
gawk-pytools-wget,3,gawk pytools wget,ACCEPT,0,0,0,2,0,0,0,0,0,0,0,0
gawk-pytools-zstd,3,gawk pytools zstd,ACCEPT,0,0,0,2,0,0,0,0,0,0,0,0
gawk-pyyaml,2,gawk pyyaml,ACCEPT,0,0,0,2,0,0,0,0,0,0,0,0
gawk-pyyaml-redis,3,gawk pyyaml redis,ACCEPT,0,0,0,2,0,0,0,0,0,0,0,0
gawk-pyyaml-rsync,3,gawk pyyaml rsync,ACCEPT,0,0,0,2,0,0,0,0,0,0,0,0
gawk-pyyaml-rust,3,gawk pyyaml rust,ACCEPT,0,0,0,3,0,0,0,0,0,0,0,0
gawk-pyyaml-socat,3,gawk pyyaml socat,ACCEPT,0,0,0,2,0,0,0,0,0,0,0,0
gawk-pyyaml-sqlite,3,gawk pyyaml sqlite,ACCEPT,0,0,0,7,0,0,0,0,0,0,0,0
gawk-pyyaml-tcpdump,3,gawk pyyaml tcpdump,ACCEPT,0,0,0,2,0,0,0,0,0,0,0,0
gawk-pyyaml-tmux,3,gawk pyyaml tmux,ACCEPT,0,0,0,2,0,0,0,0,0,0,0,0
gawk-pyyaml-vim,3,gawk pyyaml vim,ACCEPT,0,0,0,12,0,0,0,0,0,0,0,0
gawk-pyyaml-webserver,3,gawk pyyaml webserver,ACCEPT,0,0,0,3,0,0,0,0,0,0,0,0
gawk-pyyaml-wget,3,gawk pyyaml wget,ACCEPT,0,0,0,2,0,0,0,0,0,0,0,0
gawk-pyyaml-zstd,3,gawk pyyaml zstd,ACCEPT,0,0,0,2,0,0,0,0,0,0,0,0
gawk-redis,2,gawk redis,ACCEPT,0,0,0,0,0,0,0,0,0,0,0,0
gawk-redis-rsync,3,gawk redis rsync,ACCEPT,0,0,0,0,0,0,0,0,0,0,0,0
gawk-redis-rust,3,gawk redis rust,ACCEPT,0,0,0,2,0,0,0,0,0,0,0,0
gawk-redis-socat,3,gawk redis socat,ACCEPT,0,0,0,0,0,0,0,0,0,0,0,0
gawk-redis-sqlite,3,gawk redis sqlite,ACCEPT,0,0,0,2,0,0,0,0,0,0,0,0
gawk-redis-tcpdump,3,gawk redis tcpdump,ACCEPT,0,0,0,0,0,0,0,0,0,0,0,0
gawk-redis-tmux,3,gawk redis tmux,ACCEPT,0,0,0,0,0,0,0,0,0,0,0,0
gawk-redis-vim,3,gawk redis vim,ACCEPT,0,0,0,2,0,0,0,0,0,0,0,0
gawk-redis-webserver,3,gawk redis webserver,ACCEPT,0,0,0,0,0,0,0,0,0,0,0,0
gawk-redis-wget,3,gawk redis wget,ACCEPT,0,0,0,0,0,0,0,0,0,0,0,0
gawk-redis-zstd,3,gawk redis zstd,ACCEPT,0,0,0,0,0,0,0,0,0,0,0,0
gawk-rsync,2,gawk rsync,ACCEPT,0,0,0,0,0,0,0,0,0,0,0,0
gawk-rsync-rust,3,gawk rsync rust,ACCEPT,0,0,0,1,0,0,0,0,0,0,0,0
gawk-rsync-socat,3,gawk rsync socat,ACCEPT,0,0,0,0,0,0,0,0,0,0,0,0
gawk-rsync-sqlite,3,gawk rsync sqlite,ACCEPT,0,0,0,2,0,0,0,0,0,0,0,0
gawk-rsync-tcpdump,3,gawk rsync tcpdump,ACCEPT,0,0,0,0,0,0,0,0,0,0,0,0
gawk-rsync-tmux,3,gawk rsync tmux,ACCEPT,0,0,0,0,0,0,0,0,0,0,0,0
gawk-rsync-vim,3,gawk rsync vim,ACCEPT,0,0,0,2,0,0,0,0,0,0,0,0
gawk-rsync-webserver,3,gawk rsync webserver,ACCEPT,0,0,0,0,0,0,0,0,0,0,0,0
gawk-rsync-wget,3,gawk rsync wget,ACCEPT,0,0,0,0,0,0,0,0,0,0,0,0
gawk-rsync-zstd,3,gawk rsync zstd,ACCEPT,0,0,0,0,0,0,0,0,0,0,0,0
gawk-rust,2,gawk rust,ACCEPT,0,0,0,1,0,0,0,0,0,0,0,0
gawk-rust-socat,3,gawk rust socat,ACCEPT,0,0,0,1,0,0,0,0,0,0,0,0
gawk-rust-sqlite,3,gawk rust sqlite,ACCEPT,0,0,0,3,0,0,0,0,0,0,0,0
gawk-rust-tcpdump,3,gawk rust tcpdump,ACCEPT,0,0,0,1,0,0,0,0,0,0,0,0
gawk-rust-tmux,3,gawk rust tmux,ACCEPT,0,0,0,1,0,0,0,0,0,0,0,0
gawk-rust-vim,3,gawk rust vim,ACCEPT,0,0,0,3,0,0,0,0,0,0,0,0
gawk-rust-webserver,3,gawk rust webserver,ACCEPT,0,0,0,2,0,0,0,0,0,0,0,0
gawk-rust-wget,3,gawk rust wget,ACCEPT,0,0,0,2,0,0,0,0,0,0,0,0
gawk-rust-zstd,3,gawk rust zstd,ACCEPT,0,0,0,1,0,0,0,0,0,0,0,0
gawk-socat,2,gawk socat,ACCEPT,0,0,0,0,0,0,0,0,0,0,0,0
gawk-socat-sqlite,3,gawk socat sqlite,ACCEPT,0,0,0,2,0,0,0,0,0,0,0,0
gawk-socat-tcpdump,3,gawk socat tcpdump,ACCEPT,0,0,0,0,0,0,0,0,0,0,0,0
gawk-socat-tmux,3,gawk socat tmux,ACCEPT,0,0,0,0,0,0,0,0,0,0,0,0
gawk-socat-vim,3,gawk socat vim,ACCEPT,0,0,0,2,0,0,0,0,0,0,0,0
gawk-socat-webserver,3,gawk socat webserver,ACCEPT,0,0,0,0,0,0,0,0,0,0,0,0
gawk-socat-wget,3,gawk socat wget,ACCEPT,0,0,0,0,0,0,0,0,0,0,0,0
gawk-socat-zstd,3,gawk socat zstd,ACCEPT,0,0,0,0,0,0,0,0,0,0,0,0
gawk-sqlite,2,gawk sqlite,ACCEPT,0,0,0,2,0,0,0,0,0,0,0,0
gawk-sqlite-tcpdump,3,gawk sqlite tcpdump,ACCEPT,0,0,0,2,0,0,0,0,0,0,0,0
gawk-sqlite-tmux,3,gawk sqlite tmux,ACCEPT,0,0,0,2,0,0,0,0,0,0,0,0
gawk-sqlite-vim,3,gawk sqlite vim,ACCEPT,0,0,0,7,0,0,0,0,0,0,0,0
gawk-sqlite-webserver,3,gawk sqlite webserver,ACCEPT,0,0,0,2,0,0,0,0,0,0,0,0
gawk-sqlite-wget,3,gawk sqlite wget,ACCEPT,0,0,0,2,0,0,0,0,0,0,0,0
gawk-sqlite-zstd,3,gawk sqlite zstd,ACCEPT,0,0,0,2,0,0,0,0,0,0,0,0
gawk-tcpdump,2,gawk tcpdump,ACCEPT,0,0,0,0,0,0,0,0,0,0,0,0
gawk-tcpdump-tmux,3,gawk tcpdump tmux,ACCEPT,0,0,0,0,0,0,0,0,0,0,0,0
gawk-tcpdump-vim,3,gawk tcpdump vim,ACCEPT,0,0,0,2,0,0,0,0,0,0,0,0
gawk-tcpdump-webserver,3,gawk tcpdump webserver,ACCEPT,0,0,0,0,0,0,0,0,0,0,0,0
gawk-tcpdump-wget,3,gawk tcpdump wget,ACCEPT,0,0,0,0,0,0,0,0,0,0,0,0
gawk-tcpdump-zstd,3,gawk tcpdump zstd,ACCEPT,0,0,0,0,0,0,0,0,0,0,0,0
gawk-tmux,2,gawk tmux,ACCEPT,0,0,0,0,0,0,0,0,0,0,0,0
gawk-tmux-vim,3,gawk tmux vim,ACCEPT,0,0,0,2,0,0,0,0,0,0,0,0
gawk-tmux-webserver,3,gawk tmux webserver,ACCEPT,0,0,0,0,0,0,0,0,0,0,0,0
gawk-tmux-wget,3,gawk tmux wget,ACCEPT,0,0,0,0,0,0,0,0,0,0,0,0
gawk-tmux-zstd,3,gawk tmux zstd,ACCEPT,0,0,0,0,0,0,0,0,0,0,0,0
gawk-vim,2,gawk vim,ACCEPT,0,0,0,2,0,0,0,0,0,0,0,0
gawk-vim-webserver,3,gawk vim webserver,ACCEPT,0,0,0,3,0,0,0,0,0,0,0,0
gawk-vim-wget,3,gawk vim wget,ACCEPT,0,0,0,2,0,0,0,0,0,0,0,0
gawk-vim-zstd,3,gawk vim zstd,ACCEPT,0,0,0,2,0,0,0,0,0,0,0,0
gawk-webserver,2,gawk webserver,ACCEPT,0,0,0,0,0,0,0,0,0,0,0,0
gawk-webserver-wget,3,gawk webserver wget,ACCEPT,0,0,0,0,0,0,0,0,0,0,0,0
gawk-webserver-zstd,3,gawk webserver zstd,ACCEPT,0,0,0,0,0,0,0,0,0,0,0,0
gawk-wget,2,gawk wget,ACCEPT,0,0,0,0,0,0,0,0,0,0,0,0
gawk-wget-zstd,3,gawk wget zstd,ACCEPT,0,0,0,0,0,0,0,0,0,0,0,0
gawk-zstd,2,gawk zstd,ACCEPT,0,0,0,0,0,0,0,0,0,0,0,0
gcc-git,2,gcc git,ACCEPT,0,0,0,5,0,0,0,0,0,0,0,0
gcc-git-htop,3,gcc git htop,ACCEPT,0,0,0,5,0,0,0,0,0,0,0,0
gcc-git-java,3,gcc git java,ACCEPT,0,0,0,7,0,0,0,0,0,0,0,0
gcc-git-jq,3,gcc git jq,ACCEPT,0,0,0,15,0,0,0,0,0,0,0,0
gcc-git-llvm,3,gcc git llvm,ACCEPT,0,0,0,29,0,0,0,0,0,0,0,0
gcc-git-memcached,3,gcc git memcached,ACCEPT,0,0,0,17,0,0,0,0,0,0,0,0
gcc-git-mta-msmtp,3,gcc git mta-msmtp,ACCEPT,0,0,0,5,0,0,0,0,0,0,0,0
gcc-git-mta-nullmailer,3,gcc git mta-nullmailer,ACCEPT,0,0,0,5,0,0,0,0,0,0,0,0
gcc-git-mysql,3,gcc git mysql,ACCEPT,0,0,0,16,0,0,0,0,0,0,0,0
gcc-git-nc-openbsd,3,gcc git nc-openbsd,ACCEPT,0,0,0,5,0,0,0,0,0,0,0,0
gcc-git-nc-traditional,3,gcc git nc-traditional,ACCEPT,0,0,0,5,0,0,0,0,0,0,0,0
gcc-git-nvidia-driver-535,3,gcc git nvidia-driver-535,ACCEPT,0,0,0,11,0,0,0,0,0,0,0,0
gcc-git-original-awk,3,gcc git original-awk,ACCEPT,0,0,0,5,0,0,0,0,0,0,0,0
gcc-git-pgclient,3,gcc git pgclient,ACCEPT,0,0,0,18,0,0,0,0,0,0,0,0
gcc-git-pipdemo,3,gcc git pipdemo,ACCEPT,0,0,0,6,0,0,0,0,0,0,0,0
gcc-git-postgres,3,gcc git postgres,ACCEPT,0,0,0,18,0,0,0,0,0,0,0,0
gcc-git-pytools,3,gcc git pytools,ACCEPT,0,0,0,7,0,0,0,0,0,0,0,0
gcc-git-pyyaml,3,gcc git pyyaml,ACCEPT,0,0,0,6,0,0,0,0,0,0,0,0
gcc-git-redis,3,gcc git redis,ACCEPT,0,0,0,6,0,0,0,0,0,0,0,0
gcc-git-rsync,3,gcc git rsync,ACCEPT,0,0,0,5,0,0,0,0,0,0,0,0
gcc-git-rust,3,gcc git rust,ACCEPT,0,0,0,45,0,0,0,0,0,0,0,0
gcc-git-socat,3,gcc git socat,ACCEPT,0,0,0,5,0,0,0,0,0,0,0,0
gcc-git-sqlite,3,gcc git sqlite,ACCEPT,0,0,0,5,0,0,0,0,0,0,0,0
gcc-git-tcpdump,3,gcc git tcpdump,ACCEPT,0,0,0,5,0,0,0,0,0,0,0,0
gcc-git-tmux,3,gcc git tmux,ACCEPT,0,0,0,5,0,0,0,0,0,0,0,0
gcc-git-vim,3,gcc git vim,ACCEPT,0,0,0,6,0,0,0,0,0,0,0,0
gcc-git-webserver,3,gcc git webserver,ACCEPT,0,0,0,7,0,0,0,0,0,0,0,0
gcc-git-wget,3,gcc git wget,ACCEPT,0,0,0,6,0,0,0,0,0,0,0,0
gcc-git-zstd,3,gcc git zstd,ACCEPT,0,0,0,5,0,0,0,0,0,0,0,0
gcc-htop,2,gcc htop,ACCEPT,0,0,0,0,0,0,0,0,0,0,0,0
gcc-htop-java,3,gcc htop java,ACCEPT,0,0,0,0,0,0,0,0,0,0,0,0
gcc-htop-jq,3,gcc htop jq,ACCEPT,0,0,0,5,0,0,0,0,0,0,0,0
gcc-htop-llvm,3,gcc htop llvm,ACCEPT,0,0,0,24,0,0,0,0,0,0,0,0
gcc-htop-memcached,3,gcc htop memcached,ACCEPT,0,0,0,5,0,0,0,0,0,0,0,0
gcc-htop-mta-msmtp,3,gcc htop mta-msmtp,ACCEPT,0,0,0,0,0,0,0,0,0,0,0,0
gcc-htop-mta-nullmailer,3,gcc htop mta-nullmailer,ACCEPT,0,0,0,0,0,0,0,0,0,0,0,0
gcc-htop-mysql,3,gcc htop mysql,ACCEPT,0,0,0,6,0,0,0,0,0,0,0,0
gcc-htop-nc-openbsd,3,gcc htop nc-openbsd,ACCEPT,0,0,0,0,0,0,0,0,0,0,0,0
gcc-htop-nc-traditional,3,gcc htop nc-traditional,ACCEPT,0,0,0,0,0,0,0,0,0,0,0,0
gcc-htop-nvidia-driver-535,3,gcc htop nvidia-driver-535,ACCEPT,0,0,0,6,0,0,0,0,0,0,0,0
gcc-htop-original-awk,3,gcc htop original-awk,ACCEPT,0,0,0,0,0,0,0,0,0,0,0,0
gcc-htop-pgclient,3,gcc htop pgclient,ACCEPT,0,0,0,5,0,0,0,0,0,0,0,0
gcc-htop-pipdemo,3,gcc htop pipdemo,ACCEPT,0,0,0,0,0,0,0,0,0,0,0,0
gcc-htop-postgres,3,gcc htop postgres,ACCEPT,0,0,0,5,0,0,0,0,0,0,0,0
gcc-htop-pytools,3,gcc htop pytools,ACCEPT,0,0,0,1,0,0,0,0,0,0,0,0
gcc-htop-pyyaml,3,gcc htop pyyaml,ACCEPT,0,0,0,0,0,0,0,0,0,0,0,0
gcc-htop-redis,3,gcc htop redis,ACCEPT,0,0,0,1,0,0,0,0,0,0,0,0
gcc-htop-rsync,3,gcc htop rsync,ACCEPT,0,0,0,0,0,0,0,0,0,0,0,0
gcc-htop-rust,3,gcc htop rust,ACCEPT,0,0,0,31,0,0,0,0,0,0,0,0
gcc-htop-socat,3,gcc htop socat,ACCEPT,0,0,0,0,0,0,0,0,0,0,0,0
gcc-htop-sqlite,3,gcc htop sqlite,ACCEPT,0,0,0,0,0,0,0,0,0,0,0,0
gcc-htop-tcpdump,3,gcc htop tcpdump,ACCEPT,0,0,0,0,0,0,0,0,0,0,0,0
gcc-htop-tmux,3,gcc htop tmux,ACCEPT,0,0,0,0,0,0,0,0,0,0,0,0
gcc-htop-vim,3,gcc htop vim,ACCEPT,0,0,0,0,0,0,0,0,0,0,0,0
gcc-htop-webserver,3,gcc htop webserver,ACCEPT,0,0,0,0,0,0,0,0,0,0,0,0
gcc-htop-wget,3,gcc htop wget,ACCEPT,0,0,0,0,0,0,0,0,0,0,0,0
gcc-htop-zstd,3,gcc htop zstd,ACCEPT,0,0,0,0,0,0,0,0,0,0,0,0
gcc-java,2,gcc java,ACCEPT,0,0,0,0,0,0,0,0,0,0,0,0
gcc-java-jq,3,gcc java jq,ACCEPT,0,0,0,5,0,0,0,0,0,0,0,0
gcc-java-llvm,3,gcc java llvm,ACCEPT,0,0,0,24,0,0,0,0,0,0,0,0
gcc-java-memcached,3,gcc java memcached,ACCEPT,0,0,0,5,0,0,0,0,0,0,0,0
gcc-java-mta-msmtp,3,gcc java mta-msmtp,ACCEPT,0,0,0,2,0,0,0,0,0,0,0,0
gcc-java-mta-nullmailer,3,gcc java mta-nullmailer,ACCEPT,0,0,0,0,0,0,0,0,0,0,0,0
gcc-java-mysql,3,gcc java mysql,ACCEPT,0,0,0,6,0,0,0,0,0,0,0,0
gcc-java-nc-openbsd,3,gcc java nc-openbsd,ACCEPT,0,0,0,0,0,0,0,0,0,0,0,0
gcc-java-nc-traditional,3,gcc java nc-traditional,ACCEPT,0,0,0,0,0,0,0,0,0,0,0,0
gcc-java-nvidia-driver-535,3,gcc java nvidia-driver-535,ACCEPT,0,0,0,6,0,0,0,0,0,0,0,0
gcc-java-original-awk,3,gcc java original-awk,ACCEPT,0,0,0,0,0,0,0,0,0,0,0,0
gcc-java-pgclient,3,gcc java pgclient,ACCEPT,0,0,0,5,0,0,0,0,0,0,0,0
gcc-java-pipdemo,3,gcc java pipdemo,ACCEPT,0,0,0,2,0,0,0,0,0,0,0,0
gcc-java-postgres,3,gcc java postgres,ACCEPT,0,0,0,6,0,0,0,0,0,0,0,0
gcc-java-pytools,3,gcc java pytools,ACCEPT,0,0,0,3,0,0,0,0,0,0,0,0
gcc-java-pyyaml,3,gcc java pyyaml,ACCEPT,0,0,0,2,0,0,0,0,0,0,0,0
gcc-java-redis,3,gcc java redis,ACCEPT,0,0,0,1,0,0,0,0,0,0,0,0
gcc-java-rsync,3,gcc java rsync,ACCEPT,0,0,0,0,0,0,0,0,0,0,0,0
gcc-java-rust,3,gcc java rust,ACCEPT,0,0,0,32,0,0,0,0,0,0,0,0
gcc-java-socat,3,gcc java socat,ACCEPT,0,0,0,0,0,0,0,0,0,0,0,0
gcc-java-sqlite,3,gcc java sqlite,ACCEPT,0,0,0,1,0,0,0,0,0,0,0,0
gcc-java-tcpdump,3,gcc java tcpdump,ACCEPT,0,0,0,1,0,0,0,0,0,0,0,0
gcc-java-tmux,3,gcc java tmux,ACCEPT,0,0,0,0,0,0,0,0,0,0,0,0
gcc-java-vim,3,gcc java vim,ACCEPT,0,0,0,2,0,0,0,0,0,0,0,0
gcc-java-webserver,3,gcc java webserver,ACCEPT,0,0,0,10,0,0,0,0,0,0,0,0
gcc-java-wget,3,gcc java wget,ACCEPT,0,0,0,0,0,0,0,0,0,0,0,0
gcc-java-zstd,3,gcc java zstd,ACCEPT,0,0,0,0,0,0,0,0,0,0,0,0
gcc-jq,2,gcc jq,ACCEPT,0,0,0,5,0,0,0,0,0,0,0,0
gcc-jq-llvm,3,gcc jq llvm,ACCEPT,0,0,0,29,0,0,0,0,0,0,0,0
gcc-jq-memcached,3,gcc jq memcached,ACCEPT,0,0,0,15,0,0,0,0,0,0,0,0
gcc-jq-mta-msmtp,3,gcc jq mta-msmtp,ACCEPT,0,0,0,5,0,0,0,0,0,0,0,0
gcc-jq-mta-nullmailer,3,gcc jq mta-nullmailer,ACCEPT,0,0,0,5,0,0,0,0,0,0,0,0
gcc-jq-mysql,3,gcc jq mysql,ACCEPT,0,0,0,16,0,0,0,0,0,0,0,0
gcc-jq-nc-openbsd,3,gcc jq nc-openbsd,ACCEPT,0,0,0,5,0,0,0,0,0,0,0,0
gcc-jq-nc-traditional,3,gcc jq nc-traditional,ACCEPT,0,0,0,5,0,0,0,0,0,0,0,0
gcc-jq-nvidia-driver-535,3,gcc jq nvidia-driver-535,ACCEPT,0,0,0,11,0,0,0,0,0,0,0,0
gcc-jq-original-awk,3,gcc jq original-awk,ACCEPT,0,0,0,5,0,0,0,0,0,0,0,0
gcc-jq-pgclient,3,gcc jq pgclient,ACCEPT,0,0,0,15,0,0,0,0,0,0,0,0
gcc-jq-pipdemo,3,gcc jq pipdemo,ACCEPT,0,0,0,5,0,0,0,0,0,0,0,0
gcc-jq-postgres,3,gcc jq postgres,ACCEPT,0,0,0,15,0,0,0,0,0,0,0,0
gcc-jq-pytools,3,gcc jq pytools,ACCEPT,0,0,0,6,0,0,0,0,0,0,0,0
gcc-jq-pyyaml,3,gcc jq pyyaml,ACCEPT,0,0,0,5,0,0,0,0,0,0,0,0
gcc-jq-redis,3,gcc jq redis,ACCEPT,0,0,0,6,0,0,0,0,0,0,0,0
gcc-jq-rsync,3,gcc jq rsync,ACCEPT,0,0,0,5,0,0,0,0,0,0,0,0
gcc-jq-rust,3,gcc jq rust,ACCEPT,0,0,0,36,0,0,0,0,0,0,0,0
gcc-jq-socat,3,gcc jq socat,ACCEPT,0,0,0,5,0,0,0,0,0,0,0,0
gcc-jq-sqlite,3,gcc jq sqlite,ACCEPT,0,0,0,5,0,0,0,0,0,0,0,0
gcc-jq-tcpdump,3,gcc jq tcpdump,ACCEPT,0,0,0,5,0,0,0,0,0,0,0,0
gcc-jq-tmux,3,gcc jq tmux,ACCEPT,0,0,0,5,0,0,0,0,0,0,0,0
gcc-jq-vim,3,gcc jq vim,ACCEPT,0,0,0,5,0,0,0,0,0,0,0,0
gcc-jq-webserver,3,gcc jq webserver,ACCEPT,0,0,0,5,0,0,0,0,0,0,0,0
gcc-jq-wget,3,gcc jq wget,ACCEPT,0,0,0,5,0,0,0,0,0,0,0,0
gcc-jq-zstd,3,gcc jq zstd,ACCEPT,0,0,0,5,0,0,0,0,0,0,0,0
gcc-llvm,2,gcc llvm,ACCEPT,0,0,0,24,0,0,0,0,0,0,0,0
gcc-llvm-memcached,3,gcc llvm memcached,ACCEPT,0,0,0,29,0,0,0,0,0,0,0,0
gcc-llvm-mta-msmtp,3,gcc llvm mta-msmtp,ACCEPT,0,0,0,24,0,0,0,0,0,0,0,0
gcc-llvm-mta-nullmailer,3,gcc llvm mta-nullmailer,ACCEPT,0,0,0,24,0,0,0,0,0,0,0,0
gcc-llvm-mysql,3,gcc llvm mysql,ACCEPT,0,0,0,33,0,0,0,0,0,0,0,0
gcc-llvm-nc-openbsd,3,gcc llvm nc-openbsd,ACCEPT,0,0,0,26,0,0,0,0,0,0,0,0
gcc-llvm-nc-traditional,3,gcc llvm nc-traditional,ACCEPT,0,0,0,24,0,0,0,0,0,0,0,0
gcc-llvm-nvidia-driver-535,3,gcc llvm nvidia-driver-535,ACCEPT,0,0,0,36,0,0,0,0,0,0,0,0
gcc-llvm-original-awk,3,gcc llvm original-awk,ACCEPT,0,0,0,24,0,0,0,0,0,0,0,0
gcc-llvm-pgclient,3,gcc llvm pgclient,ACCEPT,0,0,0,29,0,0,0,0,0,0,0,0
gcc-llvm-pipdemo,3,gcc llvm pipdemo,ACCEPT,0,0,0,24,0,0,0,0,0,0,0,0
gcc-llvm-postgres,3,gcc llvm postgres,ACCEPT,0,0,0,35,0,0,0,0,0,0,0,0
gcc-llvm-pytools,3,gcc llvm pytools,ACCEPT,0,0,0,26,0,0,0,0,0,0,0,0
gcc-llvm-pyyaml,3,gcc llvm pyyaml,ACCEPT,0,0,0,24,0,0,0,0,0,0,0,0
gcc-llvm-redis,3,gcc llvm redis,ACCEPT,0,0,0,26,0,0,0,0,0,0,0,0
gcc-llvm-rsync,3,gcc llvm rsync,ACCEPT,0,0,0,24,0,0,0,0,0,0,0,0
gcc-llvm-rust,3,gcc llvm rust,ACCEPT,0,0,0,78,0,0,0,0,0,0,0,0
gcc-llvm-socat,3,gcc llvm socat,ACCEPT,0,0,0,24,0,0,0,0,0,0,0,0
gcc-llvm-sqlite,3,gcc llvm sqlite,ACCEPT,0,0,0,24,0,0,0,0,0,0,0,0
gcc-llvm-tcpdump,3,gcc llvm tcpdump,ACCEPT,0,0,0,24,0,0,0,0,0,0,0,0
gcc-llvm-tmux,3,gcc llvm tmux,ACCEPT,0,0,0,24,0,0,0,0,0,0,0,0
gcc-llvm-vim,3,gcc llvm vim,ACCEPT,0,0,0,24,0,0,0,0,0,0,0,0
gcc-llvm-webserver,3,gcc llvm webserver,ACCEPT,0,0,0,28,0,0,0,0,0,0,0,0
gcc-llvm-wget,3,gcc llvm wget,ACCEPT,0,0,0,24,0,0,0,0,0,0,0,0
gcc-llvm-zstd,3,gcc llvm zstd,ACCEPT,0,0,0,24,0,0,0,0,0,0,0,0
gcc-memcached,2,gcc memcached,ACCEPT,0,0,0,5,0,0,0,0,0,0,0,0
gcc-memcached-mta-msmtp,3,gcc memcached mta-msmtp,ACCEPT,0,0,0,5,0,0,0,0,0,0,0,0
gcc-memcached-mta-nullmailer,3,gcc memcached mta-nullmailer,ACCEPT,0,0,0,5,0,0,0,0,0,0,0,0
gcc-memcached-mysql,3,gcc memcached mysql,ACCEPT,0,0,0,16,0,0,0,0,0,0,0,0
gcc-memcached-nc-openbsd,3,gcc memcached nc-openbsd,ACCEPT,0,0,0,5,0,0,0,0,0,0,0,0
gcc-memcached-nc-traditional,3,gcc memcached nc-traditional,ACCEPT,0,0,0,5,0,0,0,0,0,0,0,0
gcc-memcached-nvidia-driver-535,3,gcc memcached nvidia-driver-535,ACCEPT,0,0,0,11,0,0,0,0,0,0,0,0
gcc-memcached-original-awk,3,gcc memcached original-awk,ACCEPT,0,0,0,5,0,0,0,0,0,0,0,0
gcc-memcached-pgclient,3,gcc memcached pgclient,ACCEPT,0,0,0,17,0,0,0,0,0,0,0,0
gcc-memcached-pipdemo,3,gcc memcached pipdemo,ACCEPT,0,0,0,5,0,0,0,0,0,0,0,0
gcc-memcached-postgres,3,gcc memcached postgres,ACCEPT,0,0,0,17,0,0,0,0,0,0,0,0
gcc-memcached-pytools,3,gcc memcached pytools,ACCEPT,0,0,0,6,0,0,0,0,0,0,0,0
gcc-memcached-pyyaml,3,gcc memcached pyyaml,ACCEPT,0,0,0,5,0,0,0,0,0,0,0,0
gcc-memcached-redis,3,gcc memcached redis,ACCEPT,0,0,0,6,0,0,0,0,0,0,0,0
gcc-memcached-rsync,3,gcc memcached rsync,ACCEPT,0,0,0,5,0,0,0,0,0,0,0,0
gcc-memcached-rust,3,gcc memcached rust,ACCEPT,0,0,0,38,0,0,0,0,0,0,0,0
gcc-memcached-socat,3,gcc memcached socat,ACCEPT,0,0,0,5,0,0,0,0,0,0,0,0
gcc-memcached-sqlite,3,gcc memcached sqlite,ACCEPT,0,0,0,5,0,0,0,0,0,0,0,0
gcc-memcached-tcpdump,3,gcc memcached tcpdump,ACCEPT,0,0,0,5,0,0,0,0,0,0,0,0
gcc-memcached-tmux,3,gcc memcached tmux,ACCEPT,0,0,0,5,0,0,0,0,0,0,0,0
gcc-memcached-vim,3,gcc memcached vim,ACCEPT,0,0,0,5,0,0,0,0,0,0,0,0
gcc-memcached-webserver,3,gcc memcached webserver,ACCEPT,0,0,0,5,0,0,0,0,0,0,0,0
gcc-memcached-wget,3,gcc memcached wget,ACCEPT,0,0,0,5,0,0,0,0,0,0,0,0
gcc-memcached-zstd,3,gcc memcached zstd,ACCEPT,0,0,0,5,0,0,0,0,0,0,0,0
gcc-mta-msmtp,2,gcc mta-msmtp,ACCEPT,0,0,0,0,0,0,0,0,0,0,0,0
gcc-mta-msmtp-mta-nullmailer,3,gcc mta-msmtp mta-nullmailer,REJECT,1,2,0,0,0,2,0,4,0,0,0,0
gcc-mta-msmtp-mysql,3,gcc mta-msmtp mysql,ACCEPT,0,0,0,6,0,0,0,0,0,0,0,0
gcc-mta-msmtp-nc-openbsd,3,gcc mta-msmtp nc-openbsd,ACCEPT,0,0,0,0,0,0,0,0,0,0,0,0
gcc-mta-msmtp-nc-traditional,3,gcc mta-msmtp nc-traditional,ACCEPT,0,0,0,0,0,0,0,0,0,0,0,0
gcc-mta-msmtp-nvidia-driver-535,3,gcc mta-msmtp nvidia-driver-535,ACCEPT,0,0,0,6,0,0,0,0,0,0,0,0
gcc-mta-msmtp-original-awk,3,gcc mta-msmtp original-awk,ACCEPT,0,0,0,0,0,0,0,0,0,0,0,0
gcc-mta-msmtp-pgclient,3,gcc mta-msmtp pgclient,ACCEPT,0,0,0,5,0,0,0,0,0,0,0,0
gcc-mta-msmtp-pipdemo,3,gcc mta-msmtp pipdemo,ACCEPT,0,0,0,0,0,0,0,0,0,0,0,0
gcc-mta-msmtp-postgres,3,gcc mta-msmtp postgres,ACCEPT,0,0,0,6,0,0,0,0,0,0,0,0
gcc-mta-msmtp-pytools,3,gcc mta-msmtp pytools,ACCEPT,0,0,0,1,0,0,0,0,0,0,0,0
gcc-mta-msmtp-pyyaml,3,gcc mta-msmtp pyyaml,ACCEPT,0,0,0,0,0,0,0,0,0,0,0,0
gcc-mta-msmtp-redis,3,gcc mta-msmtp redis,ACCEPT,0,0,0,1,0,0,0,0,0,0,0,0
gcc-mta-msmtp-rsync,3,gcc mta-msmtp rsync,ACCEPT,0,0,0,0,0,0,0,0,0,0,0,0
gcc-mta-msmtp-rust,3,gcc mta-msmtp rust,ACCEPT,0,0,0,31,0,0,0,0,0,0,0,0
gcc-mta-msmtp-socat,3,gcc mta-msmtp socat,ACCEPT,0,0,0,0,0,0,0,0,0,0,0,0
gcc-mta-msmtp-sqlite,3,gcc mta-msmtp sqlite,ACCEPT,0,0,0,0,0,0,0,0,0,0,0,0
gcc-mta-msmtp-tcpdump,3,gcc mta-msmtp tcpdump,ACCEPT,0,0,0,0,0,0,0,0,0,0,0,0
gcc-mta-msmtp-tmux,3,gcc mta-msmtp tmux,ACCEPT,0,0,0,0,0,0,0,0,0,0,0,0
gcc-mta-msmtp-vim,3,gcc mta-msmtp vim,ACCEPT,0,0,0,0,0,0,0,0,0,0,0,0
gcc-mta-msmtp-webserver,3,gcc mta-msmtp webserver,ACCEPT,0,0,0,1,0,0,0,0,0,0,0,0
gcc-mta-msmtp-wget,3,gcc mta-msmtp wget,ACCEPT,0,0,0,0,0,0,0,0,0,0,0,0
gcc-mta-msmtp-zstd,3,gcc mta-msmtp zstd,ACCEPT,0,0,0,0,0,0,0,0,0,0,0,0
gcc-mta-nullmailer,2,gcc mta-nullmailer,ACCEPT,0,0,0,0,0,0,0,0,0,0,0,0
gcc-mta-nullmailer-mysql,3,gcc mta-nullmailer mysql,ACCEPT,0,0,0,6,0,0,0,0,0,0,0,0
gcc-mta-nullmailer-nc-openbsd,3,gcc mta-nullmailer nc-openbsd,ACCEPT,0,0,0,0,0,0,0,0,0,0,0,0
gcc-mta-nullmailer-nc-traditional,3,gcc mta-nullmailer nc-traditional,ACCEPT,0,0,0,0,0,0,0,0,0,0,0,0
gcc-mta-nullmailer-nvidia-driver-535,3,gcc mta-nullmailer nvidia-driver-535,ACCEPT,0,0,0,6,0,0,0,0,0,0,0,0
gcc-mta-nullmailer-original-awk,3,gcc mta-nullmailer original-awk,ACCEPT,0,0,0,0,0,0,0,0,0,0,0,0
gcc-mta-nullmailer-pgclient,3,gcc mta-nullmailer pgclient,ACCEPT,0,0,0,5,0,0,0,0,0,0,0,0
gcc-mta-nullmailer-pipdemo,3,gcc mta-nullmailer pipdemo,ACCEPT,0,0,0,0,0,0,0,0,0,0,0,0
gcc-mta-nullmailer-postgres,3,gcc mta-nullmailer postgres,ACCEPT,0,0,0,5,0,0,0,0,0,0,0,0
gcc-mta-nullmailer-pytools,3,gcc mta-nullmailer pytools,ACCEPT,0,0,0,1,0,0,0,0,0,0,0,0
gcc-mta-nullmailer-pyyaml,3,gcc mta-nullmailer pyyaml,ACCEPT,0,0,0,0,0,0,0,0,0,0,0,0
gcc-mta-nullmailer-redis,3,gcc mta-nullmailer redis,ACCEPT,0,0,0,1,0,0,0,0,0,0,0,0
gcc-mta-nullmailer-rsync,3,gcc mta-nullmailer rsync,ACCEPT,0,0,0,0,0,0,0,0,0,0,0,0
gcc-mta-nullmailer-rust,3,gcc mta-nullmailer rust,ACCEPT,0,0,0,31,0,0,0,0,0,0,0,0
gcc-mta-nullmailer-socat,3,gcc mta-nullmailer socat,ACCEPT,0,0,0,0,0,0,0,0,0,0,0,0
gcc-mta-nullmailer-sqlite,3,gcc mta-nullmailer sqlite,ACCEPT,0,0,0,0,0,0,0,0,0,0,0,0
gcc-mta-nullmailer-tcpdump,3,gcc mta-nullmailer tcpdump,ACCEPT,0,0,0,0,0,0,0,0,0,0,0,0
gcc-mta-nullmailer-tmux,3,gcc mta-nullmailer tmux,ACCEPT,0,0,0,0,0,0,0,0,0,0,0,0
gcc-mta-nullmailer-vim,3,gcc mta-nullmailer vim,ACCEPT,0,0,0,0,0,0,0,0,0,0,0,0
gcc-mta-nullmailer-webserver,3,gcc mta-nullmailer webserver,ACCEPT,0,0,0,0,0,0,0,0,0,0,0,0
gcc-mta-nullmailer-wget,3,gcc mta-nullmailer wget,ACCEPT,0,0,0,0,0,0,0,0,0,0,0,0
gcc-mta-nullmailer-zstd,3,gcc mta-nullmailer zstd,ACCEPT,0,0,0,0,0,0,0,0,0,0,0,0
gcc-mysql,2,gcc mysql,ACCEPT,0,0,0,6,0,0,0,0,0,0,0,0
gcc-mysql-nc-openbsd,3,gcc mysql nc-openbsd,ACCEPT,0,0,0,8,0,0,0,0,0,0,0,0
gcc-mysql-nc-traditional,3,gcc mysql nc-traditional,ACCEPT,0,0,0,6,0,0,0,0,0,0,0,0
gcc-mysql-nvidia-driver-535,3,gcc mysql nvidia-driver-535,ACCEPT,0,0,0,12,0,0,0,0,0,0,0,0
gcc-mysql-original-awk,3,gcc mysql original-awk,ACCEPT,0,0,0,6,0,0,0,0,0,0,0,0
gcc-mysql-pgclient,3,gcc mysql pgclient,ACCEPT,0,0,0,18,0,0,0,0,0,0,0,0
gcc-mysql-pipdemo,3,gcc mysql pipdemo,ACCEPT,0,0,0,8,0,0,0,0,0,0,0,0
gcc-mysql-postgres,3,gcc mysql postgres,ACCEPT,0,0,0,21,0,0,0,0,0,0,0,0
gcc-mysql-pytools,3,gcc mysql pytools,ACCEPT,0,0,0,9,0,0,0,0,0,0,0,0
gcc-mysql-pyyaml,3,gcc mysql pyyaml,ACCEPT,0,0,0,8,0,0,0,0,0,0,0,0
gcc-mysql-redis,3,gcc mysql redis,ACCEPT,0,0,0,7,0,0,0,0,0,0,0,0
gcc-mysql-rsync,3,gcc mysql rsync,ACCEPT,0,0,0,8,0,0,0,0,0,0,0,0
gcc-mysql-rust,3,gcc mysql rust,ACCEPT,0,0,0,38,0,0,0,0,0,0,0,0
gcc-mysql-socat,3,gcc mysql socat,ACCEPT,0,0,0,8,0,0,0,0,0,0,0,0
gcc-mysql-sqlite,3,gcc mysql sqlite,ACCEPT,0,0,0,8,0,0,0,0,0,0,0,0
gcc-mysql-tcpdump,3,gcc mysql tcpdump,ACCEPT,0,0,0,6,0,0,0,0,0,0,0,0
gcc-mysql-tmux,3,gcc mysql tmux,ACCEPT,0,0,0,6,0,0,0,0,0,0,0,0
gcc-mysql-vim,3,gcc mysql vim,ACCEPT,0,0,0,8,0,0,0,0,0,0,0,0
gcc-mysql-webserver,3,gcc mysql webserver,ACCEPT,0,0,0,14,0,0,0,0,0,0,0,0
gcc-mysql-wget,3,gcc mysql wget,ACCEPT,0,0,0,6,0,0,0,0,0,0,0,0
gcc-mysql-zstd,3,gcc mysql zstd,ACCEPT,0,0,0,6,0,0,0,0,0,0,0,0
gcc-nc-openbsd,2,gcc nc-openbsd,ACCEPT,0,0,0,0,0,0,0,0,0,0,0,0
gcc-nc-openbsd-nc-traditional,3,gcc nc-openbsd nc-traditional,ACCEPT,0,0,0,0,0,0,0,0,0,0,0,0
gcc-nc-openbsd-nvidia-driver-535,3,gcc nc-openbsd nvidia-driver-535,ACCEPT,0,0,0,6,0,0,0,0,0,0,0,0
gcc-nc-openbsd-original-awk,3,gcc nc-openbsd original-awk,ACCEPT,0,0,0,0,0,0,0,0,0,0,0,0
gcc-nc-openbsd-pgclient,3,gcc nc-openbsd pgclient,ACCEPT,0,0,0,5,0,0,0,0,0,0,0,0
gcc-nc-openbsd-pipdemo,3,gcc nc-openbsd pipdemo,ACCEPT,0,0,0,0,0,0,0,0,0,0,0,0
gcc-nc-openbsd-postgres,3,gcc nc-openbsd postgres,ACCEPT,0,0,0,7,0,0,0,0,0,0,0,0
gcc-nc-openbsd-pytools,3,gcc nc-openbsd pytools,ACCEPT,0,0,0,1,0,0,0,0,0,0,0,0
gcc-nc-openbsd-pyyaml,3,gcc nc-openbsd pyyaml,ACCEPT,0,0,0,0,0,0,0,0,0,0,0,0
gcc-nc-openbsd-redis,3,gcc nc-openbsd redis,ACCEPT,0,0,0,1,0,0,0,0,0,0,0,0
gcc-nc-openbsd-rsync,3,gcc nc-openbsd rsync,ACCEPT,0,0,0,0,0,0,0,0,0,0,0,0
gcc-nc-openbsd-rust,3,gcc nc-openbsd rust,ACCEPT,0,0,0,31,0,0,0,0,0,0,0,0
gcc-nc-openbsd-socat,3,gcc nc-openbsd socat,ACCEPT,0,0,0,0,0,0,0,0,0,0,0,0
gcc-nc-openbsd-sqlite,3,gcc nc-openbsd sqlite,ACCEPT,0,0,0,0,0,0,0,0,0,0,0,0
gcc-nc-openbsd-tcpdump,3,gcc nc-openbsd tcpdump,ACCEPT,0,0,0,0,0,0,0,0,0,0,0,0
gcc-nc-openbsd-tmux,3,gcc nc-openbsd tmux,ACCEPT,0,0,0,0,0,0,0,0,0,0,0,0
gcc-nc-openbsd-vim,3,gcc nc-openbsd vim,ACCEPT,0,0,0,0,0,0,0,0,0,0,0,0
gcc-nc-openbsd-webserver,3,gcc nc-openbsd webserver,ACCEPT,0,0,0,2,0,0,0,0,0,0,0,0
gcc-nc-openbsd-wget,3,gcc nc-openbsd wget,ACCEPT,0,0,0,0,0,0,0,0,0,0,0,0
gcc-nc-openbsd-zstd,3,gcc nc-openbsd zstd,ACCEPT,0,0,0,0,0,0,0,0,0,0,0,0
gcc-nc-traditional,2,gcc nc-traditional,ACCEPT,0,0,0,0,0,0,0,0,0,0,0,0
gcc-nc-traditional-nvidia-driver-535,3,gcc nc-traditional nvidia-driver-535,ACCEPT,0,0,0,6,0,0,0,0,0,0,0,0
gcc-nc-traditional-original-awk,3,gcc nc-traditional original-awk,ACCEPT,0,0,0,0,0,0,0,0,0,0,0,0
gcc-nc-traditional-pgclient,3,gcc nc-traditional pgclient,ACCEPT,0,0,0,5,0,0,0,0,0,0,0,0
gcc-nc-traditional-pipdemo,3,gcc nc-traditional pipdemo,ACCEPT,0,0,0,0,0,0,0,0,0,0,0,0
gcc-nc-traditional-postgres,3,gcc nc-traditional postgres,ACCEPT,0,0,0,5,0,0,0,0,0,0,0,0
gcc-nc-traditional-pytools,3,gcc nc-traditional pytools,ACCEPT,0,0,0,1,0,0,0,0,0,0,0,0
gcc-nc-traditional-pyyaml,3,gcc nc-traditional pyyaml,ACCEPT,0,0,0,0,0,0,0,0,0,0,0,0
gcc-nc-traditional-redis,3,gcc nc-traditional redis,ACCEPT,0,0,0,1,0,0,0,0,0,0,0,0
gcc-nc-traditional-rsync,3,gcc nc-traditional rsync,ACCEPT,0,0,0,0,0,0,0,0,0,0,0,0
gcc-nc-traditional-rust,3,gcc nc-traditional rust,ACCEPT,0,0,0,31,0,0,0,0,0,0,0,0
gcc-nc-traditional-socat,3,gcc nc-traditional socat,ACCEPT,0,0,0,0,0,0,0,0,0,0,0,0
gcc-nc-traditional-sqlite,3,gcc nc-traditional sqlite,ACCEPT,0,0,0,0,0,0,0,0,0,0,0,0
gcc-nc-traditional-tcpdump,3,gcc nc-traditional tcpdump,ACCEPT,0,0,0,0,0,0,0,0,0,0,0,0
gcc-nc-traditional-tmux,3,gcc nc-traditional tmux,ACCEPT,0,0,0,0,0,0,0,0,0,0,0,0
gcc-nc-traditional-vim,3,gcc nc-traditional vim,ACCEPT,0,0,0,0,0,0,0,0,0,0,0,0
gcc-nc-traditional-webserver,3,gcc nc-traditional webserver,ACCEPT,0,0,0,0,0,0,0,0,0,0,0,0
gcc-nc-traditional-wget,3,gcc nc-traditional wget,ACCEPT,0,0,0,0,0,0,0,0,0,0,0,0
gcc-nc-traditional-zstd,3,gcc nc-traditional zstd,ACCEPT,0,0,0,0,0,0,0,0,0,0,0,0
gcc-nvidia-driver-535,2,gcc nvidia-driver-535,ACCEPT,0,0,0,6,0,0,0,0,0,0,0,0
gcc-nvidia-driver-535-original-awk,3,gcc nvidia-driver-535 original-awk,ACCEPT,0,0,0,6,0,0,0,0,0,0,0,0
gcc-nvidia-driver-535-pgclient,3,gcc nvidia-driver-535 pgclient,ACCEPT,0,0,0,11,0,0,0,0,0,0,0,0
gcc-nvidia-driver-535-pipdemo,3,gcc nvidia-driver-535 pipdemo,ACCEPT,0,0,0,6,0,0,0,0,0,0,0,0
gcc-nvidia-driver-535-postgres,3,gcc nvidia-driver-535 postgres,ACCEPT,0,0,0,11,0,0,0,0,0,0,0,0
gcc-nvidia-driver-535-pytools,3,gcc nvidia-driver-535 pytools,ACCEPT,0,0,0,7,0,0,0,0,0,0,0,0
gcc-nvidia-driver-535-pyyaml,3,gcc nvidia-driver-535 pyyaml,ACCEPT,0,0,0,6,0,0,0,0,0,0,0,0
gcc-nvidia-driver-535-redis,3,gcc nvidia-driver-535 redis,ACCEPT,0,0,0,7,0,0,0,0,0,0,0,0
gcc-nvidia-driver-535-rsync,3,gcc nvidia-driver-535 rsync,ACCEPT,0,0,0,6,0,0,0,0,0,0,0,0
gcc-nvidia-driver-535-rust,3,gcc nvidia-driver-535 rust,ACCEPT,0,0,0,43,0,0,0,0,0,0,0,0
gcc-nvidia-driver-535-socat,3,gcc nvidia-driver-535 socat,ACCEPT,0,0,0,6,0,0,0,0,0,0,0,0
gcc-nvidia-driver-535-sqlite,3,gcc nvidia-driver-535 sqlite,ACCEPT,0,0,0,6,0,0,0,0,0,0,0,0
gcc-nvidia-driver-535-tcpdump,3,gcc nvidia-driver-535 tcpdump,ACCEPT,0,0,0,6,0,0,0,0,0,0,0,0
gcc-nvidia-driver-535-tmux,3,gcc nvidia-driver-535 tmux,ACCEPT,0,0,0,6,0,0,0,0,0,0,0,0
gcc-nvidia-driver-535-vim,3,gcc nvidia-driver-535 vim,ACCEPT,0,0,0,6,0,0,0,0,0,0,0,0
gcc-nvidia-driver-535-webserver,3,gcc nvidia-driver-535 webserver,ACCEPT,0,0,0,6,0,0,0,0,0,0,0,0
gcc-nvidia-driver-535-wget,3,gcc nvidia-driver-535 wget,ACCEPT,0,0,0,6,0,0,0,0,0,0,0,0
gcc-nvidia-driver-535-zstd,3,gcc nvidia-driver-535 zstd,ACCEPT,0,0,0,6,0,0,0,0,0,0,0,0
gcc-original-awk,2,gcc original-awk,ACCEPT,0,0,0,0,0,0,0,0,0,0,0,0
gcc-original-awk-pgclient,3,gcc original-awk pgclient,ACCEPT,0,0,0,5,0,0,0,0,0,0,0,0
gcc-original-awk-pipdemo,3,gcc original-awk pipdemo,ACCEPT,0,0,0,0,0,0,0,0,0,0,0,0
gcc-original-awk-postgres,3,gcc original-awk postgres,ACCEPT,0,0,0,5,0,0,0,0,0,0,0,0
gcc-original-awk-pytools,3,gcc original-awk pytools,ACCEPT,0,0,0,1,0,0,0,0,0,0,0,0
gcc-original-awk-pyyaml,3,gcc original-awk pyyaml,ACCEPT,0,0,0,0,0,0,0,0,0,0,0,0
gcc-original-awk-redis,3,gcc original-awk redis,ACCEPT,0,0,0,1,0,0,0,0,0,0,0,0
gcc-original-awk-rsync,3,gcc original-awk rsync,ACCEPT,0,0,0,0,0,0,0,0,0,0,0,0
gcc-original-awk-rust,3,gcc original-awk rust,ACCEPT,0,0,0,31,0,0,0,0,0,0,0,0
gcc-original-awk-socat,3,gcc original-awk socat,ACCEPT,0,0,0,0,0,0,0,0,0,0,0,0
gcc-original-awk-sqlite,3,gcc original-awk sqlite,ACCEPT,0,0,0,0,0,0,0,0,0,0,0,0
gcc-original-awk-tcpdump,3,gcc original-awk tcpdump,ACCEPT,0,0,0,0,0,0,0,0,0,0,0,0
gcc-original-awk-tmux,3,gcc original-awk tmux,ACCEPT,0,0,0,0,0,0,0,0,0,0,0,0
gcc-original-awk-vim,3,gcc original-awk vim,ACCEPT,0,0,0,0,0,0,0,0,0,0,0,0
gcc-original-awk-webserver,3,gcc original-awk webserver,ACCEPT,0,0,0,0,0,0,0,0,0,0,0,0
gcc-original-awk-wget,3,gcc original-awk wget,ACCEPT,0,0,0,0,0,0,0,0,0,0,0,0
gcc-original-awk-zstd,3,gcc original-awk zstd,ACCEPT,0,0,0,0,0,0,0,0,0,0,0,0
gcc-pgclient,2,gcc pgclient,ACCEPT,0,0,0,5,0,0,0,0,0,0,0,0
gcc-pgclient-pipdemo,3,gcc pgclient pipdemo,ACCEPT,0,0,0,7,0,0,0,0,0,0,0,0
gcc-pgclient-postgres,3,gcc pgclient postgres,ACCEPT,0,0,0,24,0,0,0,0,0,0,0,0
gcc-pgclient-pytools,3,gcc pgclient pytools,ACCEPT,0,0,0,8,0,0,0,0,0,0,0,0
gcc-pgclient-pyyaml,3,gcc pgclient pyyaml,ACCEPT,0,0,0,7,0,0,0,0,0,0,0,0
gcc-pgclient-redis,3,gcc pgclient redis,ACCEPT,0,0,0,6,0,0,0,0,0,0,0,0
gcc-pgclient-rsync,3,gcc pgclient rsync,ACCEPT,0,0,0,5,0,0,0,0,0,0,0,0
gcc-pgclient-rust,3,gcc pgclient rust,ACCEPT,0,0,0,39,0,0,0,0,0,0,0,0
gcc-pgclient-socat,3,gcc pgclient socat,ACCEPT,0,0,0,5,0,0,0,0,0,0,0,0
gcc-pgclient-sqlite,3,gcc pgclient sqlite,ACCEPT,0,0,0,7,0,0,0,0,0,0,0,0
gcc-pgclient-tcpdump,3,gcc pgclient tcpdump,ACCEPT,0,0,0,5,0,0,0,0,0,0,0,0
gcc-pgclient-tmux,3,gcc pgclient tmux,ACCEPT,0,0,0,5,0,0,0,0,0,0,0,0
gcc-pgclient-vim,3,gcc pgclient vim,ACCEPT,0,0,0,7,0,0,0,0,0,0,0,0
gcc-pgclient-webserver,3,gcc pgclient webserver,ACCEPT,0,0,0,5,0,0,0,0,0,0,0,0
gcc-pgclient-wget,3,gcc pgclient wget,ACCEPT,0,0,0,5,0,0,0,0,0,0,0,0
gcc-pgclient-zstd,3,gcc pgclient zstd,ACCEPT,0,0,0,5,0,0,0,0,0,0,0,0
gcc-pipdemo,2,gcc pipdemo,ACCEPT,0,0,0,0,0,0,0,0,0,0,0,0
gcc-pipdemo-postgres,3,gcc pipdemo postgres,ACCEPT,0,0,0,7,0,0,0,0,0,0,0,0
gcc-pipdemo-pytools,3,gcc pipdemo pytools,ACCEPT,0,0,0,20,0,0,0,0,0,0,0,0
gcc-pipdemo-pyyaml,3,gcc pipdemo pyyaml,ACCEPT,0,0,0,13,0,0,0,0,0,0,0,0
gcc-pipdemo-redis,3,gcc pipdemo redis,ACCEPT,0,0,0,1,0,0,0,0,0,0,0,0
gcc-pipdemo-rsync,3,gcc pipdemo rsync,ACCEPT,0,0,0,0,0,0,0,0,0,0,0,0
gcc-pipdemo-rust,3,gcc pipdemo rust,ACCEPT,0,0,0,31,0,0,0,0,0,0,0,0
gcc-pipdemo-socat,3,gcc pipdemo socat,ACCEPT,0,0,0,0,0,0,0,0,0,0,0,0
gcc-pipdemo-sqlite,3,gcc pipdemo sqlite,ACCEPT,0,0,0,3,0,0,0,0,0,0,0,0
gcc-pipdemo-tcpdump,3,gcc pipdemo tcpdump,ACCEPT,0,0,0,0,0,0,0,0,0,0,0,0
gcc-pipdemo-tmux,3,gcc pipdemo tmux,ACCEPT,0,0,0,0,0,0,0,0,0,0,0,0
gcc-pipdemo-vim,3,gcc pipdemo vim,ACCEPT,0,0,0,8,0,0,0,0,0,0,0,0
gcc-pipdemo-webserver,3,gcc pipdemo webserver,ACCEPT,0,0,0,1,0,0,0,0,0,0,0,0
gcc-pipdemo-wget,3,gcc pipdemo wget,ACCEPT,0,0,0,0,0,0,0,0,0,0,0,0
gcc-pipdemo-zstd,3,gcc pipdemo zstd,ACCEPT,0,0,0,0,0,0,0,0,0,0,0,0
gcc-postgres,2,gcc postgres,ACCEPT,0,0,0,5,0,0,0,0,0,0,0,0
gcc-postgres-pytools,3,gcc postgres pytools,ACCEPT,0,0,0,8,0,0,0,0,0,0,0,0
gcc-postgres-pyyaml,3,gcc postgres pyyaml,ACCEPT,0,0,0,7,0,0,0,0,0,0,0,0
gcc-postgres-redis,3,gcc postgres redis,ACCEPT,0,0,0,6,0,0,0,0,0,0,0,0
gcc-postgres-rsync,3,gcc postgres rsync,ACCEPT,0,0,0,5,0,0,0,0,0,0,0,0
gcc-postgres-rust,3,gcc postgres rust,ACCEPT,0,0,0,39,0,0,0,0,0,0,0,0
gcc-postgres-socat,3,gcc postgres socat,ACCEPT,0,0,0,5,0,0,0,0,0,0,0,0
gcc-postgres-sqlite,3,gcc postgres sqlite,ACCEPT,0,0,0,7,0,0,0,0,0,0,0,0
gcc-postgres-tcpdump,3,gcc postgres tcpdump,ACCEPT,0,0,0,5,0,0,0,0,0,0,0,0
gcc-postgres-tmux,3,gcc postgres tmux,ACCEPT,0,0,0,5,0,0,0,0,0,0,0,0
gcc-postgres-vim,3,gcc postgres vim,ACCEPT,0,0,0,7,0,0,0,0,0,0,0,0
gcc-postgres-webserver,3,gcc postgres webserver,ACCEPT,0,0,0,11,0,0,0,0,0,0,0,0
gcc-postgres-wget,3,gcc postgres wget,ACCEPT,0,0,0,5,0,0,0,0,0,0,0,0
gcc-postgres-zstd,3,gcc postgres zstd,ACCEPT,0,0,0,5,0,0,0,0,0,0,0,0
gcc-pytools,2,gcc pytools,ACCEPT,0,0,0,1,0,0,0,0,0,0,0,0
gcc-pytools-pyyaml,3,gcc pytools pyyaml,ACCEPT,0,0,0,14,0,0,0,0,0,0,0,0
gcc-pytools-redis,3,gcc pytools redis,ACCEPT,0,0,0,2,0,0,0,0,0,0,0,0
gcc-pytools-rsync,3,gcc pytools rsync,ACCEPT,0,0,0,1,0,0,0,0,0,0,0,0
gcc-pytools-rust,3,gcc pytools rust,ACCEPT,0,0,0,33,0,0,0,0,0,0,0,0
gcc-pytools-socat,3,gcc pytools socat,ACCEPT,0,0,0,1,0,0,0,0,0,0,0,0
gcc-pytools-sqlite,3,gcc pytools sqlite,ACCEPT,0,0,0,4,0,0,0,0,0,0,0,0
gcc-pytools-tcpdump,3,gcc pytools tcpdump,ACCEPT,0,0,0,1,0,0,0,0,0,0,0,0
gcc-pytools-tmux,3,gcc pytools tmux,ACCEPT,0,0,0,1,0,0,0,0,0,0,0,0
gcc-pytools-vim,3,gcc pytools vim,ACCEPT,0,0,0,9,0,0,0,0,0,0,0,0
gcc-pytools-webserver,3,gcc pytools webserver,ACCEPT,0,0,0,2,0,0,0,0,0,0,0,0
gcc-pytools-wget,3,gcc pytools wget,ACCEPT,0,0,0,1,0,0,0,0,0,0,0,0
gcc-pytools-zstd,3,gcc pytools zstd,ACCEPT,0,0,0,1,0,0,0,0,0,0,0,0
gcc-pyyaml,2,gcc pyyaml,ACCEPT,0,0,0,0,0,0,0,0,0,0,0,0
gcc-pyyaml-redis,3,gcc pyyaml redis,ACCEPT,0,0,0,1,0,0,0,0,0,0,0,0
gcc-pyyaml-rsync,3,gcc pyyaml rsync,ACCEPT,0,0,0,0,0,0,0,0,0,0,0,0
gcc-pyyaml-rust,3,gcc pyyaml rust,ACCEPT,0,0,0,31,0,0,0,0,0,0,0,0
gcc-pyyaml-socat,3,gcc pyyaml socat,ACCEPT,0,0,0,0,0,0,0,0,0,0,0,0
gcc-pyyaml-sqlite,3,gcc pyyaml sqlite,ACCEPT,0,0,0,3,0,0,0,0,0,0,0,0
gcc-pyyaml-tcpdump,3,gcc pyyaml tcpdump,ACCEPT,0,0,0,0,0,0,0,0,0,0,0,0
gcc-pyyaml-tmux,3,gcc pyyaml tmux,ACCEPT,0,0,0,0,0,0,0,0,0,0,0,0
gcc-pyyaml-vim,3,gcc pyyaml vim,ACCEPT,0,0,0,8,0,0,0,0,0,0,0,0
gcc-pyyaml-webserver,3,gcc pyyaml webserver,ACCEPT,0,0,0,1,0,0,0,0,0,0,0,0
gcc-pyyaml-wget,3,gcc pyyaml wget,ACCEPT,0,0,0,0,0,0,0,0,0,0,0,0
gcc-pyyaml-zstd,3,gcc pyyaml zstd,ACCEPT,0,0,0,0,0,0,0,0,0,0,0,0
gcc-redis,2,gcc redis,ACCEPT,0,0,0,1,0,0,0,0,0,0,0,0
gcc-redis-rsync,3,gcc redis rsync,ACCEPT,0,0,0,1,0,0,0,0,0,0,0,0
gcc-redis-rust,3,gcc redis rust,ACCEPT,0,0,0,33,0,0,0,0,0,0,0,0
gcc-redis-socat,3,gcc redis socat,ACCEPT,0,0,0,1,0,0,0,0,0,0,0,0
gcc-redis-sqlite,3,gcc redis sqlite,ACCEPT,0,0,0,1,0,0,0,0,0,0,0,0
gcc-redis-tcpdump,3,gcc redis tcpdump,ACCEPT,0,0,0,1,0,0,0,0,0,0,0,0
gcc-redis-tmux,3,gcc redis tmux,ACCEPT,0,0,0,1,0,0,0,0,0,0,0,0
gcc-redis-vim,3,gcc redis vim,ACCEPT,0,0,0,1,0,0,0,0,0,0,0,0
gcc-redis-webserver,3,gcc redis webserver,ACCEPT,0,0,0,1,0,0,0,0,0,0,0,0
gcc-redis-wget,3,gcc redis wget,ACCEPT,0,0,0,1,0,0,0,0,0,0,0,0
gcc-redis-zstd,3,gcc redis zstd,ACCEPT,0,0,0,1,0,0,0,0,0,0,0,0
gcc-rsync,2,gcc rsync,ACCEPT,0,0,0,0,0,0,0,0,0,0,0,0
gcc-rsync-rust,3,gcc rsync rust,ACCEPT,0,0,0,31,0,0,0,0,0,0,0,0
gcc-rsync-socat,3,gcc rsync socat,ACCEPT,0,0,0,0,0,0,0,0,0,0,0,0
gcc-rsync-sqlite,3,gcc rsync sqlite,ACCEPT,0,0,0,0,0,0,0,0,0,0,0,0
gcc-rsync-tcpdump,3,gcc rsync tcpdump,ACCEPT,0,0,0,0,0,0,0,0,0,0,0,0
gcc-rsync-tmux,3,gcc rsync tmux,ACCEPT,0,0,0,0,0,0,0,0,0,0,0,0
gcc-rsync-vim,3,gcc rsync vim,ACCEPT,0,0,0,0,0,0,0,0,0,0,0,0
gcc-rsync-webserver,3,gcc rsync webserver,ACCEPT,0,0,0,0,0,0,0,0,0,0,0,0
gcc-rsync-wget,3,gcc rsync wget,ACCEPT,0,0,0,0,0,0,0,0,0,0,0,0
gcc-rsync-zstd,3,gcc rsync zstd,ACCEPT,0,0,0,0,0,0,0,0,0,0,0,0
gcc-rust,2,gcc rust,ACCEPT,0,0,0,31,0,0,0,0,0,0,0,0
gcc-rust-socat,3,gcc rust socat,ACCEPT,0,0,0,31,0,0,0,0,0,0,0,0
gcc-rust-sqlite,3,gcc rust sqlite,ACCEPT,0,0,0,31,0,0,0,0,0,0,0,0
gcc-rust-tcpdump,3,gcc rust tcpdump,ACCEPT,0,0,0,31,0,0,0,0,0,0,0,0
gcc-rust-tmux,3,gcc rust tmux,ACCEPT,0,0,0,31,0,0,0,0,0,0,0,0
gcc-rust-vim,3,gcc rust vim,ACCEPT,0,0,0,31,0,0,0,0,0,0,0,0
gcc-rust-webserver,3,gcc rust webserver,ACCEPT,0,0,0,32,0,0,0,0,0,0,0,0
gcc-rust-wget,3,gcc rust wget,ACCEPT,0,0,0,32,0,0,0,0,0,0,0,0
gcc-rust-zstd,3,gcc rust zstd,ACCEPT,0,0,0,31,0,0,0,0,0,0,0,0
gcc-socat,2,gcc socat,ACCEPT,0,0,0,0,0,0,0,0,0,0,0,0
gcc-socat-sqlite,3,gcc socat sqlite,ACCEPT,0,0,0,0,0,0,0,0,0,0,0,0
gcc-socat-tcpdump,3,gcc socat tcpdump,ACCEPT,0,0,0,0,0,0,0,0,0,0,0,0
gcc-socat-tmux,3,gcc socat tmux,ACCEPT,0,0,0,0,0,0,0,0,0,0,0,0
gcc-socat-vim,3,gcc socat vim,ACCEPT,0,0,0,0,0,0,0,0,0,0,0,0
gcc-socat-webserver,3,gcc socat webserver,ACCEPT,0,0,0,0,0,0,0,0,0,0,0,0
gcc-socat-wget,3,gcc socat wget,ACCEPT,0,0,0,0,0,0,0,0,0,0,0,0
gcc-socat-zstd,3,gcc socat zstd,ACCEPT,0,0,0,0,0,0,0,0,0,0,0,0
gcc-sqlite,2,gcc sqlite,ACCEPT,0,0,0,0,0,0,0,0,0,0,0,0
gcc-sqlite-tcpdump,3,gcc sqlite tcpdump,ACCEPT,0,0,0,0,0,0,0,0,0,0,0,0
gcc-sqlite-tmux,3,gcc sqlite tmux,ACCEPT,0,0,0,0,0,0,0,0,0,0,0,0
gcc-sqlite-vim,3,gcc sqlite vim,ACCEPT,0,0,0,3,0,0,0,0,0,0,0,0
gcc-sqlite-webserver,3,gcc sqlite webserver,ACCEPT,0,0,0,0,0,0,0,0,0,0,0,0
gcc-sqlite-wget,3,gcc sqlite wget,ACCEPT,0,0,0,0,0,0,0,0,0,0,0,0
gcc-sqlite-zstd,3,gcc sqlite zstd,ACCEPT,0,0,0,0,0,0,0,0,0,0,0,0
gcc-tcpdump,2,gcc tcpdump,ACCEPT,0,0,0,0,0,0,0,0,0,0,0,0
gcc-tcpdump-tmux,3,gcc tcpdump tmux,ACCEPT,0,0,0,0,0,0,0,0,0,0,0,0
gcc-tcpdump-vim,3,gcc tcpdump vim,ACCEPT,0,0,0,0,0,0,0,0,0,0,0,0
gcc-tcpdump-webserver,3,gcc tcpdump webserver,ACCEPT,0,0,0,0,0,0,0,0,0,0,0,0
gcc-tcpdump-wget,3,gcc tcpdump wget,ACCEPT,0,0,0,0,0,0,0,0,0,0,0,0
gcc-tcpdump-zstd,3,gcc tcpdump zstd,ACCEPT,0,0,0,0,0,0,0,0,0,0,0,0
gcc-tmux,2,gcc tmux,ACCEPT,0,0,0,0,0,0,0,0,0,0,0,0
gcc-tmux-vim,3,gcc tmux vim,ACCEPT,0,0,0,0,0,0,0,0,0,0,0,0
gcc-tmux-webserver,3,gcc tmux webserver,ACCEPT,0,0,0,0,0,0,0,0,0,0,0,0
gcc-tmux-wget,3,gcc tmux wget,ACCEPT,0,0,0,0,0,0,0,0,0,0,0,0
gcc-tmux-zstd,3,gcc tmux zstd,ACCEPT,0,0,0,0,0,0,0,0,0,0,0,0
gcc-vim,2,gcc vim,ACCEPT,0,0,0,0,0,0,0,0,0,0,0,0
gcc-vim-webserver,3,gcc vim webserver,ACCEPT,0,0,0,1,0,0,0,0,0,0,0,0
gcc-vim-wget,3,gcc vim wget,ACCEPT,0,0,0,0,0,0,0,0,0,0,0,0
gcc-vim-zstd,3,gcc vim zstd,ACCEPT,0,0,0,0,0,0,0,0,0,0,0,0
gcc-webserver,2,gcc webserver,ACCEPT,0,0,0,0,0,0,0,0,0,0,0,0
gcc-webserver-wget,3,gcc webserver wget,ACCEPT,0,0,0,0,0,0,0,0,0,0,0,0
gcc-webserver-zstd,3,gcc webserver zstd,ACCEPT,0,0,0,0,0,0,0,0,0,0,0,0
gcc-wget,2,gcc wget,ACCEPT,0,0,0,0,0,0,0,0,0,0,0,0
gcc-wget-zstd,3,gcc wget zstd,ACCEPT,0,0,0,0,0,0,0,0,0,0,0,0
gcc-zstd,2,gcc zstd,ACCEPT,0,0,0,0,0,0,0,0,0,0,0,0
git-htop,2,git htop,ACCEPT,0,0,0,0,0,0,0,0,0,0,0,0
git-htop-java,3,git htop java,ACCEPT,0,0,0,2,0,0,0,0,0,0,0,0
git-htop-jq,3,git htop jq,ACCEPT,0,0,0,5,0,0,0,0,0,0,0,0
git-htop-llvm,3,git htop llvm,ACCEPT,0,0,0,0,0,0,0,0,0,0,0,0
git-htop-memcached,3,git htop memcached,ACCEPT,0,0,0,7,0,0,0,0,0,0,0,0
git-htop-mta-msmtp,3,git htop mta-msmtp,ACCEPT,0,0,0,0,0,0,0,0,0,0,0,0
git-htop-mta-nullmailer,3,git htop mta-nullmailer,ACCEPT,0,0,0,0,0,0,0,0,0,0,0,0
git-htop-mysql,3,git htop mysql,ACCEPT,0,0,0,5,0,0,0,0,0,0,0,0
git-htop-nc-openbsd,3,git htop nc-openbsd,ACCEPT,0,0,0,0,0,0,0,0,0,0,0,0
git-htop-nc-traditional,3,git htop nc-traditional,ACCEPT,0,0,0,0,0,0,0,0,0,0,0,0
git-htop-nvidia-driver-535,3,git htop nvidia-driver-535,ACCEPT,0,0,0,0,0,0,0,0,0,0,0,0
git-htop-original-awk,3,git htop original-awk,ACCEPT,0,0,0,0,0,0,0,0,0,0,0,0
git-htop-pgclient,3,git htop pgclient,ACCEPT,0,0,0,8,0,0,0,0,0,0,0,0
git-htop-pipdemo,3,git htop pipdemo,ACCEPT,0,0,0,1,0,0,0,0,0,0,0,0
git-htop-postgres,3,git htop postgres,ACCEPT,0,0,0,8,0,0,0,0,0,0,0,0
git-htop-pytools,3,git htop pytools,ACCEPT,0,0,0,1,0,0,0,0,0,0,0,0
git-htop-pyyaml,3,git htop pyyaml,ACCEPT,0,0,0,1,0,0,0,0,0,0,0,0
git-htop-redis,3,git htop redis,ACCEPT,0,0,0,0,0,0,0,0,0,0,0,0
git-htop-rsync,3,git htop rsync,ACCEPT,0,0,0,0,0,0,0,0,0,0,0,0
git-htop-rust,3,git htop rust,ACCEPT,0,0,0,9,0,0,0,0,0,0,0,0
git-htop-socat,3,git htop socat,ACCEPT,0,0,0,0,0,0,0,0,0,0,0,0
git-htop-sqlite,3,git htop sqlite,ACCEPT,0,0,0,0,0,0,0,0,0,0,0,0
git-htop-tcpdump,3,git htop tcpdump,ACCEPT,0,0,0,0,0,0,0,0,0,0,0,0
git-htop-tmux,3,git htop tmux,ACCEPT,0,0,0,0,0,0,0,0,0,0,0,0
git-htop-vim,3,git htop vim,ACCEPT,0,0,0,1,0,0,0,0,0,0,0,0
git-htop-webserver,3,git htop webserver,ACCEPT,0,0,0,2,0,0,0,0,0,0,0,0
git-htop-wget,3,git htop wget,ACCEPT,0,0,0,1,0,0,0,0,0,0,0,0
git-htop-zstd,3,git htop zstd,ACCEPT,0,0,0,0,0,0,0,0,0,0,0,0
git-java,2,git java,ACCEPT,0,0,0,2,0,0,0,0,0,0,0,0
git-java-jq,3,git java jq,ACCEPT,0,0,0,7,0,0,0,0,0,0,0,0
git-java-llvm,3,git java llvm,ACCEPT,0,0,0,2,0,0,0,0,0,0,0,0
git-java-memcached,3,git java memcached,ACCEPT,0,0,0,9,0,0,0,0,0,0,0,0
git-java-mta-msmtp,3,git java mta-msmtp,ACCEPT,0,0,0,4,0,0,0,0,0,0,0,0
git-java-mta-nullmailer,3,git java mta-nullmailer,ACCEPT,0,0,0,2,0,0,0,0,0,0,0,0
git-java-mysql,3,git java mysql,ACCEPT,0,0,0,7,0,0,0,0,0,0,0,0
git-java-nc-openbsd,3,git java nc-openbsd,ACCEPT,0,0,0,2,0,0,0,0,0,0,0,0
git-java-nc-traditional,3,git java nc-traditional,ACCEPT,0,0,0,2,0,0,0,0,0,0,0,0
git-java-nvidia-driver-535,3,git java nvidia-driver-535,ACCEPT,0,0,0,2,0,0,0,0,0,0,0,0
git-java-original-awk,3,git java original-awk,ACCEPT,0,0,0,2,0,0,0,0,0,0,0,0
git-java-pgclient,3,git java pgclient,ACCEPT,0,0,0,10,0,0,0,0,0,0,0,0
git-java-pipdemo,3,git java pipdemo,ACCEPT,0,0,0,5,0,0,0,0,0,0,0,0
git-java-postgres,3,git java postgres,ACCEPT,0,0,0,11,0,0,0,0,0,0,0,0
git-java-pytools,3,git java pytools,ACCEPT,0,0,0,5,0,0,0,0,0,0,0,0
git-java-pyyaml,3,git java pyyaml,ACCEPT,0,0,0,5,0,0,0,0,0,0,0,0
git-java-redis,3,git java redis,ACCEPT,0,0,0,2,0,0,0,0,0,0,0,0
git-java-rsync,3,git java rsync,ACCEPT,0,0,0,2,0,0,0,0,0,0,0,0
git-java-rust,3,git java rust,ACCEPT,0,0,0,12,0,0,0,0,0,0,0,0
git-java-socat,3,git java socat,ACCEPT,0,0,0,2,0,0,0,0,0,0,0,0
git-java-sqlite,3,git java sqlite,ACCEPT,0,0,0,3,0,0,0,0,0,0,0,0
git-java-tcpdump,3,git java tcpdump,ACCEPT,0,0,0,3,0,0,0,0,0,0,0,0
git-java-tmux,3,git java tmux,ACCEPT,0,0,0,2,0,0,0,0,0,0,0,0
git-java-vim,3,git java vim,ACCEPT,0,0,0,5,0,0,0,0,0,0,0,0
git-java-webserver,3,git java webserver,ACCEPT,0,0,0,14,0,0,0,0,0,0,0,0
git-java-wget,3,git java wget,ACCEPT,0,0,0,3,0,0,0,0,0,0,0,0
git-java-zstd,3,git java zstd,ACCEPT,0,0,0,2,0,0,0,0,0,0,0,0
git-jq,2,git jq,ACCEPT,0,0,0,5,0,0,0,0,0,0,0,0
git-jq-llvm,3,git jq llvm,ACCEPT,0,0,0,5,0,0,0,0,0,0,0,0
git-jq-memcached,3,git jq memcached,ACCEPT,0,0,0,17,0,0,0,0,0,0,0,0
git-jq-mta-msmtp,3,git jq mta-msmtp,ACCEPT,0,0,0,5,0,0,0,0,0,0,0,0
git-jq-mta-nullmailer,3,git jq mta-nullmailer,ACCEPT,0,0,0,5,0,0,0,0,0,0,0,0
git-jq-mysql,3,git jq mysql,ACCEPT,0,0,0,15,0,0,0,0,0,0,0,0
git-jq-nc-openbsd,3,git jq nc-openbsd,ACCEPT,0,0,0,5,0,0,0,0,0,0,0,0
git-jq-nc-traditional,3,git jq nc-traditional,ACCEPT,0,0,0,5,0,0,0,0,0,0,0,0
git-jq-nvidia-driver-535,3,git jq nvidia-driver-535,ACCEPT,0,0,0,5,0,0,0,0,0,0,0,0
git-jq-original-awk,3,git jq original-awk,ACCEPT,0,0,0,5,0,0,0,0,0,0,0,0
git-jq-pgclient,3,git jq pgclient,ACCEPT,0,0,0,18,0,0,0,0,0,0,0,0
git-jq-pipdemo,3,git jq pipdemo,ACCEPT,0,0,0,6,0,0,0,0,0,0,0,0
git-jq-postgres,3,git jq postgres,ACCEPT,0,0,0,18,0,0,0,0,0,0,0,0
git-jq-pytools,3,git jq pytools,ACCEPT,0,0,0,6,0,0,0,0,0,0,0,0
git-jq-pyyaml,3,git jq pyyaml,ACCEPT,0,0,0,6,0,0,0,0,0,0,0,0
git-jq-redis,3,git jq redis,ACCEPT,0,0,0,5,0,0,0,0,0,0,0,0
git-jq-rsync,3,git jq rsync,ACCEPT,0,0,0,5,0,0,0,0,0,0,0,0
git-jq-rust,3,git jq rust,ACCEPT,0,0,0,14,0,0,0,0,0,0,0,0
git-jq-socat,3,git jq socat,ACCEPT,0,0,0,5,0,0,0,0,0,0,0,0
git-jq-sqlite,3,git jq sqlite,ACCEPT,0,0,0,5,0,0,0,0,0,0,0,0
git-jq-tcpdump,3,git jq tcpdump,ACCEPT,0,0,0,5,0,0,0,0,0,0,0,0
git-jq-tmux,3,git jq tmux,ACCEPT,0,0,0,5,0,0,0,0,0,0,0,0
git-jq-vim,3,git jq vim,ACCEPT,0,0,0,6,0,0,0,0,0,0,0,0
git-jq-webserver,3,git jq webserver,ACCEPT,0,0,0,7,0,0,0,0,0,0,0,0
git-jq-wget,3,git jq wget,ACCEPT,0,0,0,6,0,0,0,0,0,0,0,0
git-jq-zstd,3,git jq zstd,ACCEPT,0,0,0,5,0,0,0,0,0,0,0,0
git-llvm,2,git llvm,ACCEPT,0,0,0,0,0,0,0,0,0,0,0,0
git-llvm-memcached,3,git llvm memcached,ACCEPT,0,0,0,7,0,0,0,0,0,0,0,0
git-llvm-mta-msmtp,3,git llvm mta-msmtp,ACCEPT,0,0,0,0,0,0,0,0,0,0,0,0
git-llvm-mta-nullmailer,3,git llvm mta-nullmailer,ACCEPT,0,0,0,0,0,0,0,0,0,0,0,0
git-llvm-mysql,3,git llvm mysql,ACCEPT,0,0,0,8,0,0,0,0,0,0,0,0
git-llvm-nc-openbsd,3,git llvm nc-openbsd,ACCEPT,0,0,0,2,0,0,0,0,0,0,0,0
git-llvm-nc-traditional,3,git llvm nc-traditional,ACCEPT,0,0,0,0,0,0,0,0,0,0,0,0
git-llvm-nvidia-driver-535,3,git llvm nvidia-driver-535,ACCEPT,0,0,0,6,0,0,0,0,0,0,0,0
git-llvm-original-awk,3,git llvm original-awk,ACCEPT,0,0,0,0,0,0,0,0,0,0,0,0
git-llvm-pgclient,3,git llvm pgclient,ACCEPT,0,0,0,8,0,0,0,0,0,0,0,0
git-llvm-pipdemo,3,git llvm pipdemo,ACCEPT,0,0,0,1,0,0,0,0,0,0,0,0
git-llvm-postgres,3,git llvm postgres,ACCEPT,0,0,0,14,0,0,0,0,0,0,0,0
git-llvm-pytools,3,git llvm pytools,ACCEPT,0,0,0,2,0,0,0,0,0,0,0,0
git-llvm-pyyaml,3,git llvm pyyaml,ACCEPT,0,0,0,1,0,0,0,0,0,0,0,0
git-llvm-redis,3,git llvm redis,ACCEPT,0,0,0,1,0,0,0,0,0,0,0,0
git-llvm-rsync,3,git llvm rsync,ACCEPT,0,0,0,0,0,0,0,0,0,0,0,0
git-llvm-rust,3,git llvm rust,ACCEPT,0,0,0,32,0,0,0,0,0,0,0,0
git-llvm-socat,3,git llvm socat,ACCEPT,0,0,0,0,0,0,0,0,0,0,0,0
git-llvm-sqlite,3,git llvm sqlite,ACCEPT,0,0,0,0,0,0,0,0,0,0,0,0
git-llvm-tcpdump,3,git llvm tcpdump,ACCEPT,0,0,0,0,0,0,0,0,0,0,0,0
git-llvm-tmux,3,git llvm tmux,ACCEPT,0,0,0,0,0,0,0,0,0,0,0,0
git-llvm-vim,3,git llvm vim,ACCEPT,0,0,0,1,0,0,0,0,0,0,0,0
git-llvm-webserver,3,git llvm webserver,ACCEPT,0,0,0,6,0,0,0,0,0,0,0,0
git-llvm-wget,3,git llvm wget,ACCEPT,0,0,0,1,0,0,0,0,0,0,0,0
git-llvm-zstd,3,git llvm zstd,ACCEPT,0,0,0,0,0,0,0,0,0,0,0,0
git-memcached,2,git memcached,ACCEPT,0,0,0,7,0,0,0,0,0,0,0,0
git-memcached-mta-msmtp,3,git memcached mta-msmtp,ACCEPT,0,0,0,7,0,0,0,0,0,0,0,0
git-memcached-mta-nullmailer,3,git memcached mta-nullmailer,ACCEPT,0,0,0,7,0,0,0,0,0,0,0,0
git-memcached-mysql,3,git memcached mysql,ACCEPT,0,0,0,17,0,0,0,0,0,0,0,0
git-memcached-nc-openbsd,3,git memcached nc-openbsd,ACCEPT,0,0,0,7,0,0,0,0,0,0,0,0
git-memcached-nc-traditional,3,git memcached nc-traditional,ACCEPT,0,0,0,7,0,0,0,0,0,0,0,0
git-memcached-nvidia-driver-535,3,git memcached nvidia-driver-535,ACCEPT,0,0,0,7,0,0,0,0,0,0,0,0
git-memcached-original-awk,3,git memcached original-awk,ACCEPT,0,0,0,7,0,0,0,0,0,0,0,0
git-memcached-pgclient,3,git memcached pgclient,ACCEPT,0,0,0,22,0,0,0,0,0,0,0,0
git-memcached-pipdemo,3,git memcached pipdemo,ACCEPT,0,0,0,8,0,0,0,0,0,0,0,0
git-memcached-postgres,3,git memcached postgres,ACCEPT,0,0,0,22,0,0,0,0,0,0,0,0
git-memcached-pytools,3,git memcached pytools,ACCEPT,0,0,0,8,0,0,0,0,0,0,0,0
git-memcached-pyyaml,3,git memcached pyyaml,ACCEPT,0,0,0,8,0,0,0,0,0,0,0,0
git-memcached-redis,3,git memcached redis,ACCEPT,0,0,0,7,0,0,0,0,0,0,0,0
git-memcached-rsync,3,git memcached rsync,ACCEPT,0,0,0,7,0,0,0,0,0,0,0,0
git-memcached-rust,3,git memcached rust,ACCEPT,0,0,0,18,0,0,0,0,0,0,0,0
git-memcached-socat,3,git memcached socat,ACCEPT,0,0,0,7,0,0,0,0,0,0,0,0
git-memcached-sqlite,3,git memcached sqlite,ACCEPT,0,0,0,7,0,0,0,0,0,0,0,0
git-memcached-tcpdump,3,git memcached tcpdump,ACCEPT,0,0,0,7,0,0,0,0,0,0,0,0
git-memcached-tmux,3,git memcached tmux,ACCEPT,0,0,0,7,0,0,0,0,0,0,0,0
git-memcached-vim,3,git memcached vim,ACCEPT,0,0,0,8,0,0,0,0,0,0,0,0
git-memcached-webserver,3,git memcached webserver,ACCEPT,0,0,0,9,0,0,0,0,0,0,0,0
git-memcached-wget,3,git memcached wget,ACCEPT,0,0,0,8,0,0,0,0,0,0,0,0
git-memcached-zstd,3,git memcached zstd,ACCEPT,0,0,0,7,0,0,0,0,0,0,0,0
git-mta-msmtp,2,git mta-msmtp,ACCEPT,0,0,0,0,0,0,0,0,0,0,0,0
git-mta-msmtp-mta-nullmailer,3,git mta-msmtp mta-nullmailer,REJECT,1,2,0,0,0,2,0,4,0,0,0,0
git-mta-msmtp-mysql,3,git mta-msmtp mysql,ACCEPT,0,0,0,5,0,0,0,0,0,0,0,0
git-mta-msmtp-nc-openbsd,3,git mta-msmtp nc-openbsd,ACCEPT,0,0,0,0,0,0,0,0,0,0,0,0
git-mta-msmtp-nc-traditional,3,git mta-msmtp nc-traditional,ACCEPT,0,0,0,0,0,0,0,0,0,0,0,0
git-mta-msmtp-nvidia-driver-535,3,git mta-msmtp nvidia-driver-535,ACCEPT,0,0,0,0,0,0,0,0,0,0,0,0
git-mta-msmtp-original-awk,3,git mta-msmtp original-awk,ACCEPT,0,0,0,0,0,0,0,0,0,0,0,0
git-mta-msmtp-pgclient,3,git mta-msmtp pgclient,ACCEPT,0,0,0,8,0,0,0,0,0,0,0,0
git-mta-msmtp-pipdemo,3,git mta-msmtp pipdemo,ACCEPT,0,0,0,1,0,0,0,0,0,0,0,0
git-mta-msmtp-postgres,3,git mta-msmtp postgres,ACCEPT,0,0,0,9,0,0,0,0,0,0,0,0
git-mta-msmtp-pytools,3,git mta-msmtp pytools,ACCEPT,0,0,0,1,0,0,0,0,0,0,0,0
git-mta-msmtp-pyyaml,3,git mta-msmtp pyyaml,ACCEPT,0,0,0,1,0,0,0,0,0,0,0,0
git-mta-msmtp-redis,3,git mta-msmtp redis,ACCEPT,0,0,0,0,0,0,0,0,0,0,0,0
git-mta-msmtp-rsync,3,git mta-msmtp rsync,ACCEPT,0,0,0,0,0,0,0,0,0,0,0,0
git-mta-msmtp-rust,3,git mta-msmtp rust,ACCEPT,0,0,0,9,0,0,0,0,0,0,0,0
git-mta-msmtp-socat,3,git mta-msmtp socat,ACCEPT,0,0,0,0,0,0,0,0,0,0,0,0
git-mta-msmtp-sqlite,3,git mta-msmtp sqlite,ACCEPT,0,0,0,0,0,0,0,0,0,0,0,0
git-mta-msmtp-tcpdump,3,git mta-msmtp tcpdump,ACCEPT,0,0,0,0,0,0,0,0,0,0,0,0
git-mta-msmtp-tmux,3,git mta-msmtp tmux,ACCEPT,0,0,0,0,0,0,0,0,0,0,0,0
git-mta-msmtp-vim,3,git mta-msmtp vim,ACCEPT,0,0,0,1,0,0,0,0,0,0,0,0
git-mta-msmtp-webserver,3,git mta-msmtp webserver,ACCEPT,0,0,0,3,0,0,0,0,0,0,0,0
git-mta-msmtp-wget,3,git mta-msmtp wget,ACCEPT,0,0,0,1,0,0,0,0,0,0,0,0
git-mta-msmtp-zstd,3,git mta-msmtp zstd,ACCEPT,0,0,0,0,0,0,0,0,0,0,0,0
git-mta-nullmailer,2,git mta-nullmailer,ACCEPT,0,0,0,0,0,0,0,0,0,0,0,0
git-mta-nullmailer-mysql,3,git mta-nullmailer mysql,ACCEPT,0,0,0,5,0,0,0,0,0,0,0,0
git-mta-nullmailer-nc-openbsd,3,git mta-nullmailer nc-openbsd,ACCEPT,0,0,0,0,0,0,0,0,0,0,0,0
git-mta-nullmailer-nc-traditional,3,git mta-nullmailer nc-traditional,ACCEPT,0,0,0,0,0,0,0,0,0,0,0,0
git-mta-nullmailer-nvidia-driver-535,3,git mta-nullmailer nvidia-driver-535,ACCEPT,0,0,0,0,0,0,0,0,0,0,0,0
git-mta-nullmailer-original-awk,3,git mta-nullmailer original-awk,ACCEPT,0,0,0,0,0,0,0,0,0,0,0,0
git-mta-nullmailer-pgclient,3,git mta-nullmailer pgclient,ACCEPT,0,0,0,8,0,0,0,0,0,0,0,0
git-mta-nullmailer-pipdemo,3,git mta-nullmailer pipdemo,ACCEPT,0,0,0,1,0,0,0,0,0,0,0,0
git-mta-nullmailer-postgres,3,git mta-nullmailer postgres,ACCEPT,0,0,0,8,0,0,0,0,0,0,0,0
git-mta-nullmailer-pytools,3,git mta-nullmailer pytools,ACCEPT,0,0,0,1,0,0,0,0,0,0,0,0
git-mta-nullmailer-pyyaml,3,git mta-nullmailer pyyaml,ACCEPT,0,0,0,1,0,0,0,0,0,0,0,0
git-mta-nullmailer-redis,3,git mta-nullmailer redis,ACCEPT,0,0,0,0,0,0,0,0,0,0,0,0
git-mta-nullmailer-rsync,3,git mta-nullmailer rsync,ACCEPT,0,0,0,0,0,0,0,0,0,0,0,0
git-mta-nullmailer-rust,3,git mta-nullmailer rust,ACCEPT,0,0,0,9,0,0,0,0,0,0,0,0
git-mta-nullmailer-socat,3,git mta-nullmailer socat,ACCEPT,0,0,0,0,0,0,0,0,0,0,0,0
git-mta-nullmailer-sqlite,3,git mta-nullmailer sqlite,ACCEPT,0,0,0,0,0,0,0,0,0,0,0,0
git-mta-nullmailer-tcpdump,3,git mta-nullmailer tcpdump,ACCEPT,0,0,0,0,0,0,0,0,0,0,0,0
git-mta-nullmailer-tmux,3,git mta-nullmailer tmux,ACCEPT,0,0,0,0,0,0,0,0,0,0,0,0
git-mta-nullmailer-vim,3,git mta-nullmailer vim,ACCEPT,0,0,0,1,0,0,0,0,0,0,0,0
git-mta-nullmailer-webserver,3,git mta-nullmailer webserver,ACCEPT,0,0,0,2,0,0,0,0,0,0,0,0
git-mta-nullmailer-wget,3,git mta-nullmailer wget,ACCEPT,0,0,0,1,0,0,0,0,0,0,0,0
git-mta-nullmailer-zstd,3,git mta-nullmailer zstd,ACCEPT,0,0,0,0,0,0,0,0,0,0,0,0
git-mysql,2,git mysql,ACCEPT,0,0,0,5,0,0,0,0,0,0,0,0
git-mysql-nc-openbsd,3,git mysql nc-openbsd,ACCEPT,0,0,0,7,0,0,0,0,0,0,0,0
git-mysql-nc-traditional,3,git mysql nc-traditional,ACCEPT,0,0,0,5,0,0,0,0,0,0,0,0
git-mysql-nvidia-driver-535,3,git mysql nvidia-driver-535,ACCEPT,0,0,0,5,0,0,0,0,0,0,0,0
git-mysql-original-awk,3,git mysql original-awk,ACCEPT,0,0,0,5,0,0,0,0,0,0,0,0
git-mysql-pgclient,3,git mysql pgclient,ACCEPT,0,0,0,20,0,0,0,0,0,0,0,0
git-mysql-pipdemo,3,git mysql pipdemo,ACCEPT,0,0,0,8,0,0,0,0,0,0,0,0
git-mysql-postgres,3,git mysql postgres,ACCEPT,0,0,0,23,0,0,0,0,0,0,0,0
git-mysql-pytools,3,git mysql pytools,ACCEPT,0,0,0,8,0,0,0,0,0,0,0,0
git-mysql-pyyaml,3,git mysql pyyaml,ACCEPT,0,0,0,8,0,0,0,0,0,0,0,0
git-mysql-redis,3,git mysql redis,ACCEPT,0,0,0,5,0,0,0,0,0,0,0,0
git-mysql-rsync,3,git mysql rsync,ACCEPT,0,0,0,7,0,0,0,0,0,0,0,0
git-mysql-rust,3,git mysql rust,ACCEPT,0,0,0,15,0,0,0,0,0,0,0,0
git-mysql-socat,3,git mysql socat,ACCEPT,0,0,0,7,0,0,0,0,0,0,0,0
git-mysql-sqlite,3,git mysql sqlite,ACCEPT,0,0,0,7,0,0,0,0,0,0,0,0
git-mysql-tcpdump,3,git mysql tcpdump,ACCEPT,0,0,0,5,0,0,0,0,0,0,0,0
git-mysql-tmux,3,git mysql tmux,ACCEPT,0,0,0,5,0,0,0,0,0,0,0,0
git-mysql-vim,3,git mysql vim,ACCEPT,0,0,0,8,0,0,0,0,0,0,0,0
git-mysql-webserver,3,git mysql webserver,ACCEPT,0,0,0,15,0,0,0,0,0,0,0,0
git-mysql-wget,3,git mysql wget,ACCEPT,0,0,0,6,0,0,0,0,0,0,0,0
git-mysql-zstd,3,git mysql zstd,ACCEPT,0,0,0,5,0,0,0,0,0,0,0,0
git-nc-openbsd,2,git nc-openbsd,ACCEPT,0,0,0,0,0,0,0,0,0,0,0,0
git-nc-openbsd-nc-traditional,3,git nc-openbsd nc-traditional,ACCEPT,0,0,0,0,0,0,0,0,0,0,0,0
git-nc-openbsd-nvidia-driver-535,3,git nc-openbsd nvidia-driver-535,ACCEPT,0,0,0,0,0,0,0,0,0,0,0,0
git-nc-openbsd-original-awk,3,git nc-openbsd original-awk,ACCEPT,0,0,0,0,0,0,0,0,0,0,0,0
git-nc-openbsd-pgclient,3,git nc-openbsd pgclient,ACCEPT,0,0,0,8,0,0,0,0,0,0,0,0
git-nc-openbsd-pipdemo,3,git nc-openbsd pipdemo,ACCEPT,0,0,0,1,0,0,0,0,0,0,0,0
git-nc-openbsd-postgres,3,git nc-openbsd postgres,ACCEPT,0,0,0,10,0,0,0,0,0,0,0,0
git-nc-openbsd-pytools,3,git nc-openbsd pytools,ACCEPT,0,0,0,1,0,0,0,0,0,0,0,0
git-nc-openbsd-pyyaml,3,git nc-openbsd pyyaml,ACCEPT,0,0,0,1,0,0,0,0,0,0,0,0
git-nc-openbsd-redis,3,git nc-openbsd redis,ACCEPT,0,0,0,0,0,0,0,0,0,0,0,0
git-nc-openbsd-rsync,3,git nc-openbsd rsync,ACCEPT,0,0,0,0,0,0,0,0,0,0,0,0
git-nc-openbsd-rust,3,git nc-openbsd rust,ACCEPT,0,0,0,9,0,0,0,0,0,0,0,0
git-nc-openbsd-socat,3,git nc-openbsd socat,ACCEPT,0,0,0,0,0,0,0,0,0,0,0,0
git-nc-openbsd-sqlite,3,git nc-openbsd sqlite,ACCEPT,0,0,0,0,0,0,0,0,0,0,0,0
git-nc-openbsd-tcpdump,3,git nc-openbsd tcpdump,ACCEPT,0,0,0,0,0,0,0,0,0,0,0,0
git-nc-openbsd-tmux,3,git nc-openbsd tmux,ACCEPT,0,0,0,0,0,0,0,0,0,0,0,0
git-nc-openbsd-vim,3,git nc-openbsd vim,ACCEPT,0,0,0,1,0,0,0,0,0,0,0,0
git-nc-openbsd-webserver,3,git nc-openbsd webserver,ACCEPT,0,0,0,4,0,0,0,0,0,0,0,0
git-nc-openbsd-wget,3,git nc-openbsd wget,ACCEPT,0,0,0,1,0,0,0,0,0,0,0,0
git-nc-openbsd-zstd,3,git nc-openbsd zstd,ACCEPT,0,0,0,0,0,0,0,0,0,0,0,0
git-nc-traditional,2,git nc-traditional,ACCEPT,0,0,0,0,0,0,0,0,0,0,0,0
git-nc-traditional-nvidia-driver-535,3,git nc-traditional nvidia-driver-535,ACCEPT,0,0,0,0,0,0,0,0,0,0,0,0
git-nc-traditional-original-awk,3,git nc-traditional original-awk,ACCEPT,0,0,0,0,0,0,0,0,0,0,0,0
git-nc-traditional-pgclient,3,git nc-traditional pgclient,ACCEPT,0,0,0,8,0,0,0,0,0,0,0,0
git-nc-traditional-pipdemo,3,git nc-traditional pipdemo,ACCEPT,0,0,0,1,0,0,0,0,0,0,0,0
git-nc-traditional-postgres,3,git nc-traditional postgres,ACCEPT,0,0,0,8,0,0,0,0,0,0,0,0
git-nc-traditional-pytools,3,git nc-traditional pytools,ACCEPT,0,0,0,1,0,0,0,0,0,0,0,0
git-nc-traditional-pyyaml,3,git nc-traditional pyyaml,ACCEPT,0,0,0,1,0,0,0,0,0,0,0,0
git-nc-traditional-redis,3,git nc-traditional redis,ACCEPT,0,0,0,0,0,0,0,0,0,0,0,0
git-nc-traditional-rsync,3,git nc-traditional rsync,ACCEPT,0,0,0,0,0,0,0,0,0,0,0,0
git-nc-traditional-rust,3,git nc-traditional rust,ACCEPT,0,0,0,9,0,0,0,0,0,0,0,0
git-nc-traditional-socat,3,git nc-traditional socat,ACCEPT,0,0,0,0,0,0,0,0,0,0,0,0
git-nc-traditional-sqlite,3,git nc-traditional sqlite,ACCEPT,0,0,0,0,0,0,0,0,0,0,0,0
git-nc-traditional-tcpdump,3,git nc-traditional tcpdump,ACCEPT,0,0,0,0,0,0,0,0,0,0,0,0
git-nc-traditional-tmux,3,git nc-traditional tmux,ACCEPT,0,0,0,0,0,0,0,0,0,0,0,0
git-nc-traditional-vim,3,git nc-traditional vim,ACCEPT,0,0,0,1,0,0,0,0,0,0,0,0
git-nc-traditional-webserver,3,git nc-traditional webserver,ACCEPT,0,0,0,2,0,0,0,0,0,0,0,0
git-nc-traditional-wget,3,git nc-traditional wget,ACCEPT,0,0,0,1,0,0,0,0,0,0,0,0
git-nc-traditional-zstd,3,git nc-traditional zstd,ACCEPT,0,0,0,0,0,0,0,0,0,0,0,0
git-nvidia-driver-535,2,git nvidia-driver-535,ACCEPT,0,0,0,0,0,0,0,0,0,0,0,0
git-nvidia-driver-535-original-awk,3,git nvidia-driver-535 original-awk,ACCEPT,0,0,0,0,0,0,0,0,0,0,0,0
git-nvidia-driver-535-pgclient,3,git nvidia-driver-535 pgclient,ACCEPT,0,0,0,8,0,0,0,0,0,0,0,0
git-nvidia-driver-535-pipdemo,3,git nvidia-driver-535 pipdemo,ACCEPT,0,0,0,1,0,0,0,0,0,0,0,0
git-nvidia-driver-535-postgres,3,git nvidia-driver-535 postgres,ACCEPT,0,0,0,8,0,0,0,0,0,0,0,0
git-nvidia-driver-535-pytools,3,git nvidia-driver-535 pytools,ACCEPT,0,0,0,1,0,0,0,0,0,0,0,0
git-nvidia-driver-535-pyyaml,3,git nvidia-driver-535 pyyaml,ACCEPT,0,0,0,1,0,0,0,0,0,0,0,0
git-nvidia-driver-535-redis,3,git nvidia-driver-535 redis,ACCEPT,0,0,0,0,0,0,0,0,0,0,0,0
git-nvidia-driver-535-rsync,3,git nvidia-driver-535 rsync,ACCEPT,0,0,0,0,0,0,0,0,0,0,0,0
git-nvidia-driver-535-rust,3,git nvidia-driver-535 rust,ACCEPT,0,0,0,15,0,0,0,0,0,0,0,0
git-nvidia-driver-535-socat,3,git nvidia-driver-535 socat,ACCEPT,0,0,0,0,0,0,0,0,0,0,0,0
git-nvidia-driver-535-sqlite,3,git nvidia-driver-535 sqlite,ACCEPT,0,0,0,0,0,0,0,0,0,0,0,0
git-nvidia-driver-535-tcpdump,3,git nvidia-driver-535 tcpdump,ACCEPT,0,0,0,0,0,0,0,0,0,0,0,0
git-nvidia-driver-535-tmux,3,git nvidia-driver-535 tmux,ACCEPT,0,0,0,0,0,0,0,0,0,0,0,0
git-nvidia-driver-535-vim,3,git nvidia-driver-535 vim,ACCEPT,0,0,0,1,0,0,0,0,0,0,0,0
git-nvidia-driver-535-webserver,3,git nvidia-driver-535 webserver,ACCEPT,0,0,0,2,0,0,0,0,0,0,0,0
git-nvidia-driver-535-wget,3,git nvidia-driver-535 wget,ACCEPT,0,0,0,1,0,0,0,0,0,0,0,0
git-nvidia-driver-535-zstd,3,git nvidia-driver-535 zstd,ACCEPT,0,0,0,0,0,0,0,0,0,0,0,0
git-original-awk,2,git original-awk,ACCEPT,0,0,0,0,0,0,0,0,0,0,0,0
git-original-awk-pgclient,3,git original-awk pgclient,ACCEPT,0,0,0,8,0,0,0,0,0,0,0,0
git-original-awk-pipdemo,3,git original-awk pipdemo,ACCEPT,0,0,0,1,0,0,0,0,0,0,0,0
git-original-awk-postgres,3,git original-awk postgres,ACCEPT,0,0,0,8,0,0,0,0,0,0,0,0
git-original-awk-pytools,3,git original-awk pytools,ACCEPT,0,0,0,1,0,0,0,0,0,0,0,0
git-original-awk-pyyaml,3,git original-awk pyyaml,ACCEPT,0,0,0,1,0,0,0,0,0,0,0,0
git-original-awk-redis,3,git original-awk redis,ACCEPT,0,0,0,0,0,0,0,0,0,0,0,0
git-original-awk-rsync,3,git original-awk rsync,ACCEPT,0,0,0,0,0,0,0,0,0,0,0,0
git-original-awk-rust,3,git original-awk rust,ACCEPT,0,0,0,9,0,0,0,0,0,0,0,0
git-original-awk-socat,3,git original-awk socat,ACCEPT,0,0,0,0,0,0,0,0,0,0,0,0
git-original-awk-sqlite,3,git original-awk sqlite,ACCEPT,0,0,0,0,0,0,0,0,0,0,0,0
git-original-awk-tcpdump,3,git original-awk tcpdump,ACCEPT,0,0,0,0,0,0,0,0,0,0,0,0
git-original-awk-tmux,3,git original-awk tmux,ACCEPT,0,0,0,0,0,0,0,0,0,0,0,0
git-original-awk-vim,3,git original-awk vim,ACCEPT,0,0,0,1,0,0,0,0,0,0,0,0
git-original-awk-webserver,3,git original-awk webserver,ACCEPT,0,0,0,2,0,0,0,0,0,0,0,0
git-original-awk-wget,3,git original-awk wget,ACCEPT,0,0,0,1,0,0,0,0,0,0,0,0
git-original-awk-zstd,3,git original-awk zstd,ACCEPT,0,0,0,0,0,0,0,0,0,0,0,0
git-pgclient,2,git pgclient,ACCEPT,0,0,0,8,0,0,0,0,0,0,0,0
git-pgclient-pipdemo,3,git pgclient pipdemo,ACCEPT,0,0,0,11,0,0,0,0,0,0,0,0
git-pgclient-postgres,3,git pgclient postgres,ACCEPT,0,0,0,30,0,0,0,0,0,0,0,0
git-pgclient-pytools,3,git pgclient pytools,ACCEPT,0,0,0,11,0,0,0,0,0,0,0,0
git-pgclient-pyyaml,3,git pgclient pyyaml,ACCEPT,0,0,0,11,0,0,0,0,0,0,0,0
git-pgclient-redis,3,git pgclient redis,ACCEPT,0,0,0,8,0,0,0,0,0,0,0,0
git-pgclient-rsync,3,git pgclient rsync,ACCEPT,0,0,0,8,0,0,0,0,0,0,0,0
git-pgclient-rust,3,git pgclient rust,ACCEPT,0,0,0,20,0,0,0,0,0,0,0,0
git-pgclient-socat,3,git pgclient socat,ACCEPT,0,0,0,8,0,0,0,0,0,0,0,0
git-pgclient-sqlite,3,git pgclient sqlite,ACCEPT,0,0,0,10,0,0,0,0,0,0,0,0
git-pgclient-tcpdump,3,git pgclient tcpdump,ACCEPT,0,0,0,8,0,0,0,0,0,0,0,0
git-pgclient-tmux,3,git pgclient tmux,ACCEPT,0,0,0,8,0,0,0,0,0,0,0,0
git-pgclient-vim,3,git pgclient vim,ACCEPT,0,0,0,11,0,0,0,0,0,0,0,0
git-pgclient-webserver,3,git pgclient webserver,ACCEPT,0,0,0,10,0,0,0,0,0,0,0,0
git-pgclient-wget,3,git pgclient wget,ACCEPT,0,0,0,9,0,0,0,0,0,0,0,0
git-pgclient-zstd,3,git pgclient zstd,ACCEPT,0,0,0,8,0,0,0,0,0,0,0,0
git-pipdemo,2,git pipdemo,ACCEPT,0,0,0,1,0,0,0,0,0,0,0,0
git-pipdemo-postgres,3,git pipdemo postgres,ACCEPT,0,0,0,11,0,0,0,0,0,0,0,0
git-pipdemo-pytools,3,git pipdemo pytools,ACCEPT,0,0,0,21,0,0,0,0,0,0,0,0
git-pipdemo-pyyaml,3,git pipdemo pyyaml,ACCEPT,0,0,0,15,0,0,0,0,0,0,0,0
git-pipdemo-redis,3,git pipdemo redis,ACCEPT,0,0,0,1,0,0,0,0,0,0,0,0
git-pipdemo-rsync,3,git pipdemo rsync,ACCEPT,0,0,0,1,0,0,0,0,0,0,0,0
git-pipdemo-rust,3,git pipdemo rust,ACCEPT,0,0,0,10,0,0,0,0,0,0,0,0
git-pipdemo-socat,3,git pipdemo socat,ACCEPT,0,0,0,1,0,0,0,0,0,0,0,0
git-pipdemo-sqlite,3,git pipdemo sqlite,ACCEPT,0,0,0,4,0,0,0,0,0,0,0,0
git-pipdemo-tcpdump,3,git pipdemo tcpdump,ACCEPT,0,0,0,1,0,0,0,0,0,0,0,0
git-pipdemo-tmux,3,git pipdemo tmux,ACCEPT,0,0,0,1,0,0,0,0,0,0,0,0
git-pipdemo-vim,3,git pipdemo vim,ACCEPT,0,0,0,10,0,0,0,0,0,0,0,0
git-pipdemo-webserver,3,git pipdemo webserver,ACCEPT,0,0,0,4,0,0,0,0,0,0,0,0
git-pipdemo-wget,3,git pipdemo wget,ACCEPT,0,0,0,2,0,0,0,0,0,0,0,0
git-pipdemo-zstd,3,git pipdemo zstd,ACCEPT,0,0,0,1,0,0,0,0,0,0,0,0
git-postgres,2,git postgres,ACCEPT,0,0,0,8,0,0,0,0,0,0,0,0
git-postgres-pytools,3,git postgres pytools,ACCEPT,0,0,0,11,0,0,0,0,0,0,0,0
git-postgres-pyyaml,3,git postgres pyyaml,ACCEPT,0,0,0,11,0,0,0,0,0,0,0,0
git-postgres-redis,3,git postgres redis,ACCEPT,0,0,0,8,0,0,0,0,0,0,0,0
git-postgres-rsync,3,git postgres rsync,ACCEPT,0,0,0,8,0,0,0,0,0,0,0,0
git-postgres-rust,3,git postgres rust,ACCEPT,0,0,0,20,0,0,0,0,0,0,0,0
git-postgres-socat,3,git postgres socat,ACCEPT,0,0,0,8,0,0,0,0,0,0,0,0
git-postgres-sqlite,3,git postgres sqlite,ACCEPT,0,0,0,10,0,0,0,0,0,0,0,0
git-postgres-tcpdump,3,git postgres tcpdump,ACCEPT,0,0,0,8,0,0,0,0,0,0,0,0
git-postgres-tmux,3,git postgres tmux,ACCEPT,0,0,0,8,0,0,0,0,0,0,0,0
git-postgres-vim,3,git postgres vim,ACCEPT,0,0,0,11,0,0,0,0,0,0,0,0
git-postgres-webserver,3,git postgres webserver,ACCEPT,0,0,0,16,0,0,0,0,0,0,0,0
git-postgres-wget,3,git postgres wget,ACCEPT,0,0,0,9,0,0,0,0,0,0,0,0
git-postgres-zstd,3,git postgres zstd,ACCEPT,0,0,0,8,0,0,0,0,0,0,0,0
git-pytools,2,git pytools,ACCEPT,0,0,0,1,0,0,0,0,0,0,0,0
git-pytools-pyyaml,3,git pytools pyyaml,ACCEPT,0,0,0,15,0,0,0,0,0,0,0,0
git-pytools-redis,3,git pytools redis,ACCEPT,0,0,0,1,0,0,0,0,0,0,0,0
git-pytools-rsync,3,git pytools rsync,ACCEPT,0,0,0,1,0,0,0,0,0,0,0,0
git-pytools-rust,3,git pytools rust,ACCEPT,0,0,0,11,0,0,0,0,0,0,0,0
git-pytools-socat,3,git pytools socat,ACCEPT,0,0,0,1,0,0,0,0,0,0,0,0
git-pytools-sqlite,3,git pytools sqlite,ACCEPT,0,0,0,4,0,0,0,0,0,0,0,0
git-pytools-tcpdump,3,git pytools tcpdump,ACCEPT,0,0,0,1,0,0,0,0,0,0,0,0
git-pytools-tmux,3,git pytools tmux,ACCEPT,0,0,0,1,0,0,0,0,0,0,0,0
git-pytools-vim,3,git pytools vim,ACCEPT,0,0,0,10,0,0,0,0,0,0,0,0
git-pytools-webserver,3,git pytools webserver,ACCEPT,0,0,0,4,0,0,0,0,0,0,0,0
git-pytools-wget,3,git pytools wget,ACCEPT,0,0,0,2,0,0,0,0,0,0,0,0
git-pytools-zstd,3,git pytools zstd,ACCEPT,0,0,0,1,0,0,0,0,0,0,0,0
git-pyyaml,2,git pyyaml,ACCEPT,0,0,0,1,0,0,0,0,0,0,0,0
git-pyyaml-redis,3,git pyyaml redis,ACCEPT,0,0,0,1,0,0,0,0,0,0,0,0
git-pyyaml-rsync,3,git pyyaml rsync,ACCEPT,0,0,0,1,0,0,0,0,0,0,0,0
git-pyyaml-rust,3,git pyyaml rust,ACCEPT,0,0,0,10,0,0,0,0,0,0,0,0
git-pyyaml-socat,3,git pyyaml socat,ACCEPT,0,0,0,1,0,0,0,0,0,0,0,0
git-pyyaml-sqlite,3,git pyyaml sqlite,ACCEPT,0,0,0,4,0,0,0,0,0,0,0,0
git-pyyaml-tcpdump,3,git pyyaml tcpdump,ACCEPT,0,0,0,1,0,0,0,0,0,0,0,0
git-pyyaml-tmux,3,git pyyaml tmux,ACCEPT,0,0,0,1,0,0,0,0,0,0,0,0
git-pyyaml-vim,3,git pyyaml vim,ACCEPT,0,0,0,10,0,0,0,0,0,0,0,0
git-pyyaml-webserver,3,git pyyaml webserver,ACCEPT,0,0,0,4,0,0,0,0,0,0,0,0
git-pyyaml-wget,3,git pyyaml wget,ACCEPT,0,0,0,2,0,0,0,0,0,0,0,0
git-pyyaml-zstd,3,git pyyaml zstd,ACCEPT,0,0,0,1,0,0,0,0,0,0,0,0
git-redis,2,git redis,ACCEPT,0,0,0,0,0,0,0,0,0,0,0,0
git-redis-rsync,3,git redis rsync,ACCEPT,0,0,0,0,0,0,0,0,0,0,0,0
git-redis-rust,3,git redis rust,ACCEPT,0,0,0,10,0,0,0,0,0,0,0,0
git-redis-socat,3,git redis socat,ACCEPT,0,0,0,0,0,0,0,0,0,0,0,0
git-redis-sqlite,3,git redis sqlite,ACCEPT,0,0,0,0,0,0,0,0,0,0,0,0
git-redis-tcpdump,3,git redis tcpdump,ACCEPT,0,0,0,0,0,0,0,0,0,0,0,0
git-redis-tmux,3,git redis tmux,ACCEPT,0,0,0,0,0,0,0,0,0,0,0,0
git-redis-vim,3,git redis vim,ACCEPT,0,0,0,1,0,0,0,0,0,0,0,0
git-redis-webserver,3,git redis webserver,ACCEPT,0,0,0,2,0,0,0,0,0,0,0,0
git-redis-wget,3,git redis wget,ACCEPT,0,0,0,1,0,0,0,0,0,0,0,0
git-redis-zstd,3,git redis zstd,ACCEPT,0,0,0,0,0,0,0,0,0,0,0,0
git-rsync,2,git rsync,ACCEPT,0,0,0,0,0,0,0,0,0,0,0,0
git-rsync-rust,3,git rsync rust,ACCEPT,0,0,0,9,0,0,0,0,0,0,0,0
git-rsync-socat,3,git rsync socat,ACCEPT,0,0,0,0,0,0,0,0,0,0,0,0
git-rsync-sqlite,3,git rsync sqlite,ACCEPT,0,0,0,0,0,0,0,0,0,0,0,0
git-rsync-tcpdump,3,git rsync tcpdump,ACCEPT,0,0,0,0,0,0,0,0,0,0,0,0
git-rsync-tmux,3,git rsync tmux,ACCEPT,0,0,0,0,0,0,0,0,0,0,0,0
git-rsync-vim,3,git rsync vim,ACCEPT,0,0,0,1,0,0,0,0,0,0,0,0
git-rsync-webserver,3,git rsync webserver,ACCEPT,0,0,0,2,0,0,0,0,0,0,0,0
git-rsync-wget,3,git rsync wget,ACCEPT,0,0,0,1,0,0,0,0,0,0,0,0
git-rsync-zstd,3,git rsync zstd,ACCEPT,0,0,0,0,0,0,0,0,0,0,0,0
git-rust,2,git rust,ACCEPT,0,0,0,9,0,0,0,0,0,0,0,0
git-rust-socat,3,git rust socat,ACCEPT,0,0,0,9,0,0,0,0,0,0,0,0
git-rust-sqlite,3,git rust sqlite,ACCEPT,0,0,0,9,0,0,0,0,0,0,0,0
git-rust-tcpdump,3,git rust tcpdump,ACCEPT,0,0,0,9,0,0,0,0,0,0,0,0
git-rust-tmux,3,git rust tmux,ACCEPT,0,0,0,9,0,0,0,0,0,0,0,0
git-rust-vim,3,git rust vim,ACCEPT,0,0,0,10,0,0,0,0,0,0,0,0
git-rust-webserver,3,git rust webserver,ACCEPT,0,0,0,12,0,0,0,0,0,0,0,0
git-rust-wget,3,git rust wget,ACCEPT,0,0,0,11,0,0,0,0,0,0,0,0
git-rust-zstd,3,git rust zstd,ACCEPT,0,0,0,9,0,0,0,0,0,0,0,0
git-socat,2,git socat,ACCEPT,0,0,0,0,0,0,0,0,0,0,0,0
git-socat-sqlite,3,git socat sqlite,ACCEPT,0,0,0,0,0,0,0,0,0,0,0,0
git-socat-tcpdump,3,git socat tcpdump,ACCEPT,0,0,0,0,0,0,0,0,0,0,0,0
git-socat-tmux,3,git socat tmux,ACCEPT,0,0,0,0,0,0,0,0,0,0,0,0
git-socat-vim,3,git socat vim,ACCEPT,0,0,0,1,0,0,0,0,0,0,0,0
git-socat-webserver,3,git socat webserver,ACCEPT,0,0,0,2,0,0,0,0,0,0,0,0
git-socat-wget,3,git socat wget,ACCEPT,0,0,0,1,0,0,0,0,0,0,0,0
git-socat-zstd,3,git socat zstd,ACCEPT,0,0,0,0,0,0,0,0,0,0,0,0
git-sqlite,2,git sqlite,ACCEPT,0,0,0,0,0,0,0,0,0,0,0,0
git-sqlite-tcpdump,3,git sqlite tcpdump,ACCEPT,0,0,0,0,0,0,0,0,0,0,0,0
git-sqlite-tmux,3,git sqlite tmux,ACCEPT,0,0,0,0,0,0,0,0,0,0,0,0
git-sqlite-vim,3,git sqlite vim,ACCEPT,0,0,0,4,0,0,0,0,0,0,0,0
git-sqlite-webserver,3,git sqlite webserver,ACCEPT,0,0,0,2,0,0,0,0,0,0,0,0
git-sqlite-wget,3,git sqlite wget,ACCEPT,0,0,0,1,0,0,0,0,0,0,0,0
git-sqlite-zstd,3,git sqlite zstd,ACCEPT,0,0,0,0,0,0,0,0,0,0,0,0
git-tcpdump,2,git tcpdump,ACCEPT,0,0,0,0,0,0,0,0,0,0,0,0
git-tcpdump-tmux,3,git tcpdump tmux,ACCEPT,0,0,0,0,0,0,0,0,0,0,0,0
git-tcpdump-vim,3,git tcpdump vim,ACCEPT,0,0,0,1,0,0,0,0,0,0,0,0
git-tcpdump-webserver,3,git tcpdump webserver,ACCEPT,0,0,0,2,0,0,0,0,0,0,0,0
git-tcpdump-wget,3,git tcpdump wget,ACCEPT,0,0,0,1,0,0,0,0,0,0,0,0
git-tcpdump-zstd,3,git tcpdump zstd,ACCEPT,0,0,0,0,0,0,0,0,0,0,0,0
git-tmux,2,git tmux,ACCEPT,0,0,0,0,0,0,0,0,0,0,0,0
git-tmux-vim,3,git tmux vim,ACCEPT,0,0,0,1,0,0,0,0,0,0,0,0
git-tmux-webserver,3,git tmux webserver,ACCEPT,0,0,0,2,0,0,0,0,0,0,0,0
git-tmux-wget,3,git tmux wget,ACCEPT,0,0,0,1,0,0,0,0,0,0,0,0
git-tmux-zstd,3,git tmux zstd,ACCEPT,0,0,0,0,0,0,0,0,0,0,0,0
git-vim,2,git vim,ACCEPT,0,0,0,1,0,0,0,0,0,0,0,0
git-vim-webserver,3,git vim webserver,ACCEPT,0,0,0,4,0,0,0,0,0,0,0,0
git-vim-wget,3,git vim wget,ACCEPT,0,0,0,2,0,0,0,0,0,0,0,0
git-vim-zstd,3,git vim zstd,ACCEPT,0,0,0,1,0,0,0,0,0,0,0,0
git-webserver,2,git webserver,ACCEPT,0,0,0,2,0,0,0,0,0,0,0,0
git-webserver-wget,3,git webserver wget,ACCEPT,0,0,0,3,0,0,0,0,0,0,0,0
git-webserver-zstd,3,git webserver zstd,ACCEPT,0,0,0,2,0,0,0,0,0,0,0,0
git-wget,2,git wget,ACCEPT,0,0,0,1,0,0,0,0,0,0,0,0
git-wget-zstd,3,git wget zstd,ACCEPT,0,0,0,1,0,0,0,0,0,0,0,0
git-zstd,2,git zstd,ACCEPT,0,0,0,0,0,0,0,0,0,0,0,0
htop-java,2,htop java,ACCEPT,0,0,0,0,0,0,0,0,0,0,0,0
htop-java-jq,3,htop java jq,ACCEPT,0,0,0,0,0,0,0,0,0,0,0,0
htop-java-llvm,3,htop java llvm,ACCEPT,0,0,0,0,0,0,0,0,0,0,0,0
htop-java-memcached,3,htop java memcached,ACCEPT,0,0,0,0,0,0,0,0,0,0,0,0
htop-java-mta-msmtp,3,htop java mta-msmtp,ACCEPT,0,0,0,2,0,0,0,0,0,0,0,0
htop-java-mta-nullmailer,3,htop java mta-nullmailer,ACCEPT,0,0,0,0,0,0,0,0,0,0,0,0
htop-java-mysql,3,htop java mysql,ACCEPT,0,0,0,0,0,0,0,0,0,0,0,0
htop-java-nc-openbsd,3,htop java nc-openbsd,ACCEPT,0,0,0,0,0,0,0,0,0,0,0,0
htop-java-nc-traditional,3,htop java nc-traditional,ACCEPT,0,0,0,0,0,0,0,0,0,0,0,0
htop-java-nvidia-driver-535,3,htop java nvidia-driver-535,ACCEPT,0,0,0,0,0,0,0,0,0,0,0,0
htop-java-original-awk,3,htop java original-awk,ACCEPT,0,0,0,0,0,0,0,0,0,0,0,0
htop-java-pgclient,3,htop java pgclient,ACCEPT,0,0,0,0,0,0,0,0,0,0,0,0
htop-java-pipdemo,3,htop java pipdemo,ACCEPT,0,0,0,2,0,0,0,0,0,0,0,0
htop-java-postgres,3,htop java postgres,ACCEPT,0,0,0,1,0,0,0,0,0,0,0,0
htop-java-pytools,3,htop java pytools,ACCEPT,0,0,0,2,0,0,0,0,0,0,0,0
htop-java-pyyaml,3,htop java pyyaml,ACCEPT,0,0,0,2,0,0,0,0,0,0,0,0
htop-java-redis,3,htop java redis,ACCEPT,0,0,0,0,0,0,0,0,0,0,0,0
htop-java-rsync,3,htop java rsync,ACCEPT,0,0,0,0,0,0,0,0,0,0,0,0
htop-java-rust,3,htop java rust,ACCEPT,0,0,0,1,0,0,0,0,0,0,0,0
htop-java-socat,3,htop java socat,ACCEPT,0,0,0,0,0,0,0,0,0,0,0,0
htop-java-sqlite,3,htop java sqlite,ACCEPT,0,0,0,1,0,0,0,0,0,0,0,0
htop-java-tcpdump,3,htop java tcpdump,ACCEPT,0,0,0,1,0,0,0,0,0,0,0,0
htop-java-tmux,3,htop java tmux,ACCEPT,0,0,0,0,0,0,0,0,0,0,0,0
htop-java-vim,3,htop java vim,ACCEPT,0,0,0,2,0,0,0,0,0,0,0,0
htop-java-webserver,3,htop java webserver,ACCEPT,0,0,0,10,0,0,0,0,0,0,0,0
htop-java-wget,3,htop java wget,ACCEPT,0,0,0,0,0,0,0,0,0,0,0,0
htop-java-zstd,3,htop java zstd,ACCEPT,0,0,0,0,0,0,0,0,0,0,0,0
htop-jq,2,htop jq,ACCEPT,0,0,0,0,0,0,0,0,0,0,0,0
htop-jq-llvm,3,htop jq llvm,ACCEPT,0,0,0,0,0,0,0,0,0,0,0,0
htop-jq-memcached,3,htop jq memcached,ACCEPT,0,0,0,5,0,0,0,0,0,0,0,0
htop-jq-mta-msmtp,3,htop jq mta-msmtp,ACCEPT,0,0,0,0,0,0,0,0,0,0,0,0
htop-jq-mta-nullmailer,3,htop jq mta-nullmailer,ACCEPT,0,0,0,0,0,0,0,0,0,0,0,0
htop-jq-mysql,3,htop jq mysql,ACCEPT,0,0,0,5,0,0,0,0,0,0,0,0
htop-jq-nc-openbsd,3,htop jq nc-openbsd,ACCEPT,0,0,0,0,0,0,0,0,0,0,0,0
htop-jq-nc-traditional,3,htop jq nc-traditional,ACCEPT,0,0,0,0,0,0,0,0,0,0,0,0
htop-jq-nvidia-driver-535,3,htop jq nvidia-driver-535,ACCEPT,0,0,0,0,0,0,0,0,0,0,0,0
htop-jq-original-awk,3,htop jq original-awk,ACCEPT,0,0,0,0,0,0,0,0,0,0,0,0
htop-jq-pgclient,3,htop jq pgclient,ACCEPT,0,0,0,5,0,0,0,0,0,0,0,0
htop-jq-pipdemo,3,htop jq pipdemo,ACCEPT,0,0,0,0,0,0,0,0,0,0,0,0
htop-jq-postgres,3,htop jq postgres,ACCEPT,0,0,0,5,0,0,0,0,0,0,0,0
htop-jq-pytools,3,htop jq pytools,ACCEPT,0,0,0,0,0,0,0,0,0,0,0,0
htop-jq-pyyaml,3,htop jq pyyaml,ACCEPT,0,0,0,0,0,0,0,0,0,0,0,0
htop-jq-redis,3,htop jq redis,ACCEPT,0,0,0,0,0,0,0,0,0,0,0,0
htop-jq-rsync,3,htop jq rsync,ACCEPT,0,0,0,0,0,0,0,0,0,0,0,0
htop-jq-rust,3,htop jq rust,ACCEPT,0,0,0,0,0,0,0,0,0,0,0,0
htop-jq-socat,3,htop jq socat,ACCEPT,0,0,0,0,0,0,0,0,0,0,0,0
htop-jq-sqlite,3,htop jq sqlite,ACCEPT,0,0,0,0,0,0,0,0,0,0,0,0
htop-jq-tcpdump,3,htop jq tcpdump,ACCEPT,0,0,0,0,0,0,0,0,0,0,0,0
htop-jq-tmux,3,htop jq tmux,ACCEPT,0,0,0,0,0,0,0,0,0,0,0,0
htop-jq-vim,3,htop jq vim,ACCEPT,0,0,0,0,0,0,0,0,0,0,0,0
htop-jq-webserver,3,htop jq webserver,ACCEPT,0,0,0,0,0,0,0,0,0,0,0,0
htop-jq-wget,3,htop jq wget,ACCEPT,0,0,0,0,0,0,0,0,0,0,0,0
htop-jq-zstd,3,htop jq zstd,ACCEPT,0,0,0,0,0,0,0,0,0,0,0,0
htop-llvm,2,htop llvm,ACCEPT,0,0,0,0,0,0,0,0,0,0,0,0
htop-llvm-memcached,3,htop llvm memcached,ACCEPT,0,0,0,0,0,0,0,0,0,0,0,0
htop-llvm-mta-msmtp,3,htop llvm mta-msmtp,ACCEPT,0,0,0,0,0,0,0,0,0,0,0,0
htop-llvm-mta-nullmailer,3,htop llvm mta-nullmailer,ACCEPT,0,0,0,0,0,0,0,0,0,0,0,0
htop-llvm-mysql,3,htop llvm mysql,ACCEPT,0,0,0,3,0,0,0,0,0,0,0,0
htop-llvm-nc-openbsd,3,htop llvm nc-openbsd,ACCEPT,0,0,0,2,0,0,0,0,0,0,0,0
htop-llvm-nc-traditional,3,htop llvm nc-traditional,ACCEPT,0,0,0,0,0,0,0,0,0,0,0,0
htop-llvm-nvidia-driver-535,3,htop llvm nvidia-driver-535,ACCEPT,0,0,0,6,0,0,0,0,0,0,0,0
htop-llvm-original-awk,3,htop llvm original-awk,ACCEPT,0,0,0,0,0,0,0,0,0,0,0,0
htop-llvm-pgclient,3,htop llvm pgclient,ACCEPT,0,0,0,0,0,0,0,0,0,0,0,0
htop-llvm-pipdemo,3,htop llvm pipdemo,ACCEPT,0,0,0,0,0,0,0,0,0,0,0,0
htop-llvm-postgres,3,htop llvm postgres,ACCEPT,0,0,0,6,0,0,0,0,0,0,0,0
htop-llvm-pytools,3,htop llvm pytools,ACCEPT,0,0,0,1,0,0,0,0,0,0,0,0
htop-llvm-pyyaml,3,htop llvm pyyaml,ACCEPT,0,0,0,0,0,0,0,0,0,0,0,0
htop-llvm-redis,3,htop llvm redis,ACCEPT,0,0,0,1,0,0,0,0,0,0,0,0
htop-llvm-rsync,3,htop llvm rsync,ACCEPT,0,0,0,0,0,0,0,0,0,0,0,0
htop-llvm-rust,3,htop llvm rust,ACCEPT,0,0,0,23,0,0,0,0,0,0,0,0
htop-llvm-socat,3,htop llvm socat,ACCEPT,0,0,0,0,0,0,0,0,0,0,0,0
htop-llvm-sqlite,3,htop llvm sqlite,ACCEPT,0,0,0,0,0,0,0,0,0,0,0,0
htop-llvm-tcpdump,3,htop llvm tcpdump,ACCEPT,0,0,0,0,0,0,0,0,0,0,0,0
htop-llvm-tmux,3,htop llvm tmux,ACCEPT,0,0,0,0,0,0,0,0,0,0,0,0
htop-llvm-vim,3,htop llvm vim,ACCEPT,0,0,0,0,0,0,0,0,0,0,0,0
htop-llvm-webserver,3,htop llvm webserver,ACCEPT,0,0,0,4,0,0,0,0,0,0,0,0
htop-llvm-wget,3,htop llvm wget,ACCEPT,0,0,0,0,0,0,0,0,0,0,0,0
htop-llvm-zstd,3,htop llvm zstd,ACCEPT,0,0,0,0,0,0,0,0,0,0,0,0
htop-memcached,2,htop memcached,ACCEPT,0,0,0,0,0,0,0,0,0,0,0,0
htop-memcached-mta-msmtp,3,htop memcached mta-msmtp,ACCEPT,0,0,0,0,0,0,0,0,0,0,0,0
htop-memcached-mta-nullmailer,3,htop memcached mta-nullmailer,ACCEPT,0,0,0,0,0,0,0,0,0,0,0,0
htop-memcached-mysql,3,htop memcached mysql,ACCEPT,0,0,0,5,0,0,0,0,0,0,0,0
htop-memcached-nc-openbsd,3,htop memcached nc-openbsd,ACCEPT,0,0,0,0,0,0,0,0,0,0,0,0
htop-memcached-nc-traditional,3,htop memcached nc-traditional,ACCEPT,0,0,0,0,0,0,0,0,0,0,0,0
htop-memcached-nvidia-driver-535,3,htop memcached nvidia-driver-535,ACCEPT,0,0,0,0,0,0,0,0,0,0,0,0
htop-memcached-original-awk,3,htop memcached original-awk,ACCEPT,0,0,0,0,0,0,0,0,0,0,0,0
htop-memcached-pgclient,3,htop memcached pgclient,ACCEPT,0,0,0,7,0,0,0,0,0,0,0,0
htop-memcached-pipdemo,3,htop memcached pipdemo,ACCEPT,0,0,0,0,0,0,0,0,0,0,0,0
htop-memcached-postgres,3,htop memcached postgres,ACCEPT,0,0,0,7,0,0,0,0,0,0,0,0
htop-memcached-pytools,3,htop memcached pytools,ACCEPT,0,0,0,0,0,0,0,0,0,0,0,0
htop-memcached-pyyaml,3,htop memcached pyyaml,ACCEPT,0,0,0,0,0,0,0,0,0,0,0,0
htop-memcached-redis,3,htop memcached redis,ACCEPT,0,0,0,0,0,0,0,0,0,0,0,0
htop-memcached-rsync,3,htop memcached rsync,ACCEPT,0,0,0,0,0,0,0,0,0,0,0,0
htop-memcached-rust,3,htop memcached rust,ACCEPT,0,0,0,2,0,0,0,0,0,0,0,0
htop-memcached-socat,3,htop memcached socat,ACCEPT,0,0,0,0,0,0,0,0,0,0,0,0
htop-memcached-sqlite,3,htop memcached sqlite,ACCEPT,0,0,0,0,0,0,0,0,0,0,0,0
htop-memcached-tcpdump,3,htop memcached tcpdump,ACCEPT,0,0,0,0,0,0,0,0,0,0,0,0
htop-memcached-tmux,3,htop memcached tmux,ACCEPT,0,0,0,0,0,0,0,0,0,0,0,0
htop-memcached-vim,3,htop memcached vim,ACCEPT,0,0,0,0,0,0,0,0,0,0,0,0
htop-memcached-webserver,3,htop memcached webserver,ACCEPT,0,0,0,0,0,0,0,0,0,0,0,0
htop-memcached-wget,3,htop memcached wget,ACCEPT,0,0,0,0,0,0,0,0,0,0,0,0
htop-memcached-zstd,3,htop memcached zstd,ACCEPT,0,0,0,0,0,0,0,0,0,0,0,0
htop-mta-msmtp,2,htop mta-msmtp,ACCEPT,0,0,0,0,0,0,0,0,0,0,0,0
htop-mta-msmtp-mta-nullmailer,3,htop mta-msmtp mta-nullmailer,REJECT,1,2,0,0,0,2,0,4,0,0,0,0
htop-mta-msmtp-mysql,3,htop mta-msmtp mysql,ACCEPT,0,0,0,0,0,0,0,0,0,0,0,0
htop-mta-msmtp-nc-openbsd,3,htop mta-msmtp nc-openbsd,ACCEPT,0,0,0,0,0,0,0,0,0,0,0,0
htop-mta-msmtp-nc-traditional,3,htop mta-msmtp nc-traditional,ACCEPT,0,0,0,0,0,0,0,0,0,0,0,0
htop-mta-msmtp-nvidia-driver-535,3,htop mta-msmtp nvidia-driver-535,ACCEPT,0,0,0,0,0,0,0,0,0,0,0,0
htop-mta-msmtp-original-awk,3,htop mta-msmtp original-awk,ACCEPT,0,0,0,0,0,0,0,0,0,0,0,0
htop-mta-msmtp-pgclient,3,htop mta-msmtp pgclient,ACCEPT,0,0,0,0,0,0,0,0,0,0,0,0
htop-mta-msmtp-pipdemo,3,htop mta-msmtp pipdemo,ACCEPT,0,0,0,0,0,0,0,0,0,0,0,0
htop-mta-msmtp-postgres,3,htop mta-msmtp postgres,ACCEPT,0,0,0,1,0,0,0,0,0,0,0,0
htop-mta-msmtp-pytools,3,htop mta-msmtp pytools,ACCEPT,0,0,0,0,0,0,0,0,0,0,0,0
htop-mta-msmtp-pyyaml,3,htop mta-msmtp pyyaml,ACCEPT,0,0,0,0,0,0,0,0,0,0,0,0
htop-mta-msmtp-redis,3,htop mta-msmtp redis,ACCEPT,0,0,0,0,0,0,0,0,0,0,0,0
htop-mta-msmtp-rsync,3,htop mta-msmtp rsync,ACCEPT,0,0,0,0,0,0,0,0,0,0,0,0
htop-mta-msmtp-rust,3,htop mta-msmtp rust,ACCEPT,0,0,0,0,0,0,0,0,0,0,0,0
htop-mta-msmtp-socat,3,htop mta-msmtp socat,ACCEPT,0,0,0,0,0,0,0,0,0,0,0,0
htop-mta-msmtp-sqlite,3,htop mta-msmtp sqlite,ACCEPT,0,0,0,0,0,0,0,0,0,0,0,0
htop-mta-msmtp-tcpdump,3,htop mta-msmtp tcpdump,ACCEPT,0,0,0,0,0,0,0,0,0,0,0,0
htop-mta-msmtp-tmux,3,htop mta-msmtp tmux,ACCEPT,0,0,0,0,0,0,0,0,0,0,0,0
htop-mta-msmtp-vim,3,htop mta-msmtp vim,ACCEPT,0,0,0,0,0,0,0,0,0,0,0,0
htop-mta-msmtp-webserver,3,htop mta-msmtp webserver,ACCEPT,0,0,0,1,0,0,0,0,0,0,0,0
htop-mta-msmtp-wget,3,htop mta-msmtp wget,ACCEPT,0,0,0,0,0,0,0,0,0,0,0,0
htop-mta-msmtp-zstd,3,htop mta-msmtp zstd,ACCEPT,0,0,0,0,0,0,0,0,0,0,0,0
htop-mta-nullmailer,2,htop mta-nullmailer,ACCEPT,0,0,0,0,0,0,0,0,0,0,0,0
htop-mta-nullmailer-mysql,3,htop mta-nullmailer mysql,ACCEPT,0,0,0,0,0,0,0,0,0,0,0,0
htop-mta-nullmailer-nc-openbsd,3,htop mta-nullmailer nc-openbsd,ACCEPT,0,0,0,0,0,0,0,0,0,0,0,0
htop-mta-nullmailer-nc-traditional,3,htop mta-nullmailer nc-traditional,ACCEPT,0,0,0,0,0,0,0,0,0,0,0,0
htop-mta-nullmailer-nvidia-driver-535,3,htop mta-nullmailer nvidia-driver-535,ACCEPT,0,0,0,0,0,0,0,0,0,0,0,0
htop-mta-nullmailer-original-awk,3,htop mta-nullmailer original-awk,ACCEPT,0,0,0,0,0,0,0,0,0,0,0,0
htop-mta-nullmailer-pgclient,3,htop mta-nullmailer pgclient,ACCEPT,0,0,0,0,0,0,0,0,0,0,0,0
htop-mta-nullmailer-pipdemo,3,htop mta-nullmailer pipdemo,ACCEPT,0,0,0,0,0,0,0,0,0,0,0,0
htop-mta-nullmailer-postgres,3,htop mta-nullmailer postgres,ACCEPT,0,0,0,0,0,0,0,0,0,0,0,0
htop-mta-nullmailer-pytools,3,htop mta-nullmailer pytools,ACCEPT,0,0,0,0,0,0,0,0,0,0,0,0
htop-mta-nullmailer-pyyaml,3,htop mta-nullmailer pyyaml,ACCEPT,0,0,0,0,0,0,0,0,0,0,0,0
htop-mta-nullmailer-redis,3,htop mta-nullmailer redis,ACCEPT,0,0,0,0,0,0,0,0,0,0,0,0
htop-mta-nullmailer-rsync,3,htop mta-nullmailer rsync,ACCEPT,0,0,0,0,0,0,0,0,0,0,0,0
htop-mta-nullmailer-rust,3,htop mta-nullmailer rust,ACCEPT,0,0,0,0,0,0,0,0,0,0,0,0
htop-mta-nullmailer-socat,3,htop mta-nullmailer socat,ACCEPT,0,0,0,0,0,0,0,0,0,0,0,0
htop-mta-nullmailer-sqlite,3,htop mta-nullmailer sqlite,ACCEPT,0,0,0,0,0,0,0,0,0,0,0,0
htop-mta-nullmailer-tcpdump,3,htop mta-nullmailer tcpdump,ACCEPT,0,0,0,0,0,0,0,0,0,0,0,0
htop-mta-nullmailer-tmux,3,htop mta-nullmailer tmux,ACCEPT,0,0,0,0,0,0,0,0,0,0,0,0
htop-mta-nullmailer-vim,3,htop mta-nullmailer vim,ACCEPT,0,0,0,0,0,0,0,0,0,0,0,0
htop-mta-nullmailer-webserver,3,htop mta-nullmailer webserver,ACCEPT,0,0,0,0,0,0,0,0,0,0,0,0
htop-mta-nullmailer-wget,3,htop mta-nullmailer wget,ACCEPT,0,0,0,0,0,0,0,0,0,0,0,0
htop-mta-nullmailer-zstd,3,htop mta-nullmailer zstd,ACCEPT,0,0,0,0,0,0,0,0,0,0,0,0
htop-mysql,2,htop mysql,ACCEPT,0,0,0,0,0,0,0,0,0,0,0,0
htop-mysql-nc-openbsd,3,htop mysql nc-openbsd,ACCEPT,0,0,0,2,0,0,0,0,0,0,0,0
htop-mysql-nc-traditional,3,htop mysql nc-traditional,ACCEPT,0,0,0,0,0,0,0,0,0,0,0,0
htop-mysql-nvidia-driver-535,3,htop mysql nvidia-driver-535,ACCEPT,0,0,0,0,0,0,0,0,0,0,0,0
htop-mysql-original-awk,3,htop mysql original-awk,ACCEPT,0,0,0,0,0,0,0,0,0,0,0,0
htop-mysql-pgclient,3,htop mysql pgclient,ACCEPT,0,0,0,7,0,0,0,0,0,0,0,0
htop-mysql-pipdemo,3,htop mysql pipdemo,ACCEPT,0,0,0,2,0,0,0,0,0,0,0,0
htop-mysql-postgres,3,htop mysql postgres,ACCEPT,0,0,0,10,0,0,0,0,0,0,0,0
htop-mysql-pytools,3,htop mysql pytools,ACCEPT,0,0,0,2,0,0,0,0,0,0,0,0
htop-mysql-pyyaml,3,htop mysql pyyaml,ACCEPT,0,0,0,2,0,0,0,0,0,0,0,0
htop-mysql-redis,3,htop mysql redis,ACCEPT,0,0,0,0,0,0,0,0,0,0,0,0
htop-mysql-rsync,3,htop mysql rsync,ACCEPT,0,0,0,2,0,0,0,0,0,0,0,0
htop-mysql-rust,3,htop mysql rust,ACCEPT,0,0,0,1,0,0,0,0,0,0,0,0
htop-mysql-socat,3,htop mysql socat,ACCEPT,0,0,0,2,0,0,0,0,0,0,0,0
htop-mysql-sqlite,3,htop mysql sqlite,ACCEPT,0,0,0,2,0,0,0,0,0,0,0,0
htop-mysql-tcpdump,3,htop mysql tcpdump,ACCEPT,0,0,0,0,0,0,0,0,0,0,0,0
htop-mysql-tmux,3,htop mysql tmux,ACCEPT,0,0,0,0,0,0,0,0,0,0,0,0
htop-mysql-vim,3,htop mysql vim,ACCEPT,0,0,0,2,0,0,0,0,0,0,0,0
htop-mysql-webserver,3,htop mysql webserver,ACCEPT,0,0,0,8,0,0,0,0,0,0,0,0
htop-mysql-wget,3,htop mysql wget,ACCEPT,0,0,0,0,0,0,0,0,0,0,0,0
htop-mysql-zstd,3,htop mysql zstd,ACCEPT,0,0,0,0,0,0,0,0,0,0,0,0
htop-nc-openbsd,2,htop nc-openbsd,ACCEPT,0,0,0,0,0,0,0,0,0,0,0,0
htop-nc-openbsd-nc-traditional,3,htop nc-openbsd nc-traditional,ACCEPT,0,0,0,0,0,0,0,0,0,0,0,0
htop-nc-openbsd-nvidia-driver-535,3,htop nc-openbsd nvidia-driver-535,ACCEPT,0,0,0,0,0,0,0,0,0,0,0,0
htop-nc-openbsd-original-awk,3,htop nc-openbsd original-awk,ACCEPT,0,0,0,0,0,0,0,0,0,0,0,0
htop-nc-openbsd-pgclient,3,htop nc-openbsd pgclient,ACCEPT,0,0,0,0,0,0,0,0,0,0,0,0
htop-nc-openbsd-pipdemo,3,htop nc-openbsd pipdemo,ACCEPT,0,0,0,0,0,0,0,0,0,0,0,0
htop-nc-openbsd-postgres,3,htop nc-openbsd postgres,ACCEPT,0,0,0,2,0,0,0,0,0,0,0,0
htop-nc-openbsd-pytools,3,htop nc-openbsd pytools,ACCEPT,0,0,0,0,0,0,0,0,0,0,0,0
htop-nc-openbsd-pyyaml,3,htop nc-openbsd pyyaml,ACCEPT,0,0,0,0,0,0,0,0,0,0,0,0
htop-nc-openbsd-redis,3,htop nc-openbsd redis,ACCEPT,0,0,0,0,0,0,0,0,0,0,0,0
htop-nc-openbsd-rsync,3,htop nc-openbsd rsync,ACCEPT,0,0,0,0,0,0,0,0,0,0,0,0
htop-nc-openbsd-rust,3,htop nc-openbsd rust,ACCEPT,0,0,0,0,0,0,0,0,0,0,0,0
htop-nc-openbsd-socat,3,htop nc-openbsd socat,ACCEPT,0,0,0,0,0,0,0,0,0,0,0,0
htop-nc-openbsd-sqlite,3,htop nc-openbsd sqlite,ACCEPT,0,0,0,0,0,0,0,0,0,0,0,0
htop-nc-openbsd-tcpdump,3,htop nc-openbsd tcpdump,ACCEPT,0,0,0,0,0,0,0,0,0,0,0,0
htop-nc-openbsd-tmux,3,htop nc-openbsd tmux,ACCEPT,0,0,0,0,0,0,0,0,0,0,0,0
htop-nc-openbsd-vim,3,htop nc-openbsd vim,ACCEPT,0,0,0,0,0,0,0,0,0,0,0,0
htop-nc-openbsd-webserver,3,htop nc-openbsd webserver,ACCEPT,0,0,0,2,0,0,0,0,0,0,0,0
htop-nc-openbsd-wget,3,htop nc-openbsd wget,ACCEPT,0,0,0,0,0,0,0,0,0,0,0,0
htop-nc-openbsd-zstd,3,htop nc-openbsd zstd,ACCEPT,0,0,0,0,0,0,0,0,0,0,0,0
htop-nc-traditional,2,htop nc-traditional,ACCEPT,0,0,0,0,0,0,0,0,0,0,0,0
htop-nc-traditional-nvidia-driver-535,3,htop nc-traditional nvidia-driver-535,ACCEPT,0,0,0,0,0,0,0,0,0,0,0,0
htop-nc-traditional-original-awk,3,htop nc-traditional original-awk,ACCEPT,0,0,0,0,0,0,0,0,0,0,0,0
htop-nc-traditional-pgclient,3,htop nc-traditional pgclient,ACCEPT,0,0,0,0,0,0,0,0,0,0,0,0
htop-nc-traditional-pipdemo,3,htop nc-traditional pipdemo,ACCEPT,0,0,0,0,0,0,0,0,0,0,0,0
htop-nc-traditional-postgres,3,htop nc-traditional postgres,ACCEPT,0,0,0,0,0,0,0,0,0,0,0,0
htop-nc-traditional-pytools,3,htop nc-traditional pytools,ACCEPT,0,0,0,0,0,0,0,0,0,0,0,0
htop-nc-traditional-pyyaml,3,htop nc-traditional pyyaml,ACCEPT,0,0,0,0,0,0,0,0,0,0,0,0
htop-nc-traditional-redis,3,htop nc-traditional redis,ACCEPT,0,0,0,0,0,0,0,0,0,0,0,0
htop-nc-traditional-rsync,3,htop nc-traditional rsync,ACCEPT,0,0,0,0,0,0,0,0,0,0,0,0
htop-nc-traditional-rust,3,htop nc-traditional rust,ACCEPT,0,0,0,0,0,0,0,0,0,0,0,0
htop-nc-traditional-socat,3,htop nc-traditional socat,ACCEPT,0,0,0,0,0,0,0,0,0,0,0,0
htop-nc-traditional-sqlite,3,htop nc-traditional sqlite,ACCEPT,0,0,0,0,0,0,0,0,0,0,0,0
htop-nc-traditional-tcpdump,3,htop nc-traditional tcpdump,ACCEPT,0,0,0,0,0,0,0,0,0,0,0,0
htop-nc-traditional-tmux,3,htop nc-traditional tmux,ACCEPT,0,0,0,0,0,0,0,0,0,0,0,0
htop-nc-traditional-vim,3,htop nc-traditional vim,ACCEPT,0,0,0,0,0,0,0,0,0,0,0,0
htop-nc-traditional-webserver,3,htop nc-traditional webserver,ACCEPT,0,0,0,0,0,0,0,0,0,0,0,0
htop-nc-traditional-wget,3,htop nc-traditional wget,ACCEPT,0,0,0,0,0,0,0,0,0,0,0,0
htop-nc-traditional-zstd,3,htop nc-traditional zstd,ACCEPT,0,0,0,0,0,0,0,0,0,0,0,0
htop-nvidia-driver-535,2,htop nvidia-driver-535,ACCEPT,0,0,0,0,0,0,0,0,0,0,0,0
htop-nvidia-driver-535-original-awk,3,htop nvidia-driver-535 original-awk,ACCEPT,0,0,0,0,0,0,0,0,0,0,0,0
htop-nvidia-driver-535-pgclient,3,htop nvidia-driver-535 pgclient,ACCEPT,0,0,0,0,0,0,0,0,0,0,0,0
htop-nvidia-driver-535-pipdemo,3,htop nvidia-driver-535 pipdemo,ACCEPT,0,0,0,0,0,0,0,0,0,0,0,0
htop-nvidia-driver-535-postgres,3,htop nvidia-driver-535 postgres,ACCEPT,0,0,0,0,0,0,0,0,0,0,0,0
htop-nvidia-driver-535-pytools,3,htop nvidia-driver-535 pytools,ACCEPT,0,0,0,0,0,0,0,0,0,0,0,0
htop-nvidia-driver-535-pyyaml,3,htop nvidia-driver-535 pyyaml,ACCEPT,0,0,0,0,0,0,0,0,0,0,0,0
htop-nvidia-driver-535-redis,3,htop nvidia-driver-535 redis,ACCEPT,0,0,0,0,0,0,0,0,0,0,0,0
htop-nvidia-driver-535-rsync,3,htop nvidia-driver-535 rsync,ACCEPT,0,0,0,0,0,0,0,0,0,0,0,0
htop-nvidia-driver-535-rust,3,htop nvidia-driver-535 rust,ACCEPT,0,0,0,6,0,0,0,0,0,0,0,0
htop-nvidia-driver-535-socat,3,htop nvidia-driver-535 socat,ACCEPT,0,0,0,0,0,0,0,0,0,0,0,0
htop-nvidia-driver-535-sqlite,3,htop nvidia-driver-535 sqlite,ACCEPT,0,0,0,0,0,0,0,0,0,0,0,0
htop-nvidia-driver-535-tcpdump,3,htop nvidia-driver-535 tcpdump,ACCEPT,0,0,0,0,0,0,0,0,0,0,0,0
htop-nvidia-driver-535-tmux,3,htop nvidia-driver-535 tmux,ACCEPT,0,0,0,0,0,0,0,0,0,0,0,0
htop-nvidia-driver-535-vim,3,htop nvidia-driver-535 vim,ACCEPT,0,0,0,0,0,0,0,0,0,0,0,0
htop-nvidia-driver-535-webserver,3,htop nvidia-driver-535 webserver,ACCEPT,0,0,0,0,0,0,0,0,0,0,0,0
htop-nvidia-driver-535-wget,3,htop nvidia-driver-535 wget,ACCEPT,0,0,0,0,0,0,0,0,0,0,0,0
htop-nvidia-driver-535-zstd,3,htop nvidia-driver-535 zstd,ACCEPT,0,0,0,0,0,0,0,0,0,0,0,0
htop-original-awk,2,htop original-awk,ACCEPT,0,0,0,0,0,0,0,0,0,0,0,0
htop-original-awk-pgclient,3,htop original-awk pgclient,ACCEPT,0,0,0,0,0,0,0,0,0,0,0,0
htop-original-awk-pipdemo,3,htop original-awk pipdemo,ACCEPT,0,0,0,0,0,0,0,0,0,0,0,0
htop-original-awk-postgres,3,htop original-awk postgres,ACCEPT,0,0,0,0,0,0,0,0,0,0,0,0
htop-original-awk-pytools,3,htop original-awk pytools,ACCEPT,0,0,0,0,0,0,0,0,0,0,0,0
htop-original-awk-pyyaml,3,htop original-awk pyyaml,ACCEPT,0,0,0,0,0,0,0,0,0,0,0,0
htop-original-awk-redis,3,htop original-awk redis,ACCEPT,0,0,0,0,0,0,0,0,0,0,0,0
htop-original-awk-rsync,3,htop original-awk rsync,ACCEPT,0,0,0,0,0,0,0,0,0,0,0,0
htop-original-awk-rust,3,htop original-awk rust,ACCEPT,0,0,0,0,0,0,0,0,0,0,0,0
htop-original-awk-socat,3,htop original-awk socat,ACCEPT,0,0,0,0,0,0,0,0,0,0,0,0
htop-original-awk-sqlite,3,htop original-awk sqlite,ACCEPT,0,0,0,0,0,0,0,0,0,0,0,0
htop-original-awk-tcpdump,3,htop original-awk tcpdump,ACCEPT,0,0,0,0,0,0,0,0,0,0,0,0
htop-original-awk-tmux,3,htop original-awk tmux,ACCEPT,0,0,0,0,0,0,0,0,0,0,0,0
htop-original-awk-vim,3,htop original-awk vim,ACCEPT,0,0,0,0,0,0,0,0,0,0,0,0
htop-original-awk-webserver,3,htop original-awk webserver,ACCEPT,0,0,0,0,0,0,0,0,0,0,0,0
htop-original-awk-wget,3,htop original-awk wget,ACCEPT,0,0,0,0,0,0,0,0,0,0,0,0
htop-original-awk-zstd,3,htop original-awk zstd,ACCEPT,0,0,0,0,0,0,0,0,0,0,0,0
htop-pgclient,2,htop pgclient,ACCEPT,0,0,0,0,0,0,0,0,0,0,0,0
htop-pgclient-pipdemo,3,htop pgclient pipdemo,ACCEPT,0,0,0,2,0,0,0,0,0,0,0,0
htop-pgclient-postgres,3,htop pgclient postgres,ACCEPT,0,0,0,14,0,0,0,0,0,0,0,0
htop-pgclient-pytools,3,htop pgclient pytools,ACCEPT,0,0,0,2,0,0,0,0,0,0,0,0
htop-pgclient-pyyaml,3,htop pgclient pyyaml,ACCEPT,0,0,0,2,0,0,0,0,0,0,0,0
htop-pgclient-redis,3,htop pgclient redis,ACCEPT,0,0,0,0,0,0,0,0,0,0,0,0
htop-pgclient-rsync,3,htop pgclient rsync,ACCEPT,0,0,0,0,0,0,0,0,0,0,0,0
htop-pgclient-rust,3,htop pgclient rust,ACCEPT,0,0,0,3,0,0,0,0,0,0,0,0
htop-pgclient-socat,3,htop pgclient socat,ACCEPT,0,0,0,0,0,0,0,0,0,0,0,0
htop-pgclient-sqlite,3,htop pgclient sqlite,ACCEPT,0,0,0,2,0,0,0,0,0,0,0,0
htop-pgclient-tcpdump,3,htop pgclient tcpdump,ACCEPT,0,0,0,0,0,0,0,0,0,0,0,0
htop-pgclient-tmux,3,htop pgclient tmux,ACCEPT,0,0,0,0,0,0,0,0,0,0,0,0
htop-pgclient-vim,3,htop pgclient vim,ACCEPT,0,0,0,2,0,0,0,0,0,0,0,0
htop-pgclient-webserver,3,htop pgclient webserver,ACCEPT,0,0,0,0,0,0,0,0,0,0,0,0
htop-pgclient-wget,3,htop pgclient wget,ACCEPT,0,0,0,0,0,0,0,0,0,0,0,0
htop-pgclient-zstd,3,htop pgclient zstd,ACCEPT,0,0,0,0,0,0,0,0,0,0,0,0
htop-pipdemo,2,htop pipdemo,ACCEPT,0,0,0,0,0,0,0,0,0,0,0,0
htop-pipdemo-postgres,3,htop pipdemo postgres,ACCEPT,0,0,0,2,0,0,0,0,0,0,0,0
htop-pipdemo-pytools,3,htop pipdemo pytools,ACCEPT,0,0,0,19,0,0,0,0,0,0,0,0
htop-pipdemo-pyyaml,3,htop pipdemo pyyaml,ACCEPT,0,0,0,13,0,0,0,0,0,0,0,0
htop-pipdemo-redis,3,htop pipdemo redis,ACCEPT,0,0,0,0,0,0,0,0,0,0,0,0
htop-pipdemo-rsync,3,htop pipdemo rsync,ACCEPT,0,0,0,0,0,0,0,0,0,0,0,0
htop-pipdemo-rust,3,htop pipdemo rust,ACCEPT,0,0,0,0,0,0,0,0,0,0,0,0
htop-pipdemo-socat,3,htop pipdemo socat,ACCEPT,0,0,0,0,0,0,0,0,0,0,0,0
htop-pipdemo-sqlite,3,htop pipdemo sqlite,ACCEPT,0,0,0,3,0,0,0,0,0,0,0,0
htop-pipdemo-tcpdump,3,htop pipdemo tcpdump,ACCEPT,0,0,0,0,0,0,0,0,0,0,0,0
htop-pipdemo-tmux,3,htop pipdemo tmux,ACCEPT,0,0,0,0,0,0,0,0,0,0,0,0
htop-pipdemo-vim,3,htop pipdemo vim,ACCEPT,0,0,0,8,0,0,0,0,0,0,0,0
htop-pipdemo-webserver,3,htop pipdemo webserver,ACCEPT,0,0,0,1,0,0,0,0,0,0,0,0
htop-pipdemo-wget,3,htop pipdemo wget,ACCEPT,0,0,0,0,0,0,0,0,0,0,0,0
htop-pipdemo-zstd,3,htop pipdemo zstd,ACCEPT,0,0,0,0,0,0,0,0,0,0,0,0
htop-postgres,2,htop postgres,ACCEPT,0,0,0,0,0,0,0,0,0,0,0,0
htop-postgres-pytools,3,htop postgres pytools,ACCEPT,0,0,0,2,0,0,0,0,0,0,0,0
htop-postgres-pyyaml,3,htop postgres pyyaml,ACCEPT,0,0,0,2,0,0,0,0,0,0,0,0
htop-postgres-redis,3,htop postgres redis,ACCEPT,0,0,0,0,0,0,0,0,0,0,0,0
htop-postgres-rsync,3,htop postgres rsync,ACCEPT,0,0,0,0,0,0,0,0,0,0,0,0
htop-postgres-rust,3,htop postgres rust,ACCEPT,0,0,0,3,0,0,0,0,0,0,0,0
htop-postgres-socat,3,htop postgres socat,ACCEPT,0,0,0,0,0,0,0,0,0,0,0,0
htop-postgres-sqlite,3,htop postgres sqlite,ACCEPT,0,0,0,2,0,0,0,0,0,0,0,0
htop-postgres-tcpdump,3,htop postgres tcpdump,ACCEPT,0,0,0,0,0,0,0,0,0,0,0,0
htop-postgres-tmux,3,htop postgres tmux,ACCEPT,0,0,0,0,0,0,0,0,0,0,0,0
htop-postgres-vim,3,htop postgres vim,ACCEPT,0,0,0,2,0,0,0,0,0,0,0,0
htop-postgres-webserver,3,htop postgres webserver,ACCEPT,0,0,0,6,0,0,0,0,0,0,0,0
htop-postgres-wget,3,htop postgres wget,ACCEPT,0,0,0,0,0,0,0,0,0,0,0,0
htop-postgres-zstd,3,htop postgres zstd,ACCEPT,0,0,0,0,0,0,0,0,0,0,0,0
htop-pytools,2,htop pytools,ACCEPT,0,0,0,0,0,0,0,0,0,0,0,0
htop-pytools-pyyaml,3,htop pytools pyyaml,ACCEPT,0,0,0,13,0,0,0,0,0,0,0,0
htop-pytools-redis,3,htop pytools redis,ACCEPT,0,0,0,0,0,0,0,0,0,0,0,0
htop-pytools-rsync,3,htop pytools rsync,ACCEPT,0,0,0,0,0,0,0,0,0,0,0,0
htop-pytools-rust,3,htop pytools rust,ACCEPT,0,0,0,1,0,0,0,0,0,0,0,0
htop-pytools-socat,3,htop pytools socat,ACCEPT,0,0,0,0,0,0,0,0,0,0,0,0
htop-pytools-sqlite,3,htop pytools sqlite,ACCEPT,0,0,0,3,0,0,0,0,0,0,0,0
htop-pytools-tcpdump,3,htop pytools tcpdump,ACCEPT,0,0,0,0,0,0,0,0,0,0,0,0
htop-pytools-tmux,3,htop pytools tmux,ACCEPT,0,0,0,0,0,0,0,0,0,0,0,0
htop-pytools-vim,3,htop pytools vim,ACCEPT,0,0,0,8,0,0,0,0,0,0,0,0
htop-pytools-webserver,3,htop pytools webserver,ACCEPT,0,0,0,1,0,0,0,0,0,0,0,0
htop-pytools-wget,3,htop pytools wget,ACCEPT,0,0,0,0,0,0,0,0,0,0,0,0
htop-pytools-zstd,3,htop pytools zstd,ACCEPT,0,0,0,0,0,0,0,0,0,0,0,0
htop-pyyaml,2,htop pyyaml,ACCEPT,0,0,0,0,0,0,0,0,0,0,0,0
htop-pyyaml-redis,3,htop pyyaml redis,ACCEPT,0,0,0,0,0,0,0,0,0,0,0,0
htop-pyyaml-rsync,3,htop pyyaml rsync,ACCEPT,0,0,0,0,0,0,0,0,0,0,0,0
htop-pyyaml-rust,3,htop pyyaml rust,ACCEPT,0,0,0,0,0,0,0,0,0,0,0,0
htop-pyyaml-socat,3,htop pyyaml socat,ACCEPT,0,0,0,0,0,0,0,0,0,0,0,0
htop-pyyaml-sqlite,3,htop pyyaml sqlite,ACCEPT,0,0,0,3,0,0,0,0,0,0,0,0
htop-pyyaml-tcpdump,3,htop pyyaml tcpdump,ACCEPT,0,0,0,0,0,0,0,0,0,0,0,0
htop-pyyaml-tmux,3,htop pyyaml tmux,ACCEPT,0,0,0,0,0,0,0,0,0,0,0,0
htop-pyyaml-vim,3,htop pyyaml vim,ACCEPT,0,0,0,8,0,0,0,0,0,0,0,0
htop-pyyaml-webserver,3,htop pyyaml webserver,ACCEPT,0,0,0,1,0,0,0,0,0,0,0,0
htop-pyyaml-wget,3,htop pyyaml wget,ACCEPT,0,0,0,0,0,0,0,0,0,0,0,0
htop-pyyaml-zstd,3,htop pyyaml zstd,ACCEPT,0,0,0,0,0,0,0,0,0,0,0,0
htop-redis,2,htop redis,ACCEPT,0,0,0,0,0,0,0,0,0,0,0,0
htop-redis-rsync,3,htop redis rsync,ACCEPT,0,0,0,0,0,0,0,0,0,0,0,0
htop-redis-rust,3,htop redis rust,ACCEPT,0,0,0,1,0,0,0,0,0,0,0,0
htop-redis-socat,3,htop redis socat,ACCEPT,0,0,0,0,0,0,0,0,0,0,0,0
htop-redis-sqlite,3,htop redis sqlite,ACCEPT,0,0,0,0,0,0,0,0,0,0,0,0
htop-redis-tcpdump,3,htop redis tcpdump,ACCEPT,0,0,0,0,0,0,0,0,0,0,0,0
htop-redis-tmux,3,htop redis tmux,ACCEPT,0,0,0,0,0,0,0,0,0,0,0,0
htop-redis-vim,3,htop redis vim,ACCEPT,0,0,0,0,0,0,0,0,0,0,0,0
htop-redis-webserver,3,htop redis webserver,ACCEPT,0,0,0,0,0,0,0,0,0,0,0,0
htop-redis-wget,3,htop redis wget,ACCEPT,0,0,0,0,0,0,0,0,0,0,0,0
htop-redis-zstd,3,htop redis zstd,ACCEPT,0,0,0,0,0,0,0,0,0,0,0,0
htop-rsync,2,htop rsync,ACCEPT,0,0,0,0,0,0,0,0,0,0,0,0
htop-rsync-rust,3,htop rsync rust,ACCEPT,0,0,0,0,0,0,0,0,0,0,0,0
htop-rsync-socat,3,htop rsync socat,ACCEPT,0,0,0,0,0,0,0,0,0,0,0,0
htop-rsync-sqlite,3,htop rsync sqlite,ACCEPT,0,0,0,0,0,0,0,0,0,0,0,0
htop-rsync-tcpdump,3,htop rsync tcpdump,ACCEPT,0,0,0,0,0,0,0,0,0,0,0,0
htop-rsync-tmux,3,htop rsync tmux,ACCEPT,0,0,0,0,0,0,0,0,0,0,0,0
htop-rsync-vim,3,htop rsync vim,ACCEPT,0,0,0,0,0,0,0,0,0,0,0,0
htop-rsync-webserver,3,htop rsync webserver,ACCEPT,0,0,0,0,0,0,0,0,0,0,0,0
htop-rsync-wget,3,htop rsync wget,ACCEPT,0,0,0,0,0,0,0,0,0,0,0,0
htop-rsync-zstd,3,htop rsync zstd,ACCEPT,0,0,0,0,0,0,0,0,0,0,0,0
htop-rust,2,htop rust,ACCEPT,0,0,0,0,0,0,0,0,0,0,0,0
htop-rust-socat,3,htop rust socat,ACCEPT,0,0,0,0,0,0,0,0,0,0,0,0
htop-rust-sqlite,3,htop rust sqlite,ACCEPT,0,0,0,0,0,0,0,0,0,0,0,0
htop-rust-tcpdump,3,htop rust tcpdump,ACCEPT,0,0,0,0,0,0,0,0,0,0,0,0
htop-rust-tmux,3,htop rust tmux,ACCEPT,0,0,0,0,0,0,0,0,0,0,0,0
htop-rust-vim,3,htop rust vim,ACCEPT,0,0,0,0,0,0,0,0,0,0,0,0
htop-rust-webserver,3,htop rust webserver,ACCEPT,0,0,0,1,0,0,0,0,0,0,0,0
htop-rust-wget,3,htop rust wget,ACCEPT,0,0,0,1,0,0,0,0,0,0,0,0
htop-rust-zstd,3,htop rust zstd,ACCEPT,0,0,0,0,0,0,0,0,0,0,0,0
htop-socat,2,htop socat,ACCEPT,0,0,0,0,0,0,0,0,0,0,0,0
htop-socat-sqlite,3,htop socat sqlite,ACCEPT,0,0,0,0,0,0,0,0,0,0,0,0
htop-socat-tcpdump,3,htop socat tcpdump,ACCEPT,0,0,0,0,0,0,0,0,0,0,0,0
htop-socat-tmux,3,htop socat tmux,ACCEPT,0,0,0,0,0,0,0,0,0,0,0,0
htop-socat-vim,3,htop socat vim,ACCEPT,0,0,0,0,0,0,0,0,0,0,0,0
htop-socat-webserver,3,htop socat webserver,ACCEPT,0,0,0,0,0,0,0,0,0,0,0,0
htop-socat-wget,3,htop socat wget,ACCEPT,0,0,0,0,0,0,0,0,0,0,0,0
htop-socat-zstd,3,htop socat zstd,ACCEPT,0,0,0,0,0,0,0,0,0,0,0,0
htop-sqlite,2,htop sqlite,ACCEPT,0,0,0,0,0,0,0,0,0,0,0,0
htop-sqlite-tcpdump,3,htop sqlite tcpdump,ACCEPT,0,0,0,0,0,0,0,0,0,0,0,0
htop-sqlite-tmux,3,htop sqlite tmux,ACCEPT,0,0,0,0,0,0,0,0,0,0,0,0
htop-sqlite-vim,3,htop sqlite vim,ACCEPT,0,0,0,3,0,0,0,0,0,0,0,0
htop-sqlite-webserver,3,htop sqlite webserver,ACCEPT,0,0,0,0,0,0,0,0,0,0,0,0
htop-sqlite-wget,3,htop sqlite wget,ACCEPT,0,0,0,0,0,0,0,0,0,0,0,0
htop-sqlite-zstd,3,htop sqlite zstd,ACCEPT,0,0,0,0,0,0,0,0,0,0,0,0
htop-tcpdump,2,htop tcpdump,ACCEPT,0,0,0,0,0,0,0,0,0,0,0,0
htop-tcpdump-tmux,3,htop tcpdump tmux,ACCEPT,0,0,0,0,0,0,0,0,0,0,0,0
htop-tcpdump-vim,3,htop tcpdump vim,ACCEPT,0,0,0,0,0,0,0,0,0,0,0,0
htop-tcpdump-webserver,3,htop tcpdump webserver,ACCEPT,0,0,0,0,0,0,0,0,0,0,0,0
htop-tcpdump-wget,3,htop tcpdump wget,ACCEPT,0,0,0,0,0,0,0,0,0,0,0,0
htop-tcpdump-zstd,3,htop tcpdump zstd,ACCEPT,0,0,0,0,0,0,0,0,0,0,0,0
htop-tmux,2,htop tmux,ACCEPT,0,0,0,0,0,0,0,0,0,0,0,0
htop-tmux-vim,3,htop tmux vim,ACCEPT,0,0,0,0,0,0,0,0,0,0,0,0
htop-tmux-webserver,3,htop tmux webserver,ACCEPT,0,0,0,0,0,0,0,0,0,0,0,0
htop-tmux-wget,3,htop tmux wget,ACCEPT,0,0,0,0,0,0,0,0,0,0,0,0
htop-tmux-zstd,3,htop tmux zstd,ACCEPT,0,0,0,0,0,0,0,0,0,0,0,0
htop-vim,2,htop vim,ACCEPT,0,0,0,0,0,0,0,0,0,0,0,0
htop-vim-webserver,3,htop vim webserver,ACCEPT,0,0,0,1,0,0,0,0,0,0,0,0
htop-vim-wget,3,htop vim wget,ACCEPT,0,0,0,0,0,0,0,0,0,0,0,0
htop-vim-zstd,3,htop vim zstd,ACCEPT,0,0,0,0,0,0,0,0,0,0,0,0
htop-webserver,2,htop webserver,ACCEPT,0,0,0,0,0,0,0,0,0,0,0,0
htop-webserver-wget,3,htop webserver wget,ACCEPT,0,0,0,0,0,0,0,0,0,0,0,0
htop-webserver-zstd,3,htop webserver zstd,ACCEPT,0,0,0,0,0,0,0,0,0,0,0,0
htop-wget,2,htop wget,ACCEPT,0,0,0,0,0,0,0,0,0,0,0,0
htop-wget-zstd,3,htop wget zstd,ACCEPT,0,0,0,0,0,0,0,0,0,0,0,0
htop-zstd,2,htop zstd,ACCEPT,0,0,0,0,0,0,0,0,0,0,0,0
java-jq,2,java jq,ACCEPT,0,0,0,0,0,0,0,0,0,0,0,0
java-jq-llvm,3,java jq llvm,ACCEPT,0,0,0,0,0,0,0,0,0,0,0,0
java-jq-memcached,3,java jq memcached,ACCEPT,0,0,0,5,0,0,0,0,0,0,0,0
java-jq-mta-msmtp,3,java jq mta-msmtp,ACCEPT,0,0,0,2,0,0,0,0,0,0,0,0
java-jq-mta-nullmailer,3,java jq mta-nullmailer,ACCEPT,0,0,0,0,0,0,0,0,0,0,0,0
java-jq-mysql,3,java jq mysql,ACCEPT,0,0,0,5,0,0,0,0,0,0,0,0
java-jq-nc-openbsd,3,java jq nc-openbsd,ACCEPT,0,0,0,0,0,0,0,0,0,0,0,0
java-jq-nc-traditional,3,java jq nc-traditional,ACCEPT,0,0,0,0,0,0,0,0,0,0,0,0
java-jq-nvidia-driver-535,3,java jq nvidia-driver-535,ACCEPT,0,0,0,0,0,0,0,0,0,0,0,0
java-jq-original-awk,3,java jq original-awk,ACCEPT,0,0,0,0,0,0,0,0,0,0,0,0
java-jq-pgclient,3,java jq pgclient,ACCEPT,0,0,0,5,0,0,0,0,0,0,0,0
java-jq-pipdemo,3,java jq pipdemo,ACCEPT,0,0,0,2,0,0,0,0,0,0,0,0
java-jq-postgres,3,java jq postgres,ACCEPT,0,0,0,6,0,0,0,0,0,0,0,0
java-jq-pytools,3,java jq pytools,ACCEPT,0,0,0,2,0,0,0,0,0,0,0,0
java-jq-pyyaml,3,java jq pyyaml,ACCEPT,0,0,0,2,0,0,0,0,0,0,0,0
java-jq-redis,3,java jq redis,ACCEPT,0,0,0,0,0,0,0,0,0,0,0,0
java-jq-rsync,3,java jq rsync,ACCEPT,0,0,0,0,0,0,0,0,0,0,0,0
java-jq-rust,3,java jq rust,ACCEPT,0,0,0,1,0,0,0,0,0,0,0,0
java-jq-socat,3,java jq socat,ACCEPT,0,0,0,0,0,0,0,0,0,0,0,0
java-jq-sqlite,3,java jq sqlite,ACCEPT,0,0,0,1,0,0,0,0,0,0,0,0
java-jq-tcpdump,3,java jq tcpdump,ACCEPT,0,0,0,1,0,0,0,0,0,0,0,0
java-jq-tmux,3,java jq tmux,ACCEPT,0,0,0,0,0,0,0,0,0,0,0,0
java-jq-vim,3,java jq vim,ACCEPT,0,0,0,2,0,0,0,0,0,0,0,0
java-jq-webserver,3,java jq webserver,ACCEPT,0,0,0,10,0,0,0,0,0,0,0,0
java-jq-wget,3,java jq wget,ACCEPT,0,0,0,0,0,0,0,0,0,0,0,0
java-jq-zstd,3,java jq zstd,ACCEPT,0,0,0,0,0,0,0,0,0,0,0,0
java-llvm,2,java llvm,ACCEPT,0,0,0,0,0,0,0,0,0,0,0,0
java-llvm-memcached,3,java llvm memcached,ACCEPT,0,0,0,0,0,0,0,0,0,0,0,0
java-llvm-mta-msmtp,3,java llvm mta-msmtp,ACCEPT,0,0,0,2,0,0,0,0,0,0,0,0
java-llvm-mta-nullmailer,3,java llvm mta-nullmailer,ACCEPT,0,0,0,0,0,0,0,0,0,0,0,0
java-llvm-mysql,3,java llvm mysql,ACCEPT,0,0,0,3,0,0,0,0,0,0,0,0
java-llvm-nc-openbsd,3,java llvm nc-openbsd,ACCEPT,0,0,0,2,0,0,0,0,0,0,0,0
java-llvm-nc-traditional,3,java llvm nc-traditional,ACCEPT,0,0,0,0,0,0,0,0,0,0,0,0
java-llvm-nvidia-driver-535,3,java llvm nvidia-driver-535,ACCEPT,0,0,0,6,0,0,0,0,0,0,0,0
java-llvm-original-awk,3,java llvm original-awk,ACCEPT,0,0,0,0,0,0,0,0,0,0,0,0
java-llvm-pgclient,3,java llvm pgclient,ACCEPT,0,0,0,0,0,0,0,0,0,0,0,0
java-llvm-pipdemo,3,java llvm pipdemo,ACCEPT,0,0,0,2,0,0,0,0,0,0,0,0
java-llvm-postgres,3,java llvm postgres,ACCEPT,0,0,0,7,0,0,0,0,0,0,0,0
java-llvm-pytools,3,java llvm pytools,ACCEPT,0,0,0,3,0,0,0,0,0,0,0,0
java-llvm-pyyaml,3,java llvm pyyaml,ACCEPT,0,0,0,2,0,0,0,0,0,0,0,0
java-llvm-redis,3,java llvm redis,ACCEPT,0,0,0,1,0,0,0,0,0,0,0,0
java-llvm-rsync,3,java llvm rsync,ACCEPT,0,0,0,0,0,0,0,0,0,0,0,0
java-llvm-rust,3,java llvm rust,ACCEPT,0,0,0,24,0,0,0,0,0,0,0,0
java-llvm-socat,3,java llvm socat,ACCEPT,0,0,0,0,0,0,0,0,0,0,0,0
java-llvm-sqlite,3,java llvm sqlite,ACCEPT,0,0,0,1,0,0,0,0,0,0,0,0
java-llvm-tcpdump,3,java llvm tcpdump,ACCEPT,0,0,0,1,0,0,0,0,0,0,0,0
java-llvm-tmux,3,java llvm tmux,ACCEPT,0,0,0,0,0,0,0,0,0,0,0,0
java-llvm-vim,3,java llvm vim,ACCEPT,0,0,0,2,0,0,0,0,0,0,0,0
java-llvm-webserver,3,java llvm webserver,ACCEPT,0,0,0,14,0,0,0,0,0,0,0,0
java-llvm-wget,3,java llvm wget,ACCEPT,0,0,0,0,0,0,0,0,0,0,0,0
java-llvm-zstd,3,java llvm zstd,ACCEPT,0,0,0,0,0,0,0,0,0,0,0,0
java-memcached,2,java memcached,ACCEPT,0,0,0,0,0,0,0,0,0,0,0,0
java-memcached-mta-msmtp,3,java memcached mta-msmtp,ACCEPT,0,0,0,2,0,0,0,0,0,0,0,0
java-memcached-mta-nullmailer,3,java memcached mta-nullmailer,ACCEPT,0,0,0,0,0,0,0,0,0,0,0,0
java-memcached-mysql,3,java memcached mysql,ACCEPT,0,0,0,5,0,0,0,0,0,0,0,0
java-memcached-nc-openbsd,3,java memcached nc-openbsd,ACCEPT,0,0,0,0,0,0,0,0,0,0,0,0
java-memcached-nc-traditional,3,java memcached nc-traditional,ACCEPT,0,0,0,0,0,0,0,0,0,0,0,0
java-memcached-nvidia-driver-535,3,java memcached nvidia-driver-535,ACCEPT,0,0,0,0,0,0,0,0,0,0,0,0
java-memcached-original-awk,3,java memcached original-awk,ACCEPT,0,0,0,0,0,0,0,0,0,0,0,0
java-memcached-pgclient,3,java memcached pgclient,ACCEPT,0,0,0,7,0,0,0,0,0,0,0,0
java-memcached-pipdemo,3,java memcached pipdemo,ACCEPT,0,0,0,2,0,0,0,0,0,0,0,0
java-memcached-postgres,3,java memcached postgres,ACCEPT,0,0,0,8,0,0,0,0,0,0,0,0
java-memcached-pytools,3,java memcached pytools,ACCEPT,0,0,0,2,0,0,0,0,0,0,0,0
java-memcached-pyyaml,3,java memcached pyyaml,ACCEPT,0,0,0,2,0,0,0,0,0,0,0,0
java-memcached-redis,3,java memcached redis,ACCEPT,0,0,0,0,0,0,0,0,0,0,0,0
java-memcached-rsync,3,java memcached rsync,ACCEPT,0,0,0,0,0,0,0,0,0,0,0,0
java-memcached-rust,3,java memcached rust,ACCEPT,0,0,0,3,0,0,0,0,0,0,0,0
java-memcached-socat,3,java memcached socat,ACCEPT,0,0,0,0,0,0,0,0,0,0,0,0
java-memcached-sqlite,3,java memcached sqlite,ACCEPT,0,0,0,1,0,0,0,0,0,0,0,0
java-memcached-tcpdump,3,java memcached tcpdump,ACCEPT,0,0,0,1,0,0,0,0,0,0,0,0
java-memcached-tmux,3,java memcached tmux,ACCEPT,0,0,0,0,0,0,0,0,0,0,0,0
java-memcached-vim,3,java memcached vim,ACCEPT,0,0,0,2,0,0,0,0,0,0,0,0
java-memcached-webserver,3,java memcached webserver,ACCEPT,0,0,0,10,0,0,0,0,0,0,0,0
java-memcached-wget,3,java memcached wget,ACCEPT,0,0,0,0,0,0,0,0,0,0,0,0
java-memcached-zstd,3,java memcached zstd,ACCEPT,0,0,0,0,0,0,0,0,0,0,0,0
java-mta-msmtp,2,java mta-msmtp,ACCEPT,0,0,0,2,0,0,0,0,0,0,0,0
java-mta-msmtp-mta-nullmailer,3,java mta-msmtp mta-nullmailer,REJECT,1,2,0,2,0,2,0,4,0,0,0,0
java-mta-msmtp-mysql,3,java mta-msmtp mysql,ACCEPT,0,0,0,2,0,0,0,0,0,0,0,0
java-mta-msmtp-nc-openbsd,3,java mta-msmtp nc-openbsd,ACCEPT,0,0,0,2,0,0,0,0,0,0,0,0
java-mta-msmtp-nc-traditional,3,java mta-msmtp nc-traditional,ACCEPT,0,0,0,2,0,0,0,0,0,0,0,0
java-mta-msmtp-nvidia-driver-535,3,java mta-msmtp nvidia-driver-535,ACCEPT,0,0,0,2,0,0,0,0,0,0,0,0
java-mta-msmtp-original-awk,3,java mta-msmtp original-awk,ACCEPT,0,0,0,2,0,0,0,0,0,0,0,0
java-mta-msmtp-pgclient,3,java mta-msmtp pgclient,ACCEPT,0,0,0,2,0,0,0,0,0,0,0,0
java-mta-msmtp-pipdemo,3,java mta-msmtp pipdemo,ACCEPT,0,0,0,4,0,0,0,0,0,0,0,0
java-mta-msmtp-postgres,3,java mta-msmtp postgres,ACCEPT,0,0,0,4,0,0,0,0,0,0,0,0
java-mta-msmtp-pytools,3,java mta-msmtp pytools,ACCEPT,0,0,0,4,0,0,0,0,0,0,0,0
java-mta-msmtp-pyyaml,3,java mta-msmtp pyyaml,ACCEPT,0,0,0,4,0,0,0,0,0,0,0,0
java-mta-msmtp-redis,3,java mta-msmtp redis,ACCEPT,0,0,0,2,0,0,0,0,0,0,0,0
java-mta-msmtp-rsync,3,java mta-msmtp rsync,ACCEPT,0,0,0,2,0,0,0,0,0,0,0,0
java-mta-msmtp-rust,3,java mta-msmtp rust,ACCEPT,0,0,0,3,0,0,0,0,0,0,0,0
java-mta-msmtp-socat,3,java mta-msmtp socat,ACCEPT,0,0,0,2,0,0,0,0,0,0,0,0
java-mta-msmtp-sqlite,3,java mta-msmtp sqlite,ACCEPT,0,0,0,3,0,0,0,0,0,0,0,0
java-mta-msmtp-tcpdump,3,java mta-msmtp tcpdump,ACCEPT,0,0,0,3,0,0,0,0,0,0,0,0
java-mta-msmtp-tmux,3,java mta-msmtp tmux,ACCEPT,0,0,0,2,0,0,0,0,0,0,0,0
java-mta-msmtp-vim,3,java mta-msmtp vim,ACCEPT,0,0,0,4,0,0,0,0,0,0,0,0
java-mta-msmtp-webserver,3,java mta-msmtp webserver,ACCEPT,0,0,0,13,0,0,0,0,0,0,0,0
java-mta-msmtp-wget,3,java mta-msmtp wget,ACCEPT,0,0,0,2,0,0,0,0,0,0,0,0
java-mta-msmtp-zstd,3,java mta-msmtp zstd,ACCEPT,0,0,0,2,0,0,0,0,0,0,0,0
java-mta-nullmailer,2,java mta-nullmailer,ACCEPT,0,0,0,0,0,0,0,0,0,0,0,0
java-mta-nullmailer-mysql,3,java mta-nullmailer mysql,ACCEPT,0,0,0,0,0,0,0,0,0,0,0,0
java-mta-nullmailer-nc-openbsd,3,java mta-nullmailer nc-openbsd,ACCEPT,0,0,0,0,0,0,0,0,0,0,0,0
java-mta-nullmailer-nc-traditional,3,java mta-nullmailer nc-traditional,ACCEPT,0,0,0,0,0,0,0,0,0,0,0,0
java-mta-nullmailer-nvidia-driver-535,3,java mta-nullmailer nvidia-driver-535,ACCEPT,0,0,0,0,0,0,0,0,0,0,0,0
java-mta-nullmailer-original-awk,3,java mta-nullmailer original-awk,ACCEPT,0,0,0,0,0,0,0,0,0,0,0,0
java-mta-nullmailer-pgclient,3,java mta-nullmailer pgclient,ACCEPT,0,0,0,0,0,0,0,0,0,0,0,0
java-mta-nullmailer-pipdemo,3,java mta-nullmailer pipdemo,ACCEPT,0,0,0,2,0,0,0,0,0,0,0,0
java-mta-nullmailer-postgres,3,java mta-nullmailer postgres,ACCEPT,0,0,0,1,0,0,0,0,0,0,0,0
java-mta-nullmailer-pytools,3,java mta-nullmailer pytools,ACCEPT,0,0,0,2,0,0,0,0,0,0,0,0
java-mta-nullmailer-pyyaml,3,java mta-nullmailer pyyaml,ACCEPT,0,0,0,2,0,0,0,0,0,0,0,0
java-mta-nullmailer-redis,3,java mta-nullmailer redis,ACCEPT,0,0,0,0,0,0,0,0,0,0,0,0
java-mta-nullmailer-rsync,3,java mta-nullmailer rsync,ACCEPT,0,0,0,0,0,0,0,0,0,0,0,0
java-mta-nullmailer-rust,3,java mta-nullmailer rust,ACCEPT,0,0,0,1,0,0,0,0,0,0,0,0
java-mta-nullmailer-socat,3,java mta-nullmailer socat,ACCEPT,0,0,0,0,0,0,0,0,0,0,0,0
java-mta-nullmailer-sqlite,3,java mta-nullmailer sqlite,ACCEPT,0,0,0,1,0,0,0,0,0,0,0,0
java-mta-nullmailer-tcpdump,3,java mta-nullmailer tcpdump,ACCEPT,0,0,0,1,0,0,0,0,0,0,0,0
java-mta-nullmailer-tmux,3,java mta-nullmailer tmux,ACCEPT,0,0,0,0,0,0,0,0,0,0,0,0
java-mta-nullmailer-vim,3,java mta-nullmailer vim,ACCEPT,0,0,0,2,0,0,0,0,0,0,0,0
java-mta-nullmailer-webserver,3,java mta-nullmailer webserver,ACCEPT,0,0,0,10,0,0,0,0,0,0,0,0
java-mta-nullmailer-wget,3,java mta-nullmailer wget,ACCEPT,0,0,0,0,0,0,0,0,0,0,0,0
java-mta-nullmailer-zstd,3,java mta-nullmailer zstd,ACCEPT,0,0,0,0,0,0,0,0,0,0,0,0
java-mysql,2,java mysql,ACCEPT,0,0,0,0,0,0,0,0,0,0,0,0
java-mysql-nc-openbsd,3,java mysql nc-openbsd,ACCEPT,0,0,0,2,0,0,0,0,0,0,0,0
java-mysql-nc-traditional,3,java mysql nc-traditional,ACCEPT,0,0,0,0,0,0,0,0,0,0,0,0
java-mysql-nvidia-driver-535,3,java mysql nvidia-driver-535,ACCEPT,0,0,0,0,0,0,0,0,0,0,0,0
java-mysql-original-awk,3,java mysql original-awk,ACCEPT,0,0,0,0,0,0,0,0,0,0,0,0
java-mysql-pgclient,3,java mysql pgclient,ACCEPT,0,0,0,7,0,0,0,0,0,0,0,0
java-mysql-pipdemo,3,java mysql pipdemo,ACCEPT,0,0,0,4,0,0,0,0,0,0,0,0
java-mysql-postgres,3,java mysql postgres,ACCEPT,0,0,0,11,0,0,0,0,0,0,0,0
java-mysql-pytools,3,java mysql pytools,ACCEPT,0,0,0,4,0,0,0,0,0,0,0,0
java-mysql-pyyaml,3,java mysql pyyaml,ACCEPT,0,0,0,4,0,0,0,0,0,0,0,0
java-mysql-redis,3,java mysql redis,ACCEPT,0,0,0,0,0,0,0,0,0,0,0,0
java-mysql-rsync,3,java mysql rsync,ACCEPT,0,0,0,2,0,0,0,0,0,0,0,0
java-mysql-rust,3,java mysql rust,ACCEPT,0,0,0,2,0,0,0,0,0,0,0,0
java-mysql-socat,3,java mysql socat,ACCEPT,0,0,0,2,0,0,0,0,0,0,0,0
java-mysql-sqlite,3,java mysql sqlite,ACCEPT,0,0,0,3,0,0,0,0,0,0,0,0
java-mysql-tcpdump,3,java mysql tcpdump,ACCEPT,0,0,0,1,0,0,0,0,0,0,0,0
java-mysql-tmux,3,java mysql tmux,ACCEPT,0,0,0,0,0,0,0,0,0,0,0,0
java-mysql-vim,3,java mysql vim,ACCEPT,0,0,0,4,0,0,0,0,0,0,0,0
java-mysql-webserver,3,java mysql webserver,ACCEPT,0,0,0,18,0,0,0,0,0,0,0,0
java-mysql-wget,3,java mysql wget,ACCEPT,0,0,0,0,0,0,0,0,0,0,0,0
java-mysql-zstd,3,java mysql zstd,ACCEPT,0,0,0,0,0,0,0,0,0,0,0,0
java-nc-openbsd,2,java nc-openbsd,ACCEPT,0,0,0,0,0,0,0,0,0,0,0,0
java-nc-openbsd-nc-traditional,3,java nc-openbsd nc-traditional,ACCEPT,0,0,0,0,0,0,0,0,0,0,0,0
java-nc-openbsd-nvidia-driver-535,3,java nc-openbsd nvidia-driver-535,ACCEPT,0,0,0,0,0,0,0,0,0,0,0,0
java-nc-openbsd-original-awk,3,java nc-openbsd original-awk,ACCEPT,0,0,0,0,0,0,0,0,0,0,0,0
java-nc-openbsd-pgclient,3,java nc-openbsd pgclient,ACCEPT,0,0,0,0,0,0,0,0,0,0,0,0
java-nc-openbsd-pipdemo,3,java nc-openbsd pipdemo,ACCEPT,0,0,0,2,0,0,0,0,0,0,0,0
java-nc-openbsd-postgres,3,java nc-openbsd postgres,ACCEPT,0,0,0,3,0,0,0,0,0,0,0,0
java-nc-openbsd-pytools,3,java nc-openbsd pytools,ACCEPT,0,0,0,2,0,0,0,0,0,0,0,0
java-nc-openbsd-pyyaml,3,java nc-openbsd pyyaml,ACCEPT,0,0,0,2,0,0,0,0,0,0,0,0
java-nc-openbsd-redis,3,java nc-openbsd redis,ACCEPT,0,0,0,0,0,0,0,0,0,0,0,0
java-nc-openbsd-rsync,3,java nc-openbsd rsync,ACCEPT,0,0,0,0,0,0,0,0,0,0,0,0
java-nc-openbsd-rust,3,java nc-openbsd rust,ACCEPT,0,0,0,1,0,0,0,0,0,0,0,0
java-nc-openbsd-socat,3,java nc-openbsd socat,ACCEPT,0,0,0,0,0,0,0,0,0,0,0,0
java-nc-openbsd-sqlite,3,java nc-openbsd sqlite,ACCEPT,0,0,0,1,0,0,0,0,0,0,0,0
java-nc-openbsd-tcpdump,3,java nc-openbsd tcpdump,ACCEPT,0,0,0,1,0,0,0,0,0,0,0,0
java-nc-openbsd-tmux,3,java nc-openbsd tmux,ACCEPT,0,0,0,0,0,0,0,0,0,0,0,0
java-nc-openbsd-vim,3,java nc-openbsd vim,ACCEPT,0,0,0,2,0,0,0,0,0,0,0,0
java-nc-openbsd-webserver,3,java nc-openbsd webserver,ACCEPT,0,0,0,12,0,0,0,0,0,0,0,0
java-nc-openbsd-wget,3,java nc-openbsd wget,ACCEPT,0,0,0,0,0,0,0,0,0,0,0,0
java-nc-openbsd-zstd,3,java nc-openbsd zstd,ACCEPT,0,0,0,0,0,0,0,0,0,0,0,0
java-nc-traditional,2,java nc-traditional,ACCEPT,0,0,0,0,0,0,0,0,0,0,0,0
java-nc-traditional-nvidia-driver-535,3,java nc-traditional nvidia-driver-535,ACCEPT,0,0,0,0,0,0,0,0,0,0,0,0
java-nc-traditional-original-awk,3,java nc-traditional original-awk,ACCEPT,0,0,0,0,0,0,0,0,0,0,0,0
java-nc-traditional-pgclient,3,java nc-traditional pgclient,ACCEPT,0,0,0,0,0,0,0,0,0,0,0,0
java-nc-traditional-pipdemo,3,java nc-traditional pipdemo,ACCEPT,0,0,0,2,0,0,0,0,0,0,0,0
java-nc-traditional-postgres,3,java nc-traditional postgres,ACCEPT,0,0,0,1,0,0,0,0,0,0,0,0
java-nc-traditional-pytools,3,java nc-traditional pytools,ACCEPT,0,0,0,2,0,0,0,0,0,0,0,0
java-nc-traditional-pyyaml,3,java nc-traditional pyyaml,ACCEPT,0,0,0,2,0,0,0,0,0,0,0,0
java-nc-traditional-redis,3,java nc-traditional redis,ACCEPT,0,0,0,0,0,0,0,0,0,0,0,0
java-nc-traditional-rsync,3,java nc-traditional rsync,ACCEPT,0,0,0,0,0,0,0,0,0,0,0,0
java-nc-traditional-rust,3,java nc-traditional rust,ACCEPT,0,0,0,1,0,0,0,0,0,0,0,0
java-nc-traditional-socat,3,java nc-traditional socat,ACCEPT,0,0,0,0,0,0,0,0,0,0,0,0
java-nc-traditional-sqlite,3,java nc-traditional sqlite,ACCEPT,0,0,0,1,0,0,0,0,0,0,0,0
java-nc-traditional-tcpdump,3,java nc-traditional tcpdump,ACCEPT,0,0,0,1,0,0,0,0,0,0,0,0
java-nc-traditional-tmux,3,java nc-traditional tmux,ACCEPT,0,0,0,0,0,0,0,0,0,0,0,0
java-nc-traditional-vim,3,java nc-traditional vim,ACCEPT,0,0,0,2,0,0,0,0,0,0,0,0
java-nc-traditional-webserver,3,java nc-traditional webserver,ACCEPT,0,0,0,10,0,0,0,0,0,0,0,0
java-nc-traditional-wget,3,java nc-traditional wget,ACCEPT,0,0,0,0,0,0,0,0,0,0,0,0
java-nc-traditional-zstd,3,java nc-traditional zstd,ACCEPT,0,0,0,0,0,0,0,0,0,0,0,0
java-nvidia-driver-535,2,java nvidia-driver-535,ACCEPT,0,0,0,0,0,0,0,0,0,0,0,0
java-nvidia-driver-535-original-awk,3,java nvidia-driver-535 original-awk,ACCEPT,0,0,0,0,0,0,0,0,0,0,0,0
java-nvidia-driver-535-pgclient,3,java nvidia-driver-535 pgclient,ACCEPT,0,0,0,0,0,0,0,0,0,0,0,0
java-nvidia-driver-535-pipdemo,3,java nvidia-driver-535 pipdemo,ACCEPT,0,0,0,2,0,0,0,0,0,0,0,0
java-nvidia-driver-535-postgres,3,java nvidia-driver-535 postgres,ACCEPT,0,0,0,1,0,0,0,0,0,0,0,0
java-nvidia-driver-535-pytools,3,java nvidia-driver-535 pytools,ACCEPT,0,0,0,2,0,0,0,0,0,0,0,0
java-nvidia-driver-535-pyyaml,3,java nvidia-driver-535 pyyaml,ACCEPT,0,0,0,2,0,0,0,0,0,0,0,0
java-nvidia-driver-535-redis,3,java nvidia-driver-535 redis,ACCEPT,0,0,0,0,0,0,0,0,0,0,0,0
java-nvidia-driver-535-rsync,3,java nvidia-driver-535 rsync,ACCEPT,0,0,0,0,0,0,0,0,0,0,0,0
java-nvidia-driver-535-rust,3,java nvidia-driver-535 rust,ACCEPT,0,0,0,7,0,0,0,0,0,0,0,0
java-nvidia-driver-535-socat,3,java nvidia-driver-535 socat,ACCEPT,0,0,0,0,0,0,0,0,0,0,0,0
java-nvidia-driver-535-sqlite,3,java nvidia-driver-535 sqlite,ACCEPT,0,0,0,1,0,0,0,0,0,0,0,0
java-nvidia-driver-535-tcpdump,3,java nvidia-driver-535 tcpdump,ACCEPT,0,0,0,1,0,0,0,0,0,0,0,0
java-nvidia-driver-535-tmux,3,java nvidia-driver-535 tmux,ACCEPT,0,0,0,0,0,0,0,0,0,0,0,0
java-nvidia-driver-535-vim,3,java nvidia-driver-535 vim,ACCEPT,0,0,0,2,0,0,0,0,0,0,0,0
java-nvidia-driver-535-webserver,3,java nvidia-driver-535 webserver,ACCEPT,0,0,0,10,0,0,0,0,0,0,0,0
java-nvidia-driver-535-wget,3,java nvidia-driver-535 wget,ACCEPT,0,0,0,0,0,0,0,0,0,0,0,0
java-nvidia-driver-535-zstd,3,java nvidia-driver-535 zstd,ACCEPT,0,0,0,0,0,0,0,0,0,0,0,0
java-original-awk,2,java original-awk,ACCEPT,0,0,0,0,0,0,0,0,0,0,0,0
java-original-awk-pgclient,3,java original-awk pgclient,ACCEPT,0,0,0,0,0,0,0,0,0,0,0,0
java-original-awk-pipdemo,3,java original-awk pipdemo,ACCEPT,0,0,0,2,0,0,0,0,0,0,0,0
java-original-awk-postgres,3,java original-awk postgres,ACCEPT,0,0,0,1,0,0,0,0,0,0,0,0
java-original-awk-pytools,3,java original-awk pytools,ACCEPT,0,0,0,2,0,0,0,0,0,0,0,0
java-original-awk-pyyaml,3,java original-awk pyyaml,ACCEPT,0,0,0,2,0,0,0,0,0,0,0,0
java-original-awk-redis,3,java original-awk redis,ACCEPT,0,0,0,0,0,0,0,0,0,0,0,0
java-original-awk-rsync,3,java original-awk rsync,ACCEPT,0,0,0,0,0,0,0,0,0,0,0,0
java-original-awk-rust,3,java original-awk rust,ACCEPT,0,0,0,1,0,0,0,0,0,0,0,0
java-original-awk-socat,3,java original-awk socat,ACCEPT,0,0,0,0,0,0,0,0,0,0,0,0
java-original-awk-sqlite,3,java original-awk sqlite,ACCEPT,0,0,0,1,0,0,0,0,0,0,0,0
java-original-awk-tcpdump,3,java original-awk tcpdump,ACCEPT,0,0,0,1,0,0,0,0,0,0,0,0
java-original-awk-tmux,3,java original-awk tmux,ACCEPT,0,0,0,0,0,0,0,0,0,0,0,0
java-original-awk-vim,3,java original-awk vim,ACCEPT,0,0,0,2,0,0,0,0,0,0,0,0
java-original-awk-webserver,3,java original-awk webserver,ACCEPT,0,0,0,10,0,0,0,0,0,0,0,0
java-original-awk-wget,3,java original-awk wget,ACCEPT,0,0,0,0,0,0,0,0,0,0,0,0
java-original-awk-zstd,3,java original-awk zstd,ACCEPT,0,0,0,0,0,0,0,0,0,0,0,0
java-pgclient,2,java pgclient,ACCEPT,0,0,0,0,0,0,0,0,0,0,0,0
java-pgclient-pipdemo,3,java pgclient pipdemo,ACCEPT,0,0,0,4,0,0,0,0,0,0,0,0
java-pgclient-postgres,3,java pgclient postgres,ACCEPT,0,0,0,15,0,0,0,0,0,0,0,0
java-pgclient-pytools,3,java pgclient pytools,ACCEPT,0,0,0,4,0,0,0,0,0,0,0,0
java-pgclient-pyyaml,3,java pgclient pyyaml,ACCEPT,0,0,0,4,0,0,0,0,0,0,0,0
java-pgclient-redis,3,java pgclient redis,ACCEPT,0,0,0,0,0,0,0,0,0,0,0,0
java-pgclient-rsync,3,java pgclient rsync,ACCEPT,0,0,0,0,0,0,0,0,0,0,0,0
java-pgclient-rust,3,java pgclient rust,ACCEPT,0,0,0,4,0,0,0,0,0,0,0,0
java-pgclient-socat,3,java pgclient socat,ACCEPT,0,0,0,0,0,0,0,0,0,0,0,0
java-pgclient-sqlite,3,java pgclient sqlite,ACCEPT,0,0,0,3,0,0,0,0,0,0,0,0
java-pgclient-tcpdump,3,java pgclient tcpdump,ACCEPT,0,0,0,1,0,0,0,0,0,0,0,0
java-pgclient-tmux,3,java pgclient tmux,ACCEPT,0,0,0,0,0,0,0,0,0,0,0,0
java-pgclient-vim,3,java pgclient vim,ACCEPT,0,0,0,4,0,0,0,0,0,0,0,0
java-pgclient-webserver,3,java pgclient webserver,ACCEPT,0,0,0,10,0,0,0,0,0,0,0,0
java-pgclient-wget,3,java pgclient wget,ACCEPT,0,0,0,0,0,0,0,0,0,0,0,0
java-pgclient-zstd,3,java pgclient zstd,ACCEPT,0,0,0,0,0,0,0,0,0,0,0,0
java-pipdemo,2,java pipdemo,ACCEPT,0,0,0,2,0,0,0,0,0,0,0,0
java-pipdemo-postgres,3,java pipdemo postgres,ACCEPT,0,0,0,5,0,0,0,0,0,0,0,0
java-pipdemo-pytools,3,java pipdemo pytools,ACCEPT,0,0,0,23,0,0,0,0,0,0,0,0
java-pipdemo-pyyaml,3,java pipdemo pyyaml,ACCEPT,0,0,0,17,0,0,0,0,0,0,0,0
java-pipdemo-redis,3,java pipdemo redis,ACCEPT,0,0,0,2,0,0,0,0,0,0,0,0
java-pipdemo-rsync,3,java pipdemo rsync,ACCEPT,0,0,0,2,0,0,0,0,0,0,0,0
java-pipdemo-rust,3,java pipdemo rust,ACCEPT,0,0,0,3,0,0,0,0,0,0,0,0
java-pipdemo-socat,3,java pipdemo socat,ACCEPT,0,0,0,2,0,0,0,0,0,0,0,0
java-pipdemo-sqlite,3,java pipdemo sqlite,ACCEPT,0,0,0,6,0,0,0,0,0,0,0,0
java-pipdemo-tcpdump,3,java pipdemo tcpdump,ACCEPT,0,0,0,3,0,0,0,0,0,0,0,0
java-pipdemo-tmux,3,java pipdemo tmux,ACCEPT,0,0,0,2,0,0,0,0,0,0,0,0
java-pipdemo-vim,3,java pipdemo vim,ACCEPT,0,0,0,12,0,0,0,0,0,0,0,0
java-pipdemo-webserver,3,java pipdemo webserver,ACCEPT,0,0,0,13,0,0,0,0,0,0,0,0
java-pipdemo-wget,3,java pipdemo wget,ACCEPT,0,0,0,2,0,0,0,0,0,0,0,0
java-pipdemo-zstd,3,java pipdemo zstd,ACCEPT,0,0,0,2,0,0,0,0,0,0,0,0
java-postgres,2,java postgres,ACCEPT,0,0,0,1,0,0,0,0,0,0,0,0
java-postgres-pytools,3,java postgres pytools,ACCEPT,0,0,0,5,0,0,0,0,0,0,0,0
java-postgres-pyyaml,3,java postgres pyyaml,ACCEPT,0,0,0,5,0,0,0,0,0,0,0,0
java-postgres-redis,3,java postgres redis,ACCEPT,0,0,0,1,0,0,0,0,0,0,0,0
java-postgres-rsync,3,java postgres rsync,ACCEPT,0,0,0,1,0,0,0,0,0,0,0,0
java-postgres-rust,3,java postgres rust,ACCEPT,0,0,0,5,0,0,0,0,0,0,0,0
java-postgres-socat,3,java postgres socat,ACCEPT,0,0,0,1,0,0,0,0,0,0,0,0
java-postgres-sqlite,3,java postgres sqlite,ACCEPT,0,0,0,4,0,0,0,0,0,0,0,0
java-postgres-tcpdump,3,java postgres tcpdump,ACCEPT,0,0,0,2,0,0,0,0,0,0,0,0
java-postgres-tmux,3,java postgres tmux,ACCEPT,0,0,0,1,0,0,0,0,0,0,0,0
java-postgres-vim,3,java postgres vim,ACCEPT,0,0,0,5,0,0,0,0,0,0,0,0
java-postgres-webserver,3,java postgres webserver,ACCEPT,0,0,0,17,0,0,0,0,0,0,0,0
java-postgres-wget,3,java postgres wget,ACCEPT,0,0,0,1,0,0,0,0,0,0,0,0
java-postgres-zstd,3,java postgres zstd,ACCEPT,0,0,0,1,0,0,0,0,0,0,0,0
java-pytools,2,java pytools,ACCEPT,0,0,0,2,0,0,0,0,0,0,0,0
java-pytools-pyyaml,3,java pytools pyyaml,ACCEPT,0,0,0,17,0,0,0,0,0,0,0,0
java-pytools-redis,3,java pytools redis,ACCEPT,0,0,0,2,0,0,0,0,0,0,0,0
java-pytools-rsync,3,java pytools rsync,ACCEPT,0,0,0,2,0,0,0,0,0,0,0,0
java-pytools-rust,3,java pytools rust,ACCEPT,0,0,0,4,0,0,0,0,0,0,0,0
java-pytools-socat,3,java pytools socat,ACCEPT,0,0,0,2,0,0,0,0,0,0,0,0
java-pytools-sqlite,3,java pytools sqlite,ACCEPT,0,0,0,6,0,0,0,0,0,0,0,0
java-pytools-tcpdump,3,java pytools tcpdump,ACCEPT,0,0,0,3,0,0,0,0,0,0,0,0
java-pytools-tmux,3,java pytools tmux,ACCEPT,0,0,0,2,0,0,0,0,0,0,0,0
java-pytools-vim,3,java pytools vim,ACCEPT,0,0,0,12,0,0,0,0,0,0,0,0
java-pytools-webserver,3,java pytools webserver,ACCEPT,0,0,0,13,0,0,0,0,0,0,0,0
java-pytools-wget,3,java pytools wget,ACCEPT,0,0,0,2,0,0,0,0,0,0,0,0
java-pytools-zstd,3,java pytools zstd,ACCEPT,0,0,0,2,0,0,0,0,0,0,0,0
java-pyyaml,2,java pyyaml,ACCEPT,0,0,0,2,0,0,0,0,0,0,0,0
java-pyyaml-redis,3,java pyyaml redis,ACCEPT,0,0,0,2,0,0,0,0,0,0,0,0
java-pyyaml-rsync,3,java pyyaml rsync,ACCEPT,0,0,0,2,0,0,0,0,0,0,0,0
java-pyyaml-rust,3,java pyyaml rust,ACCEPT,0,0,0,3,0,0,0,0,0,0,0,0
java-pyyaml-socat,3,java pyyaml socat,ACCEPT,0,0,0,2,0,0,0,0,0,0,0,0
java-pyyaml-sqlite,3,java pyyaml sqlite,ACCEPT,0,0,0,6,0,0,0,0,0,0,0,0
java-pyyaml-tcpdump,3,java pyyaml tcpdump,ACCEPT,0,0,0,3,0,0,0,0,0,0,0,0
java-pyyaml-tmux,3,java pyyaml tmux,ACCEPT,0,0,0,2,0,0,0,0,0,0,0,0
java-pyyaml-vim,3,java pyyaml vim,ACCEPT,0,0,0,12,0,0,0,0,0,0,0,0
java-pyyaml-webserver,3,java pyyaml webserver,ACCEPT,0,0,0,13,0,0,0,0,0,0,0,0
java-pyyaml-wget,3,java pyyaml wget,ACCEPT,0,0,0,2,0,0,0,0,0,0,0,0
java-pyyaml-zstd,3,java pyyaml zstd,ACCEPT,0,0,0,2,0,0,0,0,0,0,0,0
java-redis,2,java redis,ACCEPT,0,0,0,0,0,0,0,0,0,0,0,0
java-redis-rsync,3,java redis rsync,ACCEPT,0,0,0,0,0,0,0,0,0,0,0,0
java-redis-rust,3,java redis rust,ACCEPT,0,0,0,2,0,0,0,0,0,0,0,0
java-redis-socat,3,java redis socat,ACCEPT,0,0,0,0,0,0,0,0,0,0,0,0
java-redis-sqlite,3,java redis sqlite,ACCEPT,0,0,0,1,0,0,0,0,0,0,0,0
java-redis-tcpdump,3,java redis tcpdump,ACCEPT,0,0,0,1,0,0,0,0,0,0,0,0
java-redis-tmux,3,java redis tmux,ACCEPT,0,0,0,0,0,0,0,0,0,0,0,0
java-redis-vim,3,java redis vim,ACCEPT,0,0,0,2,0,0,0,0,0,0,0,0
java-redis-webserver,3,java redis webserver,ACCEPT,0,0,0,10,0,0,0,0,0,0,0,0
java-redis-wget,3,java redis wget,ACCEPT,0,0,0,0,0,0,0,0,0,0,0,0
java-redis-zstd,3,java redis zstd,ACCEPT,0,0,0,0,0,0,0,0,0,0,0,0
java-rsync,2,java rsync,ACCEPT,0,0,0,0,0,0,0,0,0,0,0,0
java-rsync-rust,3,java rsync rust,ACCEPT,0,0,0,1,0,0,0,0,0,0,0,0
java-rsync-socat,3,java rsync socat,ACCEPT,0,0,0,0,0,0,0,0,0,0,0,0
java-rsync-sqlite,3,java rsync sqlite,ACCEPT,0,0,0,1,0,0,0,0,0,0,0,0
java-rsync-tcpdump,3,java rsync tcpdump,ACCEPT,0,0,0,1,0,0,0,0,0,0,0,0
java-rsync-tmux,3,java rsync tmux,ACCEPT,0,0,0,0,0,0,0,0,0,0,0,0
java-rsync-vim,3,java rsync vim,ACCEPT,0,0,0,2,0,0,0,0,0,0,0,0
java-rsync-webserver,3,java rsync webserver,ACCEPT,0,0,0,10,0,0,0,0,0,0,0,0
java-rsync-wget,3,java rsync wget,ACCEPT,0,0,0,0,0,0,0,0,0,0,0,0
java-rsync-zstd,3,java rsync zstd,ACCEPT,0,0,0,0,0,0,0,0,0,0,0,0
java-rust,2,java rust,ACCEPT,0,0,0,1,0,0,0,0,0,0,0,0
java-rust-socat,3,java rust socat,ACCEPT,0,0,0,1,0,0,0,0,0,0,0,0
java-rust-sqlite,3,java rust sqlite,ACCEPT,0,0,0,2,0,0,0,0,0,0,0,0
java-rust-tcpdump,3,java rust tcpdump,ACCEPT,0,0,0,2,0,0,0,0,0,0,0,0
java-rust-tmux,3,java rust tmux,ACCEPT,0,0,0,1,0,0,0,0,0,0,0,0
java-rust-vim,3,java rust vim,ACCEPT,0,0,0,3,0,0,0,0,0,0,0,0
java-rust-webserver,3,java rust webserver,ACCEPT,0,0,0,12,0,0,0,0,0,0,0,0
java-rust-wget,3,java rust wget,ACCEPT,0,0,0,2,0,0,0,0,0,0,0,0
java-rust-zstd,3,java rust zstd,ACCEPT,0,0,0,1,0,0,0,0,0,0,0,0
java-socat,2,java socat,ACCEPT,0,0,0,0,0,0,0,0,0,0,0,0
java-socat-sqlite,3,java socat sqlite,ACCEPT,0,0,0,1,0,0,0,0,0,0,0,0
java-socat-tcpdump,3,java socat tcpdump,ACCEPT,0,0,0,1,0,0,0,0,0,0,0,0
java-socat-tmux,3,java socat tmux,ACCEPT,0,0,0,0,0,0,0,0,0,0,0,0
java-socat-vim,3,java socat vim,ACCEPT,0,0,0,2,0,0,0,0,0,0,0,0
java-socat-webserver,3,java socat webserver,ACCEPT,0,0,0,10,0,0,0,0,0,0,0,0
java-socat-wget,3,java socat wget,ACCEPT,0,0,0,0,0,0,0,0,0,0,0,0
java-socat-zstd,3,java socat zstd,ACCEPT,0,0,0,0,0,0,0,0,0,0,0,0
java-sqlite,2,java sqlite,ACCEPT,0,0,0,1,0,0,0,0,0,0,0,0
java-sqlite-tcpdump,3,java sqlite tcpdump,ACCEPT,0,0,0,2,0,0,0,0,0,0,0,0
java-sqlite-tmux,3,java sqlite tmux,ACCEPT,0,0,0,1,0,0,0,0,0,0,0,0
java-sqlite-vim,3,java sqlite vim,ACCEPT,0,0,0,6,0,0,0,0,0,0,0,0
java-sqlite-webserver,3,java sqlite webserver,ACCEPT,0,0,0,11,0,0,0,0,0,0,0,0
java-sqlite-wget,3,java sqlite wget,ACCEPT,0,0,0,1,0,0,0,0,0,0,0,0
java-sqlite-zstd,3,java sqlite zstd,ACCEPT,0,0,0,1,0,0,0,0,0,0,0,0
java-tcpdump,2,java tcpdump,ACCEPT,0,0,0,1,0,0,0,0,0,0,0,0
java-tcpdump-tmux,3,java tcpdump tmux,ACCEPT,0,0,0,1,0,0,0,0,0,0,0,0
java-tcpdump-vim,3,java tcpdump vim,ACCEPT,0,0,0,3,0,0,0,0,0,0,0,0
java-tcpdump-webserver,3,java tcpdump webserver,ACCEPT,0,0,0,11,0,0,0,0,0,0,0,0
java-tcpdump-wget,3,java tcpdump wget,ACCEPT,0,0,0,1,0,0,0,0,0,0,0,0
java-tcpdump-zstd,3,java tcpdump zstd,ACCEPT,0,0,0,1,0,0,0,0,0,0,0,0
java-tmux,2,java tmux,ACCEPT,0,0,0,0,0,0,0,0,0,0,0,0
java-tmux-vim,3,java tmux vim,ACCEPT,0,0,0,2,0,0,0,0,0,0,0,0
java-tmux-webserver,3,java tmux webserver,ACCEPT,0,0,0,10,0,0,0,0,0,0,0,0
java-tmux-wget,3,java tmux wget,ACCEPT,0,0,0,0,0,0,0,0,0,0,0,0
java-tmux-zstd,3,java tmux zstd,ACCEPT,0,0,0,0,0,0,0,0,0,0,0,0
java-vim,2,java vim,ACCEPT,0,0,0,2,0,0,0,0,0,0,0,0
java-vim-webserver,3,java vim webserver,ACCEPT,0,0,0,13,0,0,0,0,0,0,0,0
java-vim-wget,3,java vim wget,ACCEPT,0,0,0,2,0,0,0,0,0,0,0,0
java-vim-zstd,3,java vim zstd,ACCEPT,0,0,0,2,0,0,0,0,0,0,0,0
java-webserver,2,java webserver,ACCEPT,0,0,0,10,0,0,0,0,0,0,0,0
java-webserver-wget,3,java webserver wget,ACCEPT,0,0,0,10,0,0,0,0,0,0,0,0
java-webserver-zstd,3,java webserver zstd,ACCEPT,0,0,0,10,0,0,0,0,0,0,0,0
java-wget,2,java wget,ACCEPT,0,0,0,0,0,0,0,0,0,0,0,0
java-wget-zstd,3,java wget zstd,ACCEPT,0,0,0,0,0,0,0,0,0,0,0,0
java-zstd,2,java zstd,ACCEPT,0,0,0,0,0,0,0,0,0,0,0,0
jq-llvm,2,jq llvm,ACCEPT,0,0,0,0,0,0,0,0,0,0,0,0
jq-llvm-memcached,3,jq llvm memcached,ACCEPT,0,0,0,5,0,0,0,0,0,0,0,0
jq-llvm-mta-msmtp,3,jq llvm mta-msmtp,ACCEPT,0,0,0,0,0,0,0,0,0,0,0,0
jq-llvm-mta-nullmailer,3,jq llvm mta-nullmailer,ACCEPT,0,0,0,0,0,0,0,0,0,0,0,0
jq-llvm-mysql,3,jq llvm mysql,ACCEPT,0,0,0,8,0,0,0,0,0,0,0,0
jq-llvm-nc-openbsd,3,jq llvm nc-openbsd,ACCEPT,0,0,0,2,0,0,0,0,0,0,0,0
jq-llvm-nc-traditional,3,jq llvm nc-traditional,ACCEPT,0,0,0,0,0,0,0,0,0,0,0,0
jq-llvm-nvidia-driver-535,3,jq llvm nvidia-driver-535,ACCEPT,0,0,0,6,0,0,0,0,0,0,0,0
jq-llvm-original-awk,3,jq llvm original-awk,ACCEPT,0,0,0,0,0,0,0,0,0,0,0,0
jq-llvm-pgclient,3,jq llvm pgclient,ACCEPT,0,0,0,5,0,0,0,0,0,0,0,0
jq-llvm-pipdemo,3,jq llvm pipdemo,ACCEPT,0,0,0,0,0,0,0,0,0,0,0,0
jq-llvm-postgres,3,jq llvm postgres,ACCEPT,0,0,0,11,0,0,0,0,0,0,0,0
jq-llvm-pytools,3,jq llvm pytools,ACCEPT,0,0,0,1,0,0,0,0,0,0,0,0
jq-llvm-pyyaml,3,jq llvm pyyaml,ACCEPT,0,0,0,0,0,0,0,0,0,0,0,0
jq-llvm-redis,3,jq llvm redis,ACCEPT,0,0,0,1,0,0,0,0,0,0,0,0
jq-llvm-rsync,3,jq llvm rsync,ACCEPT,0,0,0,0,0,0,0,0,0,0,0,0
jq-llvm-rust,3,jq llvm rust,ACCEPT,0,0,0,23,0,0,0,0,0,0,0,0
jq-llvm-socat,3,jq llvm socat,ACCEPT,0,0,0,0,0,0,0,0,0,0,0,0
jq-llvm-sqlite,3,jq llvm sqlite,ACCEPT,0,0,0,0,0,0,0,0,0,0,0,0
jq-llvm-tcpdump,3,jq llvm tcpdump,ACCEPT,0,0,0,0,0,0,0,0,0,0,0,0
jq-llvm-tmux,3,jq llvm tmux,ACCEPT,0,0,0,0,0,0,0,0,0,0,0,0
jq-llvm-vim,3,jq llvm vim,ACCEPT,0,0,0,0,0,0,0,0,0,0,0,0
jq-llvm-webserver,3,jq llvm webserver,ACCEPT,0,0,0,4,0,0,0,0,0,0,0,0
jq-llvm-wget,3,jq llvm wget,ACCEPT,0,0,0,0,0,0,0,0,0,0,0,0
jq-llvm-zstd,3,jq llvm zstd,ACCEPT,0,0,0,0,0,0,0,0,0,0,0,0
jq-memcached,2,jq memcached,ACCEPT,0,0,0,5,0,0,0,0,0,0,0,0
jq-memcached-mta-msmtp,3,jq memcached mta-msmtp,ACCEPT,0,0,0,5,0,0,0,0,0,0,0,0
jq-memcached-mta-nullmailer,3,jq memcached mta-nullmailer,ACCEPT,0,0,0,5,0,0,0,0,0,0,0,0
jq-memcached-mysql,3,jq memcached mysql,ACCEPT,0,0,0,15,0,0,0,0,0,0,0,0
jq-memcached-nc-openbsd,3,jq memcached nc-openbsd,ACCEPT,0,0,0,5,0,0,0,0,0,0,0,0
jq-memcached-nc-traditional,3,jq memcached nc-traditional,ACCEPT,0,0,0,5,0,0,0,0,0,0,0,0
jq-memcached-nvidia-driver-535,3,jq memcached nvidia-driver-535,ACCEPT,0,0,0,5,0,0,0,0,0,0,0,0
jq-memcached-original-awk,3,jq memcached original-awk,ACCEPT,0,0,0,5,0,0,0,0,0,0,0,0
jq-memcached-pgclient,3,jq memcached pgclient,ACCEPT,0,0,0,17,0,0,0,0,0,0,0,0
jq-memcached-pipdemo,3,jq memcached pipdemo,ACCEPT,0,0,0,5,0,0,0,0,0,0,0,0
jq-memcached-postgres,3,jq memcached postgres,ACCEPT,0,0,0,17,0,0,0,0,0,0,0,0
jq-memcached-pytools,3,jq memcached pytools,ACCEPT,0,0,0,5,0,0,0,0,0,0,0,0
jq-memcached-pyyaml,3,jq memcached pyyaml,ACCEPT,0,0,0,5,0,0,0,0,0,0,0,0
jq-memcached-redis,3,jq memcached redis,ACCEPT,0,0,0,5,0,0,0,0,0,0,0,0
jq-memcached-rsync,3,jq memcached rsync,ACCEPT,0,0,0,5,0,0,0,0,0,0,0,0
jq-memcached-rust,3,jq memcached rust,ACCEPT,0,0,0,7,0,0,0,0,0,0,0,0
jq-memcached-socat,3,jq memcached socat,ACCEPT,0,0,0,5,0,0,0,0,0,0,0,0
jq-memcached-sqlite,3,jq memcached sqlite,ACCEPT,0,0,0,5,0,0,0,0,0,0,0,0
jq-memcached-tcpdump,3,jq memcached tcpdump,ACCEPT,0,0,0,5,0,0,0,0,0,0,0,0
jq-memcached-tmux,3,jq memcached tmux,ACCEPT,0,0,0,5,0,0,0,0,0,0,0,0
jq-memcached-vim,3,jq memcached vim,ACCEPT,0,0,0,5,0,0,0,0,0,0,0,0
jq-memcached-webserver,3,jq memcached webserver,ACCEPT,0,0,0,5,0,0,0,0,0,0,0,0
jq-memcached-wget,3,jq memcached wget,ACCEPT,0,0,0,5,0,0,0,0,0,0,0,0
jq-memcached-zstd,3,jq memcached zstd,ACCEPT,0,0,0,5,0,0,0,0,0,0,0,0
jq-mta-msmtp,2,jq mta-msmtp,ACCEPT,0,0,0,0,0,0,0,0,0,0,0,0
jq-mta-msmtp-mta-nullmailer,3,jq mta-msmtp mta-nullmailer,REJECT,1,2,0,0,0,2,0,4,0,0,0,0
jq-mta-msmtp-mysql,3,jq mta-msmtp mysql,ACCEPT,0,0,0,5,0,0,0,0,0,0,0,0
jq-mta-msmtp-nc-openbsd,3,jq mta-msmtp nc-openbsd,ACCEPT,0,0,0,0,0,0,0,0,0,0,0,0
jq-mta-msmtp-nc-traditional,3,jq mta-msmtp nc-traditional,ACCEPT,0,0,0,0,0,0,0,0,0,0,0,0
jq-mta-msmtp-nvidia-driver-535,3,jq mta-msmtp nvidia-driver-535,ACCEPT,0,0,0,0,0,0,0,0,0,0,0,0
jq-mta-msmtp-original-awk,3,jq mta-msmtp original-awk,ACCEPT,0,0,0,0,0,0,0,0,0,0,0,0
jq-mta-msmtp-pgclient,3,jq mta-msmtp pgclient,ACCEPT,0,0,0,5,0,0,0,0,0,0,0,0
jq-mta-msmtp-pipdemo,3,jq mta-msmtp pipdemo,ACCEPT,0,0,0,0,0,0,0,0,0,0,0,0
jq-mta-msmtp-postgres,3,jq mta-msmtp postgres,ACCEPT,0,0,0,6,0,0,0,0,0,0,0,0
jq-mta-msmtp-pytools,3,jq mta-msmtp pytools,ACCEPT,0,0,0,0,0,0,0,0,0,0,0,0
jq-mta-msmtp-pyyaml,3,jq mta-msmtp pyyaml,ACCEPT,0,0,0,0,0,0,0,0,0,0,0,0
jq-mta-msmtp-redis,3,jq mta-msmtp redis,ACCEPT,0,0,0,0,0,0,0,0,0,0,0,0
jq-mta-msmtp-rsync,3,jq mta-msmtp rsync,ACCEPT,0,0,0,0,0,0,0,0,0,0,0,0
jq-mta-msmtp-rust,3,jq mta-msmtp rust,ACCEPT,0,0,0,0,0,0,0,0,0,0,0,0
jq-mta-msmtp-socat,3,jq mta-msmtp socat,ACCEPT,0,0,0,0,0,0,0,0,0,0,0,0
jq-mta-msmtp-sqlite,3,jq mta-msmtp sqlite,ACCEPT,0,0,0,0,0,0,0,0,0,0,0,0
jq-mta-msmtp-tcpdump,3,jq mta-msmtp tcpdump,ACCEPT,0,0,0,0,0,0,0,0,0,0,0,0
jq-mta-msmtp-tmux,3,jq mta-msmtp tmux,ACCEPT,0,0,0,0,0,0,0,0,0,0,0,0
jq-mta-msmtp-vim,3,jq mta-msmtp vim,ACCEPT,0,0,0,0,0,0,0,0,0,0,0,0
jq-mta-msmtp-webserver,3,jq mta-msmtp webserver,ACCEPT,0,0,0,1,0,0,0,0,0,0,0,0
jq-mta-msmtp-wget,3,jq mta-msmtp wget,ACCEPT,0,0,0,0,0,0,0,0,0,0,0,0
jq-mta-msmtp-zstd,3,jq mta-msmtp zstd,ACCEPT,0,0,0,0,0,0,0,0,0,0,0,0
jq-mta-nullmailer,2,jq mta-nullmailer,ACCEPT,0,0,0,0,0,0,0,0,0,0,0,0
jq-mta-nullmailer-mysql,3,jq mta-nullmailer mysql,ACCEPT,0,0,0,5,0,0,0,0,0,0,0,0
jq-mta-nullmailer-nc-openbsd,3,jq mta-nullmailer nc-openbsd,ACCEPT,0,0,0,0,0,0,0,0,0,0,0,0
jq-mta-nullmailer-nc-traditional,3,jq mta-nullmailer nc-traditional,ACCEPT,0,0,0,0,0,0,0,0,0,0,0,0
jq-mta-nullmailer-nvidia-driver-535,3,jq mta-nullmailer nvidia-driver-535,ACCEPT,0,0,0,0,0,0,0,0,0,0,0,0
jq-mta-nullmailer-original-awk,3,jq mta-nullmailer original-awk,ACCEPT,0,0,0,0,0,0,0,0,0,0,0,0
jq-mta-nullmailer-pgclient,3,jq mta-nullmailer pgclient,ACCEPT,0,0,0,5,0,0,0,0,0,0,0,0
jq-mta-nullmailer-pipdemo,3,jq mta-nullmailer pipdemo,ACCEPT,0,0,0,0,0,0,0,0,0,0,0,0
jq-mta-nullmailer-postgres,3,jq mta-nullmailer postgres,ACCEPT,0,0,0,5,0,0,0,0,0,0,0,0
jq-mta-nullmailer-pytools,3,jq mta-nullmailer pytools,ACCEPT,0,0,0,0,0,0,0,0,0,0,0,0
jq-mta-nullmailer-pyyaml,3,jq mta-nullmailer pyyaml,ACCEPT,0,0,0,0,0,0,0,0,0,0,0,0
jq-mta-nullmailer-redis,3,jq mta-nullmailer redis,ACCEPT,0,0,0,0,0,0,0,0,0,0,0,0
jq-mta-nullmailer-rsync,3,jq mta-nullmailer rsync,ACCEPT,0,0,0,0,0,0,0,0,0,0,0,0
jq-mta-nullmailer-rust,3,jq mta-nullmailer rust,ACCEPT,0,0,0,0,0,0,0,0,0,0,0,0
jq-mta-nullmailer-socat,3,jq mta-nullmailer socat,ACCEPT,0,0,0,0,0,0,0,0,0,0,0,0
jq-mta-nullmailer-sqlite,3,jq mta-nullmailer sqlite,ACCEPT,0,0,0,0,0,0,0,0,0,0,0,0
jq-mta-nullmailer-tcpdump,3,jq mta-nullmailer tcpdump,ACCEPT,0,0,0,0,0,0,0,0,0,0,0,0
jq-mta-nullmailer-tmux,3,jq mta-nullmailer tmux,ACCEPT,0,0,0,0,0,0,0,0,0,0,0,0
jq-mta-nullmailer-vim,3,jq mta-nullmailer vim,ACCEPT,0,0,0,0,0,0,0,0,0,0,0,0
jq-mta-nullmailer-webserver,3,jq mta-nullmailer webserver,ACCEPT,0,0,0,0,0,0,0,0,0,0,0,0
jq-mta-nullmailer-wget,3,jq mta-nullmailer wget,ACCEPT,0,0,0,0,0,0,0,0,0,0,0,0
jq-mta-nullmailer-zstd,3,jq mta-nullmailer zstd,ACCEPT,0,0,0,0,0,0,0,0,0,0,0,0
jq-mysql,2,jq mysql,ACCEPT,0,0,0,5,0,0,0,0,0,0,0,0
jq-mysql-nc-openbsd,3,jq mysql nc-openbsd,ACCEPT,0,0,0,7,0,0,0,0,0,0,0,0
jq-mysql-nc-traditional,3,jq mysql nc-traditional,ACCEPT,0,0,0,5,0,0,0,0,0,0,0,0
jq-mysql-nvidia-driver-535,3,jq mysql nvidia-driver-535,ACCEPT,0,0,0,5,0,0,0,0,0,0,0,0
jq-mysql-original-awk,3,jq mysql original-awk,ACCEPT,0,0,0,5,0,0,0,0,0,0,0,0
jq-mysql-pgclient,3,jq mysql pgclient,ACCEPT,0,0,0,17,0,0,0,0,0,0,0,0
jq-mysql-pipdemo,3,jq mysql pipdemo,ACCEPT,0,0,0,7,0,0,0,0,0,0,0,0
jq-mysql-postgres,3,jq mysql postgres,ACCEPT,0,0,0,20,0,0,0,0,0,0,0,0
jq-mysql-pytools,3,jq mysql pytools,ACCEPT,0,0,0,7,0,0,0,0,0,0,0,0
jq-mysql-pyyaml,3,jq mysql pyyaml,ACCEPT,0,0,0,7,0,0,0,0,0,0,0,0
jq-mysql-redis,3,jq mysql redis,ACCEPT,0,0,0,5,0,0,0,0,0,0,0,0
jq-mysql-rsync,3,jq mysql rsync,ACCEPT,0,0,0,7,0,0,0,0,0,0,0,0
jq-mysql-rust,3,jq mysql rust,ACCEPT,0,0,0,6,0,0,0,0,0,0,0,0
jq-mysql-socat,3,jq mysql socat,ACCEPT,0,0,0,7,0,0,0,0,0,0,0,0
jq-mysql-sqlite,3,jq mysql sqlite,ACCEPT,0,0,0,7,0,0,0,0,0,0,0,0
jq-mysql-tcpdump,3,jq mysql tcpdump,ACCEPT,0,0,0,5,0,0,0,0,0,0,0,0
jq-mysql-tmux,3,jq mysql tmux,ACCEPT,0,0,0,5,0,0,0,0,0,0,0,0
jq-mysql-vim,3,jq mysql vim,ACCEPT,0,0,0,7,0,0,0,0,0,0,0,0
jq-mysql-webserver,3,jq mysql webserver,ACCEPT,0,0,0,13,0,0,0,0,0,0,0,0
jq-mysql-wget,3,jq mysql wget,ACCEPT,0,0,0,5,0,0,0,0,0,0,0,0
jq-mysql-zstd,3,jq mysql zstd,ACCEPT,0,0,0,5,0,0,0,0,0,0,0,0
jq-nc-openbsd,2,jq nc-openbsd,ACCEPT,0,0,0,0,0,0,0,0,0,0,0,0
jq-nc-openbsd-nc-traditional,3,jq nc-openbsd nc-traditional,ACCEPT,0,0,0,0,0,0,0,0,0,0,0,0
jq-nc-openbsd-nvidia-driver-535,3,jq nc-openbsd nvidia-driver-535,ACCEPT,0,0,0,0,0,0,0,0,0,0,0,0
jq-nc-openbsd-original-awk,3,jq nc-openbsd original-awk,ACCEPT,0,0,0,0,0,0,0,0,0,0,0,0
jq-nc-openbsd-pgclient,3,jq nc-openbsd pgclient,ACCEPT,0,0,0,5,0,0,0,0,0,0,0,0
jq-nc-openbsd-pipdemo,3,jq nc-openbsd pipdemo,ACCEPT,0,0,0,0,0,0,0,0,0,0,0,0
jq-nc-openbsd-postgres,3,jq nc-openbsd postgres,ACCEPT,0,0,0,7,0,0,0,0,0,0,0,0
jq-nc-openbsd-pytools,3,jq nc-openbsd pytools,ACCEPT,0,0,0,0,0,0,0,0,0,0,0,0
jq-nc-openbsd-pyyaml,3,jq nc-openbsd pyyaml,ACCEPT,0,0,0,0,0,0,0,0,0,0,0,0
jq-nc-openbsd-redis,3,jq nc-openbsd redis,ACCEPT,0,0,0,0,0,0,0,0,0,0,0,0
jq-nc-openbsd-rsync,3,jq nc-openbsd rsync,ACCEPT,0,0,0,0,0,0,0,0,0,0,0,0
jq-nc-openbsd-rust,3,jq nc-openbsd rust,ACCEPT,0,0,0,0,0,0,0,0,0,0,0,0
jq-nc-openbsd-socat,3,jq nc-openbsd socat,ACCEPT,0,0,0,0,0,0,0,0,0,0,0,0
jq-nc-openbsd-sqlite,3,jq nc-openbsd sqlite,ACCEPT,0,0,0,0,0,0,0,0,0,0,0,0
jq-nc-openbsd-tcpdump,3,jq nc-openbsd tcpdump,ACCEPT,0,0,0,0,0,0,0,0,0,0,0,0
jq-nc-openbsd-tmux,3,jq nc-openbsd tmux,ACCEPT,0,0,0,0,0,0,0,0,0,0,0,0
jq-nc-openbsd-vim,3,jq nc-openbsd vim,ACCEPT,0,0,0,0,0,0,0,0,0,0,0,0
jq-nc-openbsd-webserver,3,jq nc-openbsd webserver,ACCEPT,0,0,0,2,0,0,0,0,0,0,0,0
jq-nc-openbsd-wget,3,jq nc-openbsd wget,ACCEPT,0,0,0,0,0,0,0,0,0,0,0,0
jq-nc-openbsd-zstd,3,jq nc-openbsd zstd,ACCEPT,0,0,0,0,0,0,0,0,0,0,0,0
jq-nc-traditional,2,jq nc-traditional,ACCEPT,0,0,0,0,0,0,0,0,0,0,0,0
jq-nc-traditional-nvidia-driver-535,3,jq nc-traditional nvidia-driver-535,ACCEPT,0,0,0,0,0,0,0,0,0,0,0,0
jq-nc-traditional-original-awk,3,jq nc-traditional original-awk,ACCEPT,0,0,0,0,0,0,0,0,0,0,0,0
jq-nc-traditional-pgclient,3,jq nc-traditional pgclient,ACCEPT,0,0,0,5,0,0,0,0,0,0,0,0
jq-nc-traditional-pipdemo,3,jq nc-traditional pipdemo,ACCEPT,0,0,0,0,0,0,0,0,0,0,0,0
jq-nc-traditional-postgres,3,jq nc-traditional postgres,ACCEPT,0,0,0,5,0,0,0,0,0,0,0,0
jq-nc-traditional-pytools,3,jq nc-traditional pytools,ACCEPT,0,0,0,0,0,0,0,0,0,0,0,0
jq-nc-traditional-pyyaml,3,jq nc-traditional pyyaml,ACCEPT,0,0,0,0,0,0,0,0,0,0,0,0
jq-nc-traditional-redis,3,jq nc-traditional redis,ACCEPT,0,0,0,0,0,0,0,0,0,0,0,0
jq-nc-traditional-rsync,3,jq nc-traditional rsync,ACCEPT,0,0,0,0,0,0,0,0,0,0,0,0
jq-nc-traditional-rust,3,jq nc-traditional rust,ACCEPT,0,0,0,0,0,0,0,0,0,0,0,0
jq-nc-traditional-socat,3,jq nc-traditional socat,ACCEPT,0,0,0,0,0,0,0,0,0,0,0,0
jq-nc-traditional-sqlite,3,jq nc-traditional sqlite,ACCEPT,0,0,0,0,0,0,0,0,0,0,0,0
jq-nc-traditional-tcpdump,3,jq nc-traditional tcpdump,ACCEPT,0,0,0,0,0,0,0,0,0,0,0,0
jq-nc-traditional-tmux,3,jq nc-traditional tmux,ACCEPT,0,0,0,0,0,0,0,0,0,0,0,0
jq-nc-traditional-vim,3,jq nc-traditional vim,ACCEPT,0,0,0,0,0,0,0,0,0,0,0,0
jq-nc-traditional-webserver,3,jq nc-traditional webserver,ACCEPT,0,0,0,0,0,0,0,0,0,0,0,0
jq-nc-traditional-wget,3,jq nc-traditional wget,ACCEPT,0,0,0,0,0,0,0,0,0,0,0,0
jq-nc-traditional-zstd,3,jq nc-traditional zstd,ACCEPT,0,0,0,0,0,0,0,0,0,0,0,0
jq-nvidia-driver-535,2,jq nvidia-driver-535,ACCEPT,0,0,0,0,0,0,0,0,0,0,0,0
jq-nvidia-driver-535-original-awk,3,jq nvidia-driver-535 original-awk,ACCEPT,0,0,0,0,0,0,0,0,0,0,0,0
jq-nvidia-driver-535-pgclient,3,jq nvidia-driver-535 pgclient,ACCEPT,0,0,0,5,0,0,0,0,0,0,0,0
jq-nvidia-driver-535-pipdemo,3,jq nvidia-driver-535 pipdemo,ACCEPT,0,0,0,0,0,0,0,0,0,0,0,0
jq-nvidia-driver-535-postgres,3,jq nvidia-driver-535 postgres,ACCEPT,0,0,0,5,0,0,0,0,0,0,0,0
jq-nvidia-driver-535-pytools,3,jq nvidia-driver-535 pytools,ACCEPT,0,0,0,0,0,0,0,0,0,0,0,0
jq-nvidia-driver-535-pyyaml,3,jq nvidia-driver-535 pyyaml,ACCEPT,0,0,0,0,0,0,0,0,0,0,0,0
jq-nvidia-driver-535-redis,3,jq nvidia-driver-535 redis,ACCEPT,0,0,0,0,0,0,0,0,0,0,0,0
jq-nvidia-driver-535-rsync,3,jq nvidia-driver-535 rsync,ACCEPT,0,0,0,0,0,0,0,0,0,0,0,0
jq-nvidia-driver-535-rust,3,jq nvidia-driver-535 rust,ACCEPT,0,0,0,6,0,0,0,0,0,0,0,0
jq-nvidia-driver-535-socat,3,jq nvidia-driver-535 socat,ACCEPT,0,0,0,0,0,0,0,0,0,0,0,0
jq-nvidia-driver-535-sqlite,3,jq nvidia-driver-535 sqlite,ACCEPT,0,0,0,0,0,0,0,0,0,0,0,0
jq-nvidia-driver-535-tcpdump,3,jq nvidia-driver-535 tcpdump,ACCEPT,0,0,0,0,0,0,0,0,0,0,0,0
jq-nvidia-driver-535-tmux,3,jq nvidia-driver-535 tmux,ACCEPT,0,0,0,0,0,0,0,0,0,0,0,0
jq-nvidia-driver-535-vim,3,jq nvidia-driver-535 vim,ACCEPT,0,0,0,0,0,0,0,0,0,0,0,0
jq-nvidia-driver-535-webserver,3,jq nvidia-driver-535 webserver,ACCEPT,0,0,0,0,0,0,0,0,0,0,0,0
jq-nvidia-driver-535-wget,3,jq nvidia-driver-535 wget,ACCEPT,0,0,0,0,0,0,0,0,0,0,0,0
jq-nvidia-driver-535-zstd,3,jq nvidia-driver-535 zstd,ACCEPT,0,0,0,0,0,0,0,0,0,0,0,0
jq-original-awk,2,jq original-awk,ACCEPT,0,0,0,0,0,0,0,0,0,0,0,0
jq-original-awk-pgclient,3,jq original-awk pgclient,ACCEPT,0,0,0,5,0,0,0,0,0,0,0,0
jq-original-awk-pipdemo,3,jq original-awk pipdemo,ACCEPT,0,0,0,0,0,0,0,0,0,0,0,0
jq-original-awk-postgres,3,jq original-awk postgres,ACCEPT,0,0,0,5,0,0,0,0,0,0,0,0
jq-original-awk-pytools,3,jq original-awk pytools,ACCEPT,0,0,0,0,0,0,0,0,0,0,0,0
jq-original-awk-pyyaml,3,jq original-awk pyyaml,ACCEPT,0,0,0,0,0,0,0,0,0,0,0,0
jq-original-awk-redis,3,jq original-awk redis,ACCEPT,0,0,0,0,0,0,0,0,0,0,0,0
jq-original-awk-rsync,3,jq original-awk rsync,ACCEPT,0,0,0,0,0,0,0,0,0,0,0,0
jq-original-awk-rust,3,jq original-awk rust,ACCEPT,0,0,0,0,0,0,0,0,0,0,0,0
jq-original-awk-socat,3,jq original-awk socat,ACCEPT,0,0,0,0,0,0,0,0,0,0,0,0
jq-original-awk-sqlite,3,jq original-awk sqlite,ACCEPT,0,0,0,0,0,0,0,0,0,0,0,0
jq-original-awk-tcpdump,3,jq original-awk tcpdump,ACCEPT,0,0,0,0,0,0,0,0,0,0,0,0
jq-original-awk-tmux,3,jq original-awk tmux,ACCEPT,0,0,0,0,0,0,0,0,0,0,0,0
jq-original-awk-vim,3,jq original-awk vim,ACCEPT,0,0,0,0,0,0,0,0,0,0,0,0
jq-original-awk-webserver,3,jq original-awk webserver,ACCEPT,0,0,0,0,0,0,0,0,0,0,0,0
jq-original-awk-wget,3,jq original-awk wget,ACCEPT,0,0,0,0,0,0,0,0,0,0,0,0
jq-original-awk-zstd,3,jq original-awk zstd,ACCEPT,0,0,0,0,0,0,0,0,0,0,0,0
jq-pgclient,2,jq pgclient,ACCEPT,0,0,0,5,0,0,0,0,0,0,0,0
jq-pgclient-pipdemo,3,jq pgclient pipdemo,ACCEPT,0,0,0,7,0,0,0,0,0,0,0,0
jq-pgclient-postgres,3,jq pgclient postgres,ACCEPT,0,0,0,24,0,0,0,0,0,0,0,0
jq-pgclient-pytools,3,jq pgclient pytools,ACCEPT,0,0,0,7,0,0,0,0,0,0,0,0
jq-pgclient-pyyaml,3,jq pgclient pyyaml,ACCEPT,0,0,0,7,0,0,0,0,0,0,0,0
jq-pgclient-redis,3,jq pgclient redis,ACCEPT,0,0,0,5,0,0,0,0,0,0,0,0
jq-pgclient-rsync,3,jq pgclient rsync,ACCEPT,0,0,0,5,0,0,0,0,0,0,0,0
jq-pgclient-rust,3,jq pgclient rust,ACCEPT,0,0,0,8,0,0,0,0,0,0,0,0
jq-pgclient-socat,3,jq pgclient socat,ACCEPT,0,0,0,5,0,0,0,0,0,0,0,0
jq-pgclient-sqlite,3,jq pgclient sqlite,ACCEPT,0,0,0,7,0,0,0,0,0,0,0,0
jq-pgclient-tcpdump,3,jq pgclient tcpdump,ACCEPT,0,0,0,5,0,0,0,0,0,0,0,0
jq-pgclient-tmux,3,jq pgclient tmux,ACCEPT,0,0,0,5,0,0,0,0,0,0,0,0
jq-pgclient-vim,3,jq pgclient vim,ACCEPT,0,0,0,7,0,0,0,0,0,0,0,0
jq-pgclient-webserver,3,jq pgclient webserver,ACCEPT,0,0,0,5,0,0,0,0,0,0,0,0
jq-pgclient-wget,3,jq pgclient wget,ACCEPT,0,0,0,5,0,0,0,0,0,0,0,0
jq-pgclient-zstd,3,jq pgclient zstd,ACCEPT,0,0,0,5,0,0,0,0,0,0,0,0
jq-pipdemo,2,jq pipdemo,ACCEPT,0,0,0,0,0,0,0,0,0,0,0,0
jq-pipdemo-postgres,3,jq pipdemo postgres,ACCEPT,0,0,0,7,0,0,0,0,0,0,0,0
jq-pipdemo-pytools,3,jq pipdemo pytools,ACCEPT,0,0,0,19,0,0,0,0,0,0,0,0
jq-pipdemo-pyyaml,3,jq pipdemo pyyaml,ACCEPT,0,0,0,13,0,0,0,0,0,0,0,0
jq-pipdemo-redis,3,jq pipdemo redis,ACCEPT,0,0,0,0,0,0,0,0,0,0,0,0
jq-pipdemo-rsync,3,jq pipdemo rsync,ACCEPT,0,0,0,0,0,0,0,0,0,0,0,0
jq-pipdemo-rust,3,jq pipdemo rust,ACCEPT,0,0,0,0,0,0,0,0,0,0,0,0
jq-pipdemo-socat,3,jq pipdemo socat,ACCEPT,0,0,0,0,0,0,0,0,0,0,0,0
jq-pipdemo-sqlite,3,jq pipdemo sqlite,ACCEPT,0,0,0,3,0,0,0,0,0,0,0,0
jq-pipdemo-tcpdump,3,jq pipdemo tcpdump,ACCEPT,0,0,0,0,0,0,0,0,0,0,0,0
jq-pipdemo-tmux,3,jq pipdemo tmux,ACCEPT,0,0,0,0,0,0,0,0,0,0,0,0
jq-pipdemo-vim,3,jq pipdemo vim,ACCEPT,0,0,0,8,0,0,0,0,0,0,0,0
jq-pipdemo-webserver,3,jq pipdemo webserver,ACCEPT,0,0,0,1,0,0,0,0,0,0,0,0
jq-pipdemo-wget,3,jq pipdemo wget,ACCEPT,0,0,0,0,0,0,0,0,0,0,0,0
jq-pipdemo-zstd,3,jq pipdemo zstd,ACCEPT,0,0,0,0,0,0,0,0,0,0,0,0
jq-postgres,2,jq postgres,ACCEPT,0,0,0,5,0,0,0,0,0,0,0,0
jq-postgres-pytools,3,jq postgres pytools,ACCEPT,0,0,0,7,0,0,0,0,0,0,0,0
jq-postgres-pyyaml,3,jq postgres pyyaml,ACCEPT,0,0,0,7,0,0,0,0,0,0,0,0
jq-postgres-redis,3,jq postgres redis,ACCEPT,0,0,0,5,0,0,0,0,0,0,0,0
jq-postgres-rsync,3,jq postgres rsync,ACCEPT,0,0,0,5,0,0,0,0,0,0,0,0
jq-postgres-rust,3,jq postgres rust,ACCEPT,0,0,0,8,0,0,0,0,0,0,0,0
jq-postgres-socat,3,jq postgres socat,ACCEPT,0,0,0,5,0,0,0,0,0,0,0,0
jq-postgres-sqlite,3,jq postgres sqlite,ACCEPT,0,0,0,7,0,0,0,0,0,0,0,0
jq-postgres-tcpdump,3,jq postgres tcpdump,ACCEPT,0,0,0,5,0,0,0,0,0,0,0,0
jq-postgres-tmux,3,jq postgres tmux,ACCEPT,0,0,0,5,0,0,0,0,0,0,0,0
jq-postgres-vim,3,jq postgres vim,ACCEPT,0,0,0,7,0,0,0,0,0,0,0,0
jq-postgres-webserver,3,jq postgres webserver,ACCEPT,0,0,0,11,0,0,0,0,0,0,0,0
jq-postgres-wget,3,jq postgres wget,ACCEPT,0,0,0,5,0,0,0,0,0,0,0,0
jq-postgres-zstd,3,jq postgres zstd,ACCEPT,0,0,0,5,0,0,0,0,0,0,0,0
jq-pytools,2,jq pytools,ACCEPT,0,0,0,0,0,0,0,0,0,0,0,0
jq-pytools-pyyaml,3,jq pytools pyyaml,ACCEPT,0,0,0,13,0,0,0,0,0,0,0,0
jq-pytools-redis,3,jq pytools redis,ACCEPT,0,0,0,0,0,0,0,0,0,0,0,0
jq-pytools-rsync,3,jq pytools rsync,ACCEPT,0,0,0,0,0,0,0,0,0,0,0,0
jq-pytools-rust,3,jq pytools rust,ACCEPT,0,0,0,1,0,0,0,0,0,0,0,0
jq-pytools-socat,3,jq pytools socat,ACCEPT,0,0,0,0,0,0,0,0,0,0,0,0
jq-pytools-sqlite,3,jq pytools sqlite,ACCEPT,0,0,0,3,0,0,0,0,0,0,0,0
jq-pytools-tcpdump,3,jq pytools tcpdump,ACCEPT,0,0,0,0,0,0,0,0,0,0,0,0
jq-pytools-tmux,3,jq pytools tmux,ACCEPT,0,0,0,0,0,0,0,0,0,0,0,0
jq-pytools-vim,3,jq pytools vim,ACCEPT,0,0,0,8,0,0,0,0,0,0,0,0
jq-pytools-webserver,3,jq pytools webserver,ACCEPT,0,0,0,1,0,0,0,0,0,0,0,0
jq-pytools-wget,3,jq pytools wget,ACCEPT,0,0,0,0,0,0,0,0,0,0,0,0
jq-pytools-zstd,3,jq pytools zstd,ACCEPT,0,0,0,0,0,0,0,0,0,0,0,0
jq-pyyaml,2,jq pyyaml,ACCEPT,0,0,0,0,0,0,0,0,0,0,0,0
jq-pyyaml-redis,3,jq pyyaml redis,ACCEPT,0,0,0,0,0,0,0,0,0,0,0,0
jq-pyyaml-rsync,3,jq pyyaml rsync,ACCEPT,0,0,0,0,0,0,0,0,0,0,0,0
jq-pyyaml-rust,3,jq pyyaml rust,ACCEPT,0,0,0,0,0,0,0,0,0,0,0,0
jq-pyyaml-socat,3,jq pyyaml socat,ACCEPT,0,0,0,0,0,0,0,0,0,0,0,0
jq-pyyaml-sqlite,3,jq pyyaml sqlite,ACCEPT,0,0,0,3,0,0,0,0,0,0,0,0
jq-pyyaml-tcpdump,3,jq pyyaml tcpdump,ACCEPT,0,0,0,0,0,0,0,0,0,0,0,0
jq-pyyaml-tmux,3,jq pyyaml tmux,ACCEPT,0,0,0,0,0,0,0,0,0,0,0,0
jq-pyyaml-vim,3,jq pyyaml vim,ACCEPT,0,0,0,8,0,0,0,0,0,0,0,0
jq-pyyaml-webserver,3,jq pyyaml webserver,ACCEPT,0,0,0,1,0,0,0,0,0,0,0,0
jq-pyyaml-wget,3,jq pyyaml wget,ACCEPT,0,0,0,0,0,0,0,0,0,0,0,0
jq-pyyaml-zstd,3,jq pyyaml zstd,ACCEPT,0,0,0,0,0,0,0,0,0,0,0,0
jq-redis,2,jq redis,ACCEPT,0,0,0,0,0,0,0,0,0,0,0,0
jq-redis-rsync,3,jq redis rsync,ACCEPT,0,0,0,0,0,0,0,0,0,0,0,0
jq-redis-rust,3,jq redis rust,ACCEPT,0,0,0,1,0,0,0,0,0,0,0,0
jq-redis-socat,3,jq redis socat,ACCEPT,0,0,0,0,0,0,0,0,0,0,0,0
jq-redis-sqlite,3,jq redis sqlite,ACCEPT,0,0,0,0,0,0,0,0,0,0,0,0
jq-redis-tcpdump,3,jq redis tcpdump,ACCEPT,0,0,0,0,0,0,0,0,0,0,0,0
jq-redis-tmux,3,jq redis tmux,ACCEPT,0,0,0,0,0,0,0,0,0,0,0,0
jq-redis-vim,3,jq redis vim,ACCEPT,0,0,0,0,0,0,0,0,0,0,0,0
jq-redis-webserver,3,jq redis webserver,ACCEPT,0,0,0,0,0,0,0,0,0,0,0,0
jq-redis-wget,3,jq redis wget,ACCEPT,0,0,0,0,0,0,0,0,0,0,0,0
jq-redis-zstd,3,jq redis zstd,ACCEPT,0,0,0,0,0,0,0,0,0,0,0,0
jq-rsync,2,jq rsync,ACCEPT,0,0,0,0,0,0,0,0,0,0,0,0
jq-rsync-rust,3,jq rsync rust,ACCEPT,0,0,0,0,0,0,0,0,0,0,0,0
jq-rsync-socat,3,jq rsync socat,ACCEPT,0,0,0,0,0,0,0,0,0,0,0,0
jq-rsync-sqlite,3,jq rsync sqlite,ACCEPT,0,0,0,0,0,0,0,0,0,0,0,0
jq-rsync-tcpdump,3,jq rsync tcpdump,ACCEPT,0,0,0,0,0,0,0,0,0,0,0,0
jq-rsync-tmux,3,jq rsync tmux,ACCEPT,0,0,0,0,0,0,0,0,0,0,0,0
jq-rsync-vim,3,jq rsync vim,ACCEPT,0,0,0,0,0,0,0,0,0,0,0,0
jq-rsync-webserver,3,jq rsync webserver,ACCEPT,0,0,0,0,0,0,0,0,0,0,0,0
jq-rsync-wget,3,jq rsync wget,ACCEPT,0,0,0,0,0,0,0,0,0,0,0,0
jq-rsync-zstd,3,jq rsync zstd,ACCEPT,0,0,0,0,0,0,0,0,0,0,0,0
jq-rust,2,jq rust,ACCEPT,0,0,0,0,0,0,0,0,0,0,0,0
jq-rust-socat,3,jq rust socat,ACCEPT,0,0,0,0,0,0,0,0,0,0,0,0
jq-rust-sqlite,3,jq rust sqlite,ACCEPT,0,0,0,0,0,0,0,0,0,0,0,0
jq-rust-tcpdump,3,jq rust tcpdump,ACCEPT,0,0,0,0,0,0,0,0,0,0,0,0
jq-rust-tmux,3,jq rust tmux,ACCEPT,0,0,0,0,0,0,0,0,0,0,0,0
jq-rust-vim,3,jq rust vim,ACCEPT,0,0,0,0,0,0,0,0,0,0,0,0
jq-rust-webserver,3,jq rust webserver,ACCEPT,0,0,0,1,0,0,0,0,0,0,0,0
jq-rust-wget,3,jq rust wget,ACCEPT,0,0,0,1,0,0,0,0,0,0,0,0
jq-rust-zstd,3,jq rust zstd,ACCEPT,0,0,0,0,0,0,0,0,0,0,0,0
jq-socat,2,jq socat,ACCEPT,0,0,0,0,0,0,0,0,0,0,0,0
jq-socat-sqlite,3,jq socat sqlite,ACCEPT,0,0,0,0,0,0,0,0,0,0,0,0
jq-socat-tcpdump,3,jq socat tcpdump,ACCEPT,0,0,0,0,0,0,0,0,0,0,0,0
jq-socat-tmux,3,jq socat tmux,ACCEPT,0,0,0,0,0,0,0,0,0,0,0,0
jq-socat-vim,3,jq socat vim,ACCEPT,0,0,0,0,0,0,0,0,0,0,0,0
jq-socat-webserver,3,jq socat webserver,ACCEPT,0,0,0,0,0,0,0,0,0,0,0,0
jq-socat-wget,3,jq socat wget,ACCEPT,0,0,0,0,0,0,0,0,0,0,0,0
jq-socat-zstd,3,jq socat zstd,ACCEPT,0,0,0,0,0,0,0,0,0,0,0,0
jq-sqlite,2,jq sqlite,ACCEPT,0,0,0,0,0,0,0,0,0,0,0,0
jq-sqlite-tcpdump,3,jq sqlite tcpdump,ACCEPT,0,0,0,0,0,0,0,0,0,0,0,0
jq-sqlite-tmux,3,jq sqlite tmux,ACCEPT,0,0,0,0,0,0,0,0,0,0,0,0
jq-sqlite-vim,3,jq sqlite vim,ACCEPT,0,0,0,3,0,0,0,0,0,0,0,0
jq-sqlite-webserver,3,jq sqlite webserver,ACCEPT,0,0,0,0,0,0,0,0,0,0,0,0
jq-sqlite-wget,3,jq sqlite wget,ACCEPT,0,0,0,0,0,0,0,0,0,0,0,0
jq-sqlite-zstd,3,jq sqlite zstd,ACCEPT,0,0,0,0,0,0,0,0,0,0,0,0
jq-tcpdump,2,jq tcpdump,ACCEPT,0,0,0,0,0,0,0,0,0,0,0,0
jq-tcpdump-tmux,3,jq tcpdump tmux,ACCEPT,0,0,0,0,0,0,0,0,0,0,0,0
jq-tcpdump-vim,3,jq tcpdump vim,ACCEPT,0,0,0,0,0,0,0,0,0,0,0,0
jq-tcpdump-webserver,3,jq tcpdump webserver,ACCEPT,0,0,0,0,0,0,0,0,0,0,0,0
jq-tcpdump-wget,3,jq tcpdump wget,ACCEPT,0,0,0,0,0,0,0,0,0,0,0,0
jq-tcpdump-zstd,3,jq tcpdump zstd,ACCEPT,0,0,0,0,0,0,0,0,0,0,0,0
jq-tmux,2,jq tmux,ACCEPT,0,0,0,0,0,0,0,0,0,0,0,0
jq-tmux-vim,3,jq tmux vim,ACCEPT,0,0,0,0,0,0,0,0,0,0,0,0
jq-tmux-webserver,3,jq tmux webserver,ACCEPT,0,0,0,0,0,0,0,0,0,0,0,0
jq-tmux-wget,3,jq tmux wget,ACCEPT,0,0,0,0,0,0,0,0,0,0,0,0
jq-tmux-zstd,3,jq tmux zstd,ACCEPT,0,0,0,0,0,0,0,0,0,0,0,0
jq-vim,2,jq vim,ACCEPT,0,0,0,0,0,0,0,0,0,0,0,0
jq-vim-webserver,3,jq vim webserver,ACCEPT,0,0,0,1,0,0,0,0,0,0,0,0
jq-vim-wget,3,jq vim wget,ACCEPT,0,0,0,0,0,0,0,0,0,0,0,0
jq-vim-zstd,3,jq vim zstd,ACCEPT,0,0,0,0,0,0,0,0,0,0,0,0
jq-webserver,2,jq webserver,ACCEPT,0,0,0,0,0,0,0,0,0,0,0,0
jq-webserver-wget,3,jq webserver wget,ACCEPT,0,0,0,0,0,0,0,0,0,0,0,0
jq-webserver-zstd,3,jq webserver zstd,ACCEPT,0,0,0,0,0,0,0,0,0,0,0,0
jq-wget,2,jq wget,ACCEPT,0,0,0,0,0,0,0,0,0,0,0,0
jq-wget-zstd,3,jq wget zstd,ACCEPT,0,0,0,0,0,0,0,0,0,0,0,0
jq-zstd,2,jq zstd,ACCEPT,0,0,0,0,0,0,0,0,0,0,0,0
llvm-memcached,2,llvm memcached,ACCEPT,0,0,0,0,0,0,0,0,0,0,0,0
llvm-memcached-mta-msmtp,3,llvm memcached mta-msmtp,ACCEPT,0,0,0,0,0,0,0,0,0,0,0,0
llvm-memcached-mta-nullmailer,3,llvm memcached mta-nullmailer,ACCEPT,0,0,0,0,0,0,0,0,0,0,0,0
llvm-memcached-mysql,3,llvm memcached mysql,ACCEPT,0,0,0,8,0,0,0,0,0,0,0,0
llvm-memcached-nc-openbsd,3,llvm memcached nc-openbsd,ACCEPT,0,0,0,2,0,0,0,0,0,0,0,0
llvm-memcached-nc-traditional,3,llvm memcached nc-traditional,ACCEPT,0,0,0,0,0,0,0,0,0,0,0,0
llvm-memcached-nvidia-driver-535,3,llvm memcached nvidia-driver-535,ACCEPT,0,0,0,6,0,0,0,0,0,0,0,0
llvm-memcached-original-awk,3,llvm memcached original-awk,ACCEPT,0,0,0,0,0,0,0,0,0,0,0,0
llvm-memcached-pgclient,3,llvm memcached pgclient,ACCEPT,0,0,0,7,0,0,0,0,0,0,0,0
llvm-memcached-pipdemo,3,llvm memcached pipdemo,ACCEPT,0,0,0,0,0,0,0,0,0,0,0,0
llvm-memcached-postgres,3,llvm memcached postgres,ACCEPT,0,0,0,13,0,0,0,0,0,0,0,0
llvm-memcached-pytools,3,llvm memcached pytools,ACCEPT,0,0,0,1,0,0,0,0,0,0,0,0
llvm-memcached-pyyaml,3,llvm memcached pyyaml,ACCEPT,0,0,0,0,0,0,0,0,0,0,0,0
llvm-memcached-redis,3,llvm memcached redis,ACCEPT,0,0,0,1,0,0,0,0,0,0,0,0
llvm-memcached-rsync,3,llvm memcached rsync,ACCEPT,0,0,0,0,0,0,0,0,0,0,0,0
llvm-memcached-rust,3,llvm memcached rust,ACCEPT,0,0,0,25,0,0,0,0,0,0,0,0
llvm-memcached-socat,3,llvm memcached socat,ACCEPT,0,0,0,0,0,0,0,0,0,0,0,0
llvm-memcached-sqlite,3,llvm memcached sqlite,ACCEPT,0,0,0,0,0,0,0,0,0,0,0,0
llvm-memcached-tcpdump,3,llvm memcached tcpdump,ACCEPT,0,0,0,0,0,0,0,0,0,0,0,0
llvm-memcached-tmux,3,llvm memcached tmux,ACCEPT,0,0,0,0,0,0,0,0,0,0,0,0
llvm-memcached-vim,3,llvm memcached vim,ACCEPT,0,0,0,0,0,0,0,0,0,0,0,0
llvm-memcached-webserver,3,llvm memcached webserver,ACCEPT,0,0,0,4,0,0,0,0,0,0,0,0
llvm-memcached-wget,3,llvm memcached wget,ACCEPT,0,0,0,0,0,0,0,0,0,0,0,0
llvm-memcached-zstd,3,llvm memcached zstd,ACCEPT,0,0,0,0,0,0,0,0,0,0,0,0
llvm-mta-msmtp,2,llvm mta-msmtp,ACCEPT,0,0,0,0,0,0,0,0,0,0,0,0
llvm-mta-msmtp-mta-nullmailer,3,llvm mta-msmtp mta-nullmailer,REJECT,1,2,0,0,0,2,0,4,0,0,0,0
llvm-mta-msmtp-mysql,3,llvm mta-msmtp mysql,ACCEPT,0,0,0,3,0,0,0,0,0,0,0,0
llvm-mta-msmtp-nc-openbsd,3,llvm mta-msmtp nc-openbsd,ACCEPT,0,0,0,2,0,0,0,0,0,0,0,0
llvm-mta-msmtp-nc-traditional,3,llvm mta-msmtp nc-traditional,ACCEPT,0,0,0,0,0,0,0,0,0,0,0,0
llvm-mta-msmtp-nvidia-driver-535,3,llvm mta-msmtp nvidia-driver-535,ACCEPT,0,0,0,6,0,0,0,0,0,0,0,0
llvm-mta-msmtp-original-awk,3,llvm mta-msmtp original-awk,ACCEPT,0,0,0,0,0,0,0,0,0,0,0,0
llvm-mta-msmtp-pgclient,3,llvm mta-msmtp pgclient,ACCEPT,0,0,0,0,0,0,0,0,0,0,0,0
llvm-mta-msmtp-pipdemo,3,llvm mta-msmtp pipdemo,ACCEPT,0,0,0,0,0,0,0,0,0,0,0,0
llvm-mta-msmtp-postgres,3,llvm mta-msmtp postgres,ACCEPT,0,0,0,7,0,0,0,0,0,0,0,0
llvm-mta-msmtp-pytools,3,llvm mta-msmtp pytools,ACCEPT,0,0,0,1,0,0,0,0,0,0,0,0
llvm-mta-msmtp-pyyaml,3,llvm mta-msmtp pyyaml,ACCEPT,0,0,0,0,0,0,0,0,0,0,0,0
llvm-mta-msmtp-redis,3,llvm mta-msmtp redis,ACCEPT,0,0,0,1,0,0,0,0,0,0,0,0
llvm-mta-msmtp-rsync,3,llvm mta-msmtp rsync,ACCEPT,0,0,0,0,0,0,0,0,0,0,0,0
llvm-mta-msmtp-rust,3,llvm mta-msmtp rust,ACCEPT,0,0,0,23,0,0,0,0,0,0,0,0
llvm-mta-msmtp-socat,3,llvm mta-msmtp socat,ACCEPT,0,0,0,0,0,0,0,0,0,0,0,0
llvm-mta-msmtp-sqlite,3,llvm mta-msmtp sqlite,ACCEPT,0,0,0,0,0,0,0,0,0,0,0,0
llvm-mta-msmtp-tcpdump,3,llvm mta-msmtp tcpdump,ACCEPT,0,0,0,0,0,0,0,0,0,0,0,0
llvm-mta-msmtp-tmux,3,llvm mta-msmtp tmux,ACCEPT,0,0,0,0,0,0,0,0,0,0,0,0
llvm-mta-msmtp-vim,3,llvm mta-msmtp vim,ACCEPT,0,0,0,0,0,0,0,0,0,0,0,0
llvm-mta-msmtp-webserver,3,llvm mta-msmtp webserver,ACCEPT,0,0,0,5,0,0,0,0,0,0,0,0
llvm-mta-msmtp-wget,3,llvm mta-msmtp wget,ACCEPT,0,0,0,0,0,0,0,0,0,0,0,0
llvm-mta-msmtp-zstd,3,llvm mta-msmtp zstd,ACCEPT,0,0,0,0,0,0,0,0,0,0,0,0
llvm-mta-nullmailer,2,llvm mta-nullmailer,ACCEPT,0,0,0,0,0,0,0,0,0,0,0,0
llvm-mta-nullmailer-mysql,3,llvm mta-nullmailer mysql,ACCEPT,0,0,0,3,0,0,0,0,0,0,0,0
llvm-mta-nullmailer-nc-openbsd,3,llvm mta-nullmailer nc-openbsd,ACCEPT,0,0,0,2,0,0,0,0,0,0,0,0
llvm-mta-nullmailer-nc-traditional,3,llvm mta-nullmailer nc-traditional,ACCEPT,0,0,0,0,0,0,0,0,0,0,0,0
llvm-mta-nullmailer-nvidia-driver-535,3,llvm mta-nullmailer nvidia-driver-535,ACCEPT,0,0,0,6,0,0,0,0,0,0,0,0
llvm-mta-nullmailer-original-awk,3,llvm mta-nullmailer original-awk,ACCEPT,0,0,0,0,0,0,0,0,0,0,0,0
llvm-mta-nullmailer-pgclient,3,llvm mta-nullmailer pgclient,ACCEPT,0,0,0,0,0,0,0,0,0,0,0,0
llvm-mta-nullmailer-pipdemo,3,llvm mta-nullmailer pipdemo,ACCEPT,0,0,0,0,0,0,0,0,0,0,0,0
llvm-mta-nullmailer-postgres,3,llvm mta-nullmailer postgres,ACCEPT,0,0,0,6,0,0,0,0,0,0,0,0
llvm-mta-nullmailer-pytools,3,llvm mta-nullmailer pytools,ACCEPT,0,0,0,1,0,0,0,0,0,0,0,0
llvm-mta-nullmailer-pyyaml,3,llvm mta-nullmailer pyyaml,ACCEPT,0,0,0,0,0,0,0,0,0,0,0,0
llvm-mta-nullmailer-redis,3,llvm mta-nullmailer redis,ACCEPT,0,0,0,1,0,0,0,0,0,0,0,0
llvm-mta-nullmailer-rsync,3,llvm mta-nullmailer rsync,ACCEPT,0,0,0,0,0,0,0,0,0,0,0,0
llvm-mta-nullmailer-rust,3,llvm mta-nullmailer rust,ACCEPT,0,0,0,23,0,0,0,0,0,0,0,0
llvm-mta-nullmailer-socat,3,llvm mta-nullmailer socat,ACCEPT,0,0,0,0,0,0,0,0,0,0,0,0
llvm-mta-nullmailer-sqlite,3,llvm mta-nullmailer sqlite,ACCEPT,0,0,0,0,0,0,0,0,0,0,0,0
llvm-mta-nullmailer-tcpdump,3,llvm mta-nullmailer tcpdump,ACCEPT,0,0,0,0,0,0,0,0,0,0,0,0
llvm-mta-nullmailer-tmux,3,llvm mta-nullmailer tmux,ACCEPT,0,0,0,0,0,0,0,0,0,0,0,0
llvm-mta-nullmailer-vim,3,llvm mta-nullmailer vim,ACCEPT,0,0,0,0,0,0,0,0,0,0,0,0
llvm-mta-nullmailer-webserver,3,llvm mta-nullmailer webserver,ACCEPT,0,0,0,4,0,0,0,0,0,0,0,0
llvm-mta-nullmailer-wget,3,llvm mta-nullmailer wget,ACCEPT,0,0,0,0,0,0,0,0,0,0,0,0
llvm-mta-nullmailer-zstd,3,llvm mta-nullmailer zstd,ACCEPT,0,0,0,0,0,0,0,0,0,0,0,0
llvm-mysql,2,llvm mysql,ACCEPT,0,0,0,3,0,0,0,0,0,0,0,0
llvm-mysql-nc-openbsd,3,llvm mysql nc-openbsd,ACCEPT,0,0,0,7,0,0,0,0,0,0,0,0
llvm-mysql-nc-traditional,3,llvm mysql nc-traditional,ACCEPT,0,0,0,3,0,0,0,0,0,0,0,0
llvm-mysql-nvidia-driver-535,3,llvm mysql nvidia-driver-535,ACCEPT,0,0,0,9,0,0,0,0,0,0,0,0
llvm-mysql-original-awk,3,llvm mysql original-awk,ACCEPT,0,0,0,3,0,0,0,0,0,0,0,0
llvm-mysql-pgclient,3,llvm mysql pgclient,ACCEPT,0,0,0,10,0,0,0,0,0,0,0,0
llvm-mysql-pipdemo,3,llvm mysql pipdemo,ACCEPT,0,0,0,5,0,0,0,0,0,0,0,0
llvm-mysql-postgres,3,llvm mysql postgres,ACCEPT,0,0,0,19,0,0,0,0,0,0,0,0
llvm-mysql-pytools,3,llvm mysql pytools,ACCEPT,0,0,0,6,0,0,0,0,0,0,0,0
llvm-mysql-pyyaml,3,llvm mysql pyyaml,ACCEPT,0,0,0,5,0,0,0,0,0,0,0,0
llvm-mysql-redis,3,llvm mysql redis,ACCEPT,0,0,0,4,0,0,0,0,0,0,0,0
llvm-mysql-rsync,3,llvm mysql rsync,ACCEPT,0,0,0,5,0,0,0,0,0,0,0,0
llvm-mysql-rust,3,llvm mysql rust,ACCEPT,0,0,0,27,0,0,0,0,0,0,0,0
llvm-mysql-socat,3,llvm mysql socat,ACCEPT,0,0,0,5,0,0,0,0,0,0,0,0
llvm-mysql-sqlite,3,llvm mysql sqlite,ACCEPT,0,0,0,5,0,0,0,0,0,0,0,0
llvm-mysql-tcpdump,3,llvm mysql tcpdump,ACCEPT,0,0,0,3,0,0,0,0,0,0,0,0
llvm-mysql-tmux,3,llvm mysql tmux,ACCEPT,0,0,0,3,0,0,0,0,0,0,0,0
llvm-mysql-vim,3,llvm mysql vim,ACCEPT,0,0,0,5,0,0,0,0,0,0,0,0
llvm-mysql-webserver,3,llvm mysql webserver,ACCEPT,0,0,0,15,0,0,0,0,0,0,0,0
llvm-mysql-wget,3,llvm mysql wget,ACCEPT,0,0,0,3,0,0,0,0,0,0,0,0
llvm-mysql-zstd,3,llvm mysql zstd,ACCEPT,0,0,0,3,0,0,0,0,0,0,0,0
llvm-nc-openbsd,2,llvm nc-openbsd,ACCEPT,0,0,0,2,0,0,0,0,0,0,0,0
llvm-nc-openbsd-nc-traditional,3,llvm nc-openbsd nc-traditional,ACCEPT,0,0,0,2,0,0,0,0,0,0,0,0
llvm-nc-openbsd-nvidia-driver-535,3,llvm nc-openbsd nvidia-driver-535,ACCEPT,0,0,0,8,0,0,0,0,0,0,0,0
llvm-nc-openbsd-original-awk,3,llvm nc-openbsd original-awk,ACCEPT,0,0,0,2,0,0,0,0,0,0,0,0
llvm-nc-openbsd-pgclient,3,llvm nc-openbsd pgclient,ACCEPT,0,0,0,2,0,0,0,0,0,0,0,0
llvm-nc-openbsd-pipdemo,3,llvm nc-openbsd pipdemo,ACCEPT,0,0,0,2,0,0,0,0,0,0,0,0
llvm-nc-openbsd-postgres,3,llvm nc-openbsd postgres,ACCEPT,0,0,0,10,0,0,0,0,0,0,0,0
llvm-nc-openbsd-pytools,3,llvm nc-openbsd pytools,ACCEPT,0,0,0,3,0,0,0,0,0,0,0,0
llvm-nc-openbsd-pyyaml,3,llvm nc-openbsd pyyaml,ACCEPT,0,0,0,2,0,0,0,0,0,0,0,0
llvm-nc-openbsd-redis,3,llvm nc-openbsd redis,ACCEPT,0,0,0,3,0,0,0,0,0,0,0,0
llvm-nc-openbsd-rsync,3,llvm nc-openbsd rsync,ACCEPT,0,0,0,2,0,0,0,0,0,0,0,0
llvm-nc-openbsd-rust,3,llvm nc-openbsd rust,ACCEPT,0,0,0,25,0,0,0,0,0,0,0,0
llvm-nc-openbsd-socat,3,llvm nc-openbsd socat,ACCEPT,0,0,0,2,0,0,0,0,0,0,0,0
llvm-nc-openbsd-sqlite,3,llvm nc-openbsd sqlite,ACCEPT,0,0,0,2,0,0,0,0,0,0,0,0
llvm-nc-openbsd-tcpdump,3,llvm nc-openbsd tcpdump,ACCEPT,0,0,0,2,0,0,0,0,0,0,0,0
llvm-nc-openbsd-tmux,3,llvm nc-openbsd tmux,ACCEPT,0,0,0,2,0,0,0,0,0,0,0,0
llvm-nc-openbsd-vim,3,llvm nc-openbsd vim,ACCEPT,0,0,0,2,0,0,0,0,0,0,0,0
llvm-nc-openbsd-webserver,3,llvm nc-openbsd webserver,ACCEPT,0,0,0,8,0,0,0,0,0,0,0,0
llvm-nc-openbsd-wget,3,llvm nc-openbsd wget,ACCEPT,0,0,0,2,0,0,0,0,0,0,0,0
llvm-nc-openbsd-zstd,3,llvm nc-openbsd zstd,ACCEPT,0,0,0,2,0,0,0,0,0,0,0,0
llvm-nc-traditional,2,llvm nc-traditional,ACCEPT,0,0,0,0,0,0,0,0,0,0,0,0
llvm-nc-traditional-nvidia-driver-535,3,llvm nc-traditional nvidia-driver-535,ACCEPT,0,0,0,6,0,0,0,0,0,0,0,0
llvm-nc-traditional-original-awk,3,llvm nc-traditional original-awk,ACCEPT,0,0,0,0,0,0,0,0,0,0,0,0
llvm-nc-traditional-pgclient,3,llvm nc-traditional pgclient,ACCEPT,0,0,0,0,0,0,0,0,0,0,0,0
llvm-nc-traditional-pipdemo,3,llvm nc-traditional pipdemo,ACCEPT,0,0,0,0,0,0,0,0,0,0,0,0
llvm-nc-traditional-postgres,3,llvm nc-traditional postgres,ACCEPT,0,0,0,6,0,0,0,0,0,0,0,0
llvm-nc-traditional-pytools,3,llvm nc-traditional pytools,ACCEPT,0,0,0,1,0,0,0,0,0,0,0,0
llvm-nc-traditional-pyyaml,3,llvm nc-traditional pyyaml,ACCEPT,0,0,0,0,0,0,0,0,0,0,0,0
llvm-nc-traditional-redis,3,llvm nc-traditional redis,ACCEPT,0,0,0,1,0,0,0,0,0,0,0,0
llvm-nc-traditional-rsync,3,llvm nc-traditional rsync,ACCEPT,0,0,0,0,0,0,0,0,0,0,0,0
llvm-nc-traditional-rust,3,llvm nc-traditional rust,ACCEPT,0,0,0,23,0,0,0,0,0,0,0,0
llvm-nc-traditional-socat,3,llvm nc-traditional socat,ACCEPT,0,0,0,0,0,0,0,0,0,0,0,0
llvm-nc-traditional-sqlite,3,llvm nc-traditional sqlite,ACCEPT,0,0,0,0,0,0,0,0,0,0,0,0
llvm-nc-traditional-tcpdump,3,llvm nc-traditional tcpdump,ACCEPT,0,0,0,0,0,0,0,0,0,0,0,0
llvm-nc-traditional-tmux,3,llvm nc-traditional tmux,ACCEPT,0,0,0,0,0,0,0,0,0,0,0,0
llvm-nc-traditional-vim,3,llvm nc-traditional vim,ACCEPT,0,0,0,0,0,0,0,0,0,0,0,0
llvm-nc-traditional-webserver,3,llvm nc-traditional webserver,ACCEPT,0,0,0,4,0,0,0,0,0,0,0,0
llvm-nc-traditional-wget,3,llvm nc-traditional wget,ACCEPT,0,0,0,0,0,0,0,0,0,0,0,0
llvm-nc-traditional-zstd,3,llvm nc-traditional zstd,ACCEPT,0,0,0,0,0,0,0,0,0,0,0,0
llvm-nvidia-driver-535,2,llvm nvidia-driver-535,ACCEPT,0,0,0,6,0,0,0,0,0,0,0,0
llvm-nvidia-driver-535-original-awk,3,llvm nvidia-driver-535 original-awk,ACCEPT,0,0,0,6,0,0,0,0,0,0,0,0
llvm-nvidia-driver-535-pgclient,3,llvm nvidia-driver-535 pgclient,ACCEPT,0,0,0,6,0,0,0,0,0,0,0,0
llvm-nvidia-driver-535-pipdemo,3,llvm nvidia-driver-535 pipdemo,ACCEPT,0,0,0,6,0,0,0,0,0,0,0,0
llvm-nvidia-driver-535-postgres,3,llvm nvidia-driver-535 postgres,ACCEPT,0,0,0,12,0,0,0,0,0,0,0,0
llvm-nvidia-driver-535-pytools,3,llvm nvidia-driver-535 pytools,ACCEPT,0,0,0,7,0,0,0,0,0,0,0,0
llvm-nvidia-driver-535-pyyaml,3,llvm nvidia-driver-535 pyyaml,ACCEPT,0,0,0,6,0,0,0,0,0,0,0,0
llvm-nvidia-driver-535-redis,3,llvm nvidia-driver-535 redis,ACCEPT,0,0,0,7,0,0,0,0,0,0,0,0
llvm-nvidia-driver-535-rsync,3,llvm nvidia-driver-535 rsync,ACCEPT,0,0,0,6,0,0,0,0,0,0,0,0
llvm-nvidia-driver-535-rust,3,llvm nvidia-driver-535 rust,ACCEPT,0,0,0,35,0,0,0,0,0,0,0,0
llvm-nvidia-driver-535-socat,3,llvm nvidia-driver-535 socat,ACCEPT,0,0,0,6,0,0,0,0,0,0,0,0
llvm-nvidia-driver-535-sqlite,3,llvm nvidia-driver-535 sqlite,ACCEPT,0,0,0,6,0,0,0,0,0,0,0,0
llvm-nvidia-driver-535-tcpdump,3,llvm nvidia-driver-535 tcpdump,ACCEPT,0,0,0,6,0,0,0,0,0,0,0,0
llvm-nvidia-driver-535-tmux,3,llvm nvidia-driver-535 tmux,ACCEPT,0,0,0,6,0,0,0,0,0,0,0,0
llvm-nvidia-driver-535-vim,3,llvm nvidia-driver-535 vim,ACCEPT,0,0,0,6,0,0,0,0,0,0,0,0
llvm-nvidia-driver-535-webserver,3,llvm nvidia-driver-535 webserver,ACCEPT,0,0,0,10,0,0,0,0,0,0,0,0
llvm-nvidia-driver-535-wget,3,llvm nvidia-driver-535 wget,ACCEPT,0,0,0,6,0,0,0,0,0,0,0,0
llvm-nvidia-driver-535-zstd,3,llvm nvidia-driver-535 zstd,ACCEPT,0,0,0,6,0,0,0,0,0,0,0,0
llvm-original-awk,2,llvm original-awk,ACCEPT,0,0,0,0,0,0,0,0,0,0,0,0
llvm-original-awk-pgclient,3,llvm original-awk pgclient,ACCEPT,0,0,0,0,0,0,0,0,0,0,0,0
llvm-original-awk-pipdemo,3,llvm original-awk pipdemo,ACCEPT,0,0,0,0,0,0,0,0,0,0,0,0
llvm-original-awk-postgres,3,llvm original-awk postgres,ACCEPT,0,0,0,6,0,0,0,0,0,0,0,0
llvm-original-awk-pytools,3,llvm original-awk pytools,ACCEPT,0,0,0,1,0,0,0,0,0,0,0,0
llvm-original-awk-pyyaml,3,llvm original-awk pyyaml,ACCEPT,0,0,0,0,0,0,0,0,0,0,0,0
llvm-original-awk-redis,3,llvm original-awk redis,ACCEPT,0,0,0,1,0,0,0,0,0,0,0,0
llvm-original-awk-rsync,3,llvm original-awk rsync,ACCEPT,0,0,0,0,0,0,0,0,0,0,0,0
llvm-original-awk-rust,3,llvm original-awk rust,ACCEPT,0,0,0,23,0,0,0,0,0,0,0,0
llvm-original-awk-socat,3,llvm original-awk socat,ACCEPT,0,0,0,0,0,0,0,0,0,0,0,0
llvm-original-awk-sqlite,3,llvm original-awk sqlite,ACCEPT,0,0,0,0,0,0,0,0,0,0,0,0
llvm-original-awk-tcpdump,3,llvm original-awk tcpdump,ACCEPT,0,0,0,0,0,0,0,0,0,0,0,0
llvm-original-awk-tmux,3,llvm original-awk tmux,ACCEPT,0,0,0,0,0,0,0,0,0,0,0,0
llvm-original-awk-vim,3,llvm original-awk vim,ACCEPT,0,0,0,0,0,0,0,0,0,0,0,0
llvm-original-awk-webserver,3,llvm original-awk webserver,ACCEPT,0,0,0,4,0,0,0,0,0,0,0,0
llvm-original-awk-wget,3,llvm original-awk wget,ACCEPT,0,0,0,0,0,0,0,0,0,0,0,0
llvm-original-awk-zstd,3,llvm original-awk zstd,ACCEPT,0,0,0,0,0,0,0,0,0,0,0,0
llvm-pgclient,2,llvm pgclient,ACCEPT,0,0,0,0,0,0,0,0,0,0,0,0
llvm-pgclient-pipdemo,3,llvm pgclient pipdemo,ACCEPT,0,0,0,2,0,0,0,0,0,0,0,0
llvm-pgclient-postgres,3,llvm pgclient postgres,ACCEPT,0,0,0,20,0,0,0,0,0,0,0,0
llvm-pgclient-pytools,3,llvm pgclient pytools,ACCEPT,0,0,0,3,0,0,0,0,0,0,0,0
llvm-pgclient-pyyaml,3,llvm pgclient pyyaml,ACCEPT,0,0,0,2,0,0,0,0,0,0,0,0
llvm-pgclient-redis,3,llvm pgclient redis,ACCEPT,0,0,0,1,0,0,0,0,0,0,0,0
llvm-pgclient-rsync,3,llvm pgclient rsync,ACCEPT,0,0,0,0,0,0,0,0,0,0,0,0
llvm-pgclient-rust,3,llvm pgclient rust,ACCEPT,0,0,0,26,0,0,0,0,0,0,0,0
llvm-pgclient-socat,3,llvm pgclient socat,ACCEPT,0,0,0,0,0,0,0,0,0,0,0,0
llvm-pgclient-sqlite,3,llvm pgclient sqlite,ACCEPT,0,0,0,2,0,0,0,0,0,0,0,0
llvm-pgclient-tcpdump,3,llvm pgclient tcpdump,ACCEPT,0,0,0,0,0,0,0,0,0,0,0,0
llvm-pgclient-tmux,3,llvm pgclient tmux,ACCEPT,0,0,0,0,0,0,0,0,0,0,0,0
llvm-pgclient-vim,3,llvm pgclient vim,ACCEPT,0,0,0,2,0,0,0,0,0,0,0,0
llvm-pgclient-webserver,3,llvm pgclient webserver,ACCEPT,0,0,0,4,0,0,0,0,0,0,0,0
llvm-pgclient-wget,3,llvm pgclient wget,ACCEPT,0,0,0,0,0,0,0,0,0,0,0,0
llvm-pgclient-zstd,3,llvm pgclient zstd,ACCEPT,0,0,0,0,0,0,0,0,0,0,0,0
llvm-pipdemo,2,llvm pipdemo,ACCEPT,0,0,0,0,0,0,0,0,0,0,0,0
llvm-pipdemo-postgres,3,llvm pipdemo postgres,ACCEPT,0,0,0,8,0,0,0,0,0,0,0,0
llvm-pipdemo-pytools,3,llvm pipdemo pytools,ACCEPT,0,0,0,20,0,0,0,0,0,0,0,0
llvm-pipdemo-pyyaml,3,llvm pipdemo pyyaml,ACCEPT,0,0,0,13,0,0,0,0,0,0,0,0
llvm-pipdemo-redis,3,llvm pipdemo redis,ACCEPT,0,0,0,1,0,0,0,0,0,0,0,0
llvm-pipdemo-rsync,3,llvm pipdemo rsync,ACCEPT,0,0,0,0,0,0,0,0,0,0,0,0
llvm-pipdemo-rust,3,llvm pipdemo rust,ACCEPT,0,0,0,23,0,0,0,0,0,0,0,0
llvm-pipdemo-socat,3,llvm pipdemo socat,ACCEPT,0,0,0,0,0,0,0,0,0,0,0,0
llvm-pipdemo-sqlite,3,llvm pipdemo sqlite,ACCEPT,0,0,0,3,0,0,0,0,0,0,0,0
llvm-pipdemo-tcpdump,3,llvm pipdemo tcpdump,ACCEPT,0,0,0,0,0,0,0,0,0,0,0,0
llvm-pipdemo-tmux,3,llvm pipdemo tmux,ACCEPT,0,0,0,0,0,0,0,0,0,0,0,0
llvm-pipdemo-vim,3,llvm pipdemo vim,ACCEPT,0,0,0,8,0,0,0,0,0,0,0,0
llvm-pipdemo-webserver,3,llvm pipdemo webserver,ACCEPT,0,0,0,5,0,0,0,0,0,0,0,0
llvm-pipdemo-wget,3,llvm pipdemo wget,ACCEPT,0,0,0,0,0,0,0,0,0,0,0,0
llvm-pipdemo-zstd,3,llvm pipdemo zstd,ACCEPT,0,0,0,0,0,0,0,0,0,0,0,0
llvm-postgres,2,llvm postgres,ACCEPT,0,0,0,6,0,0,0,0,0,0,0,0
llvm-postgres-pytools,3,llvm postgres pytools,ACCEPT,0,0,0,9,0,0,0,0,0,0,0,0
llvm-postgres-pyyaml,3,llvm postgres pyyaml,ACCEPT,0,0,0,8,0,0,0,0,0,0,0,0
llvm-postgres-redis,3,llvm postgres redis,ACCEPT,0,0,0,7,0,0,0,0,0,0,0,0
llvm-postgres-rsync,3,llvm postgres rsync,ACCEPT,0,0,0,6,0,0,0,0,0,0,0,0
llvm-postgres-rust,3,llvm postgres rust,ACCEPT,0,0,0,32,0,0,0,0,0,0,0,0
llvm-postgres-socat,3,llvm postgres socat,ACCEPT,0,0,0,6,0,0,0,0,0,0,0,0
llvm-postgres-sqlite,3,llvm postgres sqlite,ACCEPT,0,0,0,8,0,0,0,0,0,0,0,0
llvm-postgres-tcpdump,3,llvm postgres tcpdump,ACCEPT,0,0,0,6,0,0,0,0,0,0,0,0
llvm-postgres-tmux,3,llvm postgres tmux,ACCEPT,0,0,0,6,0,0,0,0,0,0,0,0
llvm-postgres-vim,3,llvm postgres vim,ACCEPT,0,0,0,8,0,0,0,0,0,0,0,0
llvm-postgres-webserver,3,llvm postgres webserver,ACCEPT,0,0,0,16,0,0,0,0,0,0,0,0
llvm-postgres-wget,3,llvm postgres wget,ACCEPT,0,0,0,6,0,0,0,0,0,0,0,0
llvm-postgres-zstd,3,llvm postgres zstd,ACCEPT,0,0,0,6,0,0,0,0,0,0,0,0
llvm-pytools,2,llvm pytools,ACCEPT,0,0,0,1,0,0,0,0,0,0,0,0
llvm-pytools-pyyaml,3,llvm pytools pyyaml,ACCEPT,0,0,0,14,0,0,0,0,0,0,0,0
llvm-pytools-redis,3,llvm pytools redis,ACCEPT,0,0,0,2,0,0,0,0,0,0,0,0
llvm-pytools-rsync,3,llvm pytools rsync,ACCEPT,0,0,0,1,0,0,0,0,0,0,0,0
llvm-pytools-rust,3,llvm pytools rust,ACCEPT,0,0,0,25,0,0,0,0,0,0,0,0
llvm-pytools-socat,3,llvm pytools socat,ACCEPT,0,0,0,1,0,0,0,0,0,0,0,0
llvm-pytools-sqlite,3,llvm pytools sqlite,ACCEPT,0,0,0,4,0,0,0,0,0,0,0,0
llvm-pytools-tcpdump,3,llvm pytools tcpdump,ACCEPT,0,0,0,1,0,0,0,0,0,0,0,0
llvm-pytools-tmux,3,llvm pytools tmux,ACCEPT,0,0,0,1,0,0,0,0,0,0,0,0
llvm-pytools-vim,3,llvm pytools vim,ACCEPT,0,0,0,9,0,0,0,0,0,0,0,0
llvm-pytools-webserver,3,llvm pytools webserver,ACCEPT,0,0,0,6,0,0,0,0,0,0,0,0
llvm-pytools-wget,3,llvm pytools wget,ACCEPT,0,0,0,1,0,0,0,0,0,0,0,0
llvm-pytools-zstd,3,llvm pytools zstd,ACCEPT,0,0,0,1,0,0,0,0,0,0,0,0
llvm-pyyaml,2,llvm pyyaml,ACCEPT,0,0,0,0,0,0,0,0,0,0,0,0
llvm-pyyaml-redis,3,llvm pyyaml redis,ACCEPT,0,0,0,1,0,0,0,0,0,0,0,0
llvm-pyyaml-rsync,3,llvm pyyaml rsync,ACCEPT,0,0,0,0,0,0,0,0,0,0,0,0
llvm-pyyaml-rust,3,llvm pyyaml rust,ACCEPT,0,0,0,23,0,0,0,0,0,0,0,0
llvm-pyyaml-socat,3,llvm pyyaml socat,ACCEPT,0,0,0,0,0,0,0,0,0,0,0,0
llvm-pyyaml-sqlite,3,llvm pyyaml sqlite,ACCEPT,0,0,0,3,0,0,0,0,0,0,0,0
llvm-pyyaml-tcpdump,3,llvm pyyaml tcpdump,ACCEPT,0,0,0,0,0,0,0,0,0,0,0,0
llvm-pyyaml-tmux,3,llvm pyyaml tmux,ACCEPT,0,0,0,0,0,0,0,0,0,0,0,0
llvm-pyyaml-vim,3,llvm pyyaml vim,ACCEPT,0,0,0,8,0,0,0,0,0,0,0,0
llvm-pyyaml-webserver,3,llvm pyyaml webserver,ACCEPT,0,0,0,5,0,0,0,0,0,0,0,0
llvm-pyyaml-wget,3,llvm pyyaml wget,ACCEPT,0,0,0,0,0,0,0,0,0,0,0,0
llvm-pyyaml-zstd,3,llvm pyyaml zstd,ACCEPT,0,0,0,0,0,0,0,0,0,0,0,0
llvm-redis,2,llvm redis,ACCEPT,0,0,0,1,0,0,0,0,0,0,0,0
llvm-redis-rsync,3,llvm redis rsync,ACCEPT,0,0,0,1,0,0,0,0,0,0,0,0
llvm-redis-rust,3,llvm redis rust,ACCEPT,0,0,0,25,0,0,0,0,0,0,0,0
llvm-redis-socat,3,llvm redis socat,ACCEPT,0,0,0,1,0,0,0,0,0,0,0,0
llvm-redis-sqlite,3,llvm redis sqlite,ACCEPT,0,0,0,1,0,0,0,0,0,0,0,0
llvm-redis-tcpdump,3,llvm redis tcpdump,ACCEPT,0,0,0,1,0,0,0,0,0,0,0,0
llvm-redis-tmux,3,llvm redis tmux,ACCEPT,0,0,0,1,0,0,0,0,0,0,0,0
llvm-redis-vim,3,llvm redis vim,ACCEPT,0,0,0,1,0,0,0,0,0,0,0,0
llvm-redis-webserver,3,llvm redis webserver,ACCEPT,0,0,0,5,0,0,0,0,0,0,0,0
llvm-redis-wget,3,llvm redis wget,ACCEPT,0,0,0,1,0,0,0,0,0,0,0,0
llvm-redis-zstd,3,llvm redis zstd,ACCEPT,0,0,0,1,0,0,0,0,0,0,0,0
llvm-rsync,2,llvm rsync,ACCEPT,0,0,0,0,0,0,0,0,0,0,0,0
llvm-rsync-rust,3,llvm rsync rust,ACCEPT,0,0,0,23,0,0,0,0,0,0,0,0
llvm-rsync-socat,3,llvm rsync socat,ACCEPT,0,0,0,0,0,0,0,0,0,0,0,0
llvm-rsync-sqlite,3,llvm rsync sqlite,ACCEPT,0,0,0,0,0,0,0,0,0,0,0,0
llvm-rsync-tcpdump,3,llvm rsync tcpdump,ACCEPT,0,0,0,0,0,0,0,0,0,0,0,0
llvm-rsync-tmux,3,llvm rsync tmux,ACCEPT,0,0,0,0,0,0,0,0,0,0,0,0
llvm-rsync-vim,3,llvm rsync vim,ACCEPT,0,0,0,0,0,0,0,0,0,0,0,0
llvm-rsync-webserver,3,llvm rsync webserver,ACCEPT,0,0,0,4,0,0,0,0,0,0,0,0
llvm-rsync-wget,3,llvm rsync wget,ACCEPT,0,0,0,0,0,0,0,0,0,0,0,0
llvm-rsync-zstd,3,llvm rsync zstd,ACCEPT,0,0,0,0,0,0,0,0,0,0,0,0
llvm-rust,2,llvm rust,ACCEPT,0,0,0,23,0,0,0,0,0,0,0,0
llvm-rust-socat,3,llvm rust socat,ACCEPT,0,0,0,23,0,0,0,0,0,0,0,0
llvm-rust-sqlite,3,llvm rust sqlite,ACCEPT,0,0,0,23,0,0,0,0,0,0,0,0
llvm-rust-tcpdump,3,llvm rust tcpdump,ACCEPT,0,0,0,23,0,0,0,0,0,0,0,0
llvm-rust-tmux,3,llvm rust tmux,ACCEPT,0,0,0,23,0,0,0,0,0,0,0,0
llvm-rust-vim,3,llvm rust vim,ACCEPT,0,0,0,23,0,0,0,0,0,0,0,0
llvm-rust-webserver,3,llvm rust webserver,ACCEPT,0,0,0,28,0,0,0,0,0,0,0,0
llvm-rust-wget,3,llvm rust wget,ACCEPT,0,0,0,24,0,0,0,0,0,0,0,0
llvm-rust-zstd,3,llvm rust zstd,ACCEPT,0,0,0,23,0,0,0,0,0,0,0,0
llvm-socat,2,llvm socat,ACCEPT,0,0,0,0,0,0,0,0,0,0,0,0
llvm-socat-sqlite,3,llvm socat sqlite,ACCEPT,0,0,0,0,0,0,0,0,0,0,0,0
llvm-socat-tcpdump,3,llvm socat tcpdump,ACCEPT,0,0,0,0,0,0,0,0,0,0,0,0
llvm-socat-tmux,3,llvm socat tmux,ACCEPT,0,0,0,0,0,0,0,0,0,0,0,0
llvm-socat-vim,3,llvm socat vim,ACCEPT,0,0,0,0,0,0,0,0,0,0,0,0
llvm-socat-webserver,3,llvm socat webserver,ACCEPT,0,0,0,4,0,0,0,0,0,0,0,0
llvm-socat-wget,3,llvm socat wget,ACCEPT,0,0,0,0,0,0,0,0,0,0,0,0
llvm-socat-zstd,3,llvm socat zstd,ACCEPT,0,0,0,0,0,0,0,0,0,0,0,0
llvm-sqlite,2,llvm sqlite,ACCEPT,0,0,0,0,0,0,0,0,0,0,0,0
llvm-sqlite-tcpdump,3,llvm sqlite tcpdump,ACCEPT,0,0,0,0,0,0,0,0,0,0,0,0
llvm-sqlite-tmux,3,llvm sqlite tmux,ACCEPT,0,0,0,0,0,0,0,0,0,0,0,0
llvm-sqlite-vim,3,llvm sqlite vim,ACCEPT,0,0,0,3,0,0,0,0,0,0,0,0
llvm-sqlite-webserver,3,llvm sqlite webserver,ACCEPT,0,0,0,4,0,0,0,0,0,0,0,0
llvm-sqlite-wget,3,llvm sqlite wget,ACCEPT,0,0,0,0,0,0,0,0,0,0,0,0
llvm-sqlite-zstd,3,llvm sqlite zstd,ACCEPT,0,0,0,0,0,0,0,0,0,0,0,0
llvm-tcpdump,2,llvm tcpdump,ACCEPT,0,0,0,0,0,0,0,0,0,0,0,0
llvm-tcpdump-tmux,3,llvm tcpdump tmux,ACCEPT,0,0,0,0,0,0,0,0,0,0,0,0
llvm-tcpdump-vim,3,llvm tcpdump vim,ACCEPT,0,0,0,0,0,0,0,0,0,0,0,0
llvm-tcpdump-webserver,3,llvm tcpdump webserver,ACCEPT,0,0,0,4,0,0,0,0,0,0,0,0
llvm-tcpdump-wget,3,llvm tcpdump wget,ACCEPT,0,0,0,0,0,0,0,0,0,0,0,0
llvm-tcpdump-zstd,3,llvm tcpdump zstd,ACCEPT,0,0,0,0,0,0,0,0,0,0,0,0
llvm-tmux,2,llvm tmux,ACCEPT,0,0,0,0,0,0,0,0,0,0,0,0
llvm-tmux-vim,3,llvm tmux vim,ACCEPT,0,0,0,0,0,0,0,0,0,0,0,0
llvm-tmux-webserver,3,llvm tmux webserver,ACCEPT,0,0,0,4,0,0,0,0,0,0,0,0
llvm-tmux-wget,3,llvm tmux wget,ACCEPT,0,0,0,0,0,0,0,0,0,0,0,0
llvm-tmux-zstd,3,llvm tmux zstd,ACCEPT,0,0,0,0,0,0,0,0,0,0,0,0
llvm-vim,2,llvm vim,ACCEPT,0,0,0,0,0,0,0,0,0,0,0,0
llvm-vim-webserver,3,llvm vim webserver,ACCEPT,0,0,0,5,0,0,0,0,0,0,0,0
llvm-vim-wget,3,llvm vim wget,ACCEPT,0,0,0,0,0,0,0,0,0,0,0,0
llvm-vim-zstd,3,llvm vim zstd,ACCEPT,0,0,0,0,0,0,0,0,0,0,0,0
llvm-webserver,2,llvm webserver,ACCEPT,0,0,0,4,0,0,0,0,0,0,0,0
llvm-webserver-wget,3,llvm webserver wget,ACCEPT,0,0,0,4,0,0,0,0,0,0,0,0
llvm-webserver-zstd,3,llvm webserver zstd,ACCEPT,0,0,0,4,0,0,0,0,0,0,0,0
llvm-wget,2,llvm wget,ACCEPT,0,0,0,0,0,0,0,0,0,0,0,0
llvm-wget-zstd,3,llvm wget zstd,ACCEPT,0,0,0,0,0,0,0,0,0,0,0,0
llvm-zstd,2,llvm zstd,ACCEPT,0,0,0,0,0,0,0,0,0,0,0,0
memcached-mta-msmtp,2,memcached mta-msmtp,ACCEPT,0,0,0,0,0,0,0,0,0,0,0,0
memcached-mta-msmtp-mta-nullmailer,3,memcached mta-msmtp mta-nullmailer,REJECT,1,2,0,0,0,2,0,4,0,0,0,0
memcached-mta-msmtp-mysql,3,memcached mta-msmtp mysql,ACCEPT,0,0,0,5,0,0,0,0,0,0,0,0
memcached-mta-msmtp-nc-openbsd,3,memcached mta-msmtp nc-openbsd,ACCEPT,0,0,0,0,0,0,0,0,0,0,0,0
memcached-mta-msmtp-nc-traditional,3,memcached mta-msmtp nc-traditional,ACCEPT,0,0,0,0,0,0,0,0,0,0,0,0
memcached-mta-msmtp-nvidia-driver-535,3,memcached mta-msmtp nvidia-driver-535,ACCEPT,0,0,0,0,0,0,0,0,0,0,0,0
memcached-mta-msmtp-original-awk,3,memcached mta-msmtp original-awk,ACCEPT,0,0,0,0,0,0,0,0,0,0,0,0
memcached-mta-msmtp-pgclient,3,memcached mta-msmtp pgclient,ACCEPT,0,0,0,7,0,0,0,0,0,0,0,0
memcached-mta-msmtp-pipdemo,3,memcached mta-msmtp pipdemo,ACCEPT,0,0,0,0,0,0,0,0,0,0,0,0
memcached-mta-msmtp-postgres,3,memcached mta-msmtp postgres,ACCEPT,0,0,0,8,0,0,0,0,0,0,0,0
memcached-mta-msmtp-pytools,3,memcached mta-msmtp pytools,ACCEPT,0,0,0,0,0,0,0,0,0,0,0,0
memcached-mta-msmtp-pyyaml,3,memcached mta-msmtp pyyaml,ACCEPT,0,0,0,0,0,0,0,0,0,0,0,0
memcached-mta-msmtp-redis,3,memcached mta-msmtp redis,ACCEPT,0,0,0,0,0,0,0,0,0,0,0,0
memcached-mta-msmtp-rsync,3,memcached mta-msmtp rsync,ACCEPT,0,0,0,0,0,0,0,0,0,0,0,0
memcached-mta-msmtp-rust,3,memcached mta-msmtp rust,ACCEPT,0,0,0,2,0,0,0,0,0,0,0,0
memcached-mta-msmtp-socat,3,memcached mta-msmtp socat,ACCEPT,0,0,0,0,0,0,0,0,0,0,0,0
memcached-mta-msmtp-sqlite,3,memcached mta-msmtp sqlite,ACCEPT,0,0,0,0,0,0,0,0,0,0,0,0
memcached-mta-msmtp-tcpdump,3,memcached mta-msmtp tcpdump,ACCEPT,0,0,0,0,0,0,0,0,0,0,0,0
memcached-mta-msmtp-tmux,3,memcached mta-msmtp tmux,ACCEPT,0,0,0,0,0,0,0,0,0,0,0,0
memcached-mta-msmtp-vim,3,memcached mta-msmtp vim,ACCEPT,0,0,0,0,0,0,0,0,0,0,0,0
memcached-mta-msmtp-webserver,3,memcached mta-msmtp webserver,ACCEPT,0,0,0,1,0,0,0,0,0,0,0,0
memcached-mta-msmtp-wget,3,memcached mta-msmtp wget,ACCEPT,0,0,0,0,0,0,0,0,0,0,0,0
memcached-mta-msmtp-zstd,3,memcached mta-msmtp zstd,ACCEPT,0,0,0,0,0,0,0,0,0,0,0,0
memcached-mta-nullmailer,2,memcached mta-nullmailer,ACCEPT,0,0,0,0,0,0,0,0,0,0,0,0
memcached-mta-nullmailer-mysql,3,memcached mta-nullmailer mysql,ACCEPT,0,0,0,5,0,0,0,0,0,0,0,0
memcached-mta-nullmailer-nc-openbsd,3,memcached mta-nullmailer nc-openbsd,ACCEPT,0,0,0,0,0,0,0,0,0,0,0,0
memcached-mta-nullmailer-nc-traditional,3,memcached mta-nullmailer nc-traditional,ACCEPT,0,0,0,0,0,0,0,0,0,0,0,0
memcached-mta-nullmailer-nvidia-driver-535,3,memcached mta-nullmailer nvidia-driver-535,ACCEPT,0,0,0,0,0,0,0,0,0,0,0,0
memcached-mta-nullmailer-original-awk,3,memcached mta-nullmailer original-awk,ACCEPT,0,0,0,0,0,0,0,0,0,0,0,0
memcached-mta-nullmailer-pgclient,3,memcached mta-nullmailer pgclient,ACCEPT,0,0,0,7,0,0,0,0,0,0,0,0
memcached-mta-nullmailer-pipdemo,3,memcached mta-nullmailer pipdemo,ACCEPT,0,0,0,0,0,0,0,0,0,0,0,0
memcached-mta-nullmailer-postgres,3,memcached mta-nullmailer postgres,ACCEPT,0,0,0,7,0,0,0,0,0,0,0,0
memcached-mta-nullmailer-pytools,3,memcached mta-nullmailer pytools,ACCEPT,0,0,0,0,0,0,0,0,0,0,0,0
memcached-mta-nullmailer-pyyaml,3,memcached mta-nullmailer pyyaml,ACCEPT,0,0,0,0,0,0,0,0,0,0,0,0
memcached-mta-nullmailer-redis,3,memcached mta-nullmailer redis,ACCEPT,0,0,0,0,0,0,0,0,0,0,0,0
memcached-mta-nullmailer-rsync,3,memcached mta-nullmailer rsync,ACCEPT,0,0,0,0,0,0,0,0,0,0,0,0
memcached-mta-nullmailer-rust,3,memcached mta-nullmailer rust,ACCEPT,0,0,0,2,0,0,0,0,0,0,0,0
memcached-mta-nullmailer-socat,3,memcached mta-nullmailer socat,ACCEPT,0,0,0,0,0,0,0,0,0,0,0,0
memcached-mta-nullmailer-sqlite,3,memcached mta-nullmailer sqlite,ACCEPT,0,0,0,0,0,0,0,0,0,0,0,0
memcached-mta-nullmailer-tcpdump,3,memcached mta-nullmailer tcpdump,ACCEPT,0,0,0,0,0,0,0,0,0,0,0,0
memcached-mta-nullmailer-tmux,3,memcached mta-nullmailer tmux,ACCEPT,0,0,0,0,0,0,0,0,0,0,0,0
memcached-mta-nullmailer-vim,3,memcached mta-nullmailer vim,ACCEPT,0,0,0,0,0,0,0,0,0,0,0,0
memcached-mta-nullmailer-webserver,3,memcached mta-nullmailer webserver,ACCEPT,0,0,0,0,0,0,0,0,0,0,0,0
memcached-mta-nullmailer-wget,3,memcached mta-nullmailer wget,ACCEPT,0,0,0,0,0,0,0,0,0,0,0,0
memcached-mta-nullmailer-zstd,3,memcached mta-nullmailer zstd,ACCEPT,0,0,0,0,0,0,0,0,0,0,0,0
memcached-mysql,2,memcached mysql,ACCEPT,0,0,0,5,0,0,0,0,0,0,0,0
memcached-mysql-nc-openbsd,3,memcached mysql nc-openbsd,ACCEPT,0,0,0,7,0,0,0,0,0,0,0,0
memcached-mysql-nc-traditional,3,memcached mysql nc-traditional,ACCEPT,0,0,0,5,0,0,0,0,0,0,0,0
memcached-mysql-nvidia-driver-535,3,memcached mysql nvidia-driver-535,ACCEPT,0,0,0,5,0,0,0,0,0,0,0,0
memcached-mysql-original-awk,3,memcached mysql original-awk,ACCEPT,0,0,0,5,0,0,0,0,0,0,0,0
memcached-mysql-pgclient,3,memcached mysql pgclient,ACCEPT,0,0,0,19,0,0,0,0,0,0,0,0
memcached-mysql-pipdemo,3,memcached mysql pipdemo,ACCEPT,0,0,0,7,0,0,0,0,0,0,0,0
memcached-mysql-postgres,3,memcached mysql postgres,ACCEPT,0,0,0,22,0,0,0,0,0,0,0,0
memcached-mysql-pytools,3,memcached mysql pytools,ACCEPT,0,0,0,7,0,0,0,0,0,0,0,0
memcached-mysql-pyyaml,3,memcached mysql pyyaml,ACCEPT,0,0,0,7,0,0,0,0,0,0,0,0
memcached-mysql-redis,3,memcached mysql redis,ACCEPT,0,0,0,5,0,0,0,0,0,0,0,0
memcached-mysql-rsync,3,memcached mysql rsync,ACCEPT,0,0,0,7,0,0,0,0,0,0,0,0
memcached-mysql-rust,3,memcached mysql rust,ACCEPT,0,0,0,8,0,0,0,0,0,0,0,0
memcached-mysql-socat,3,memcached mysql socat,ACCEPT,0,0,0,7,0,0,0,0,0,0,0,0
memcached-mysql-sqlite,3,memcached mysql sqlite,ACCEPT,0,0,0,7,0,0,0,0,0,0,0,0
memcached-mysql-tcpdump,3,memcached mysql tcpdump,ACCEPT,0,0,0,5,0,0,0,0,0,0,0,0
memcached-mysql-tmux,3,memcached mysql tmux,ACCEPT,0,0,0,5,0,0,0,0,0,0,0,0
memcached-mysql-vim,3,memcached mysql vim,ACCEPT,0,0,0,7,0,0,0,0,0,0,0,0
memcached-mysql-webserver,3,memcached mysql webserver,ACCEPT,0,0,0,13,0,0,0,0,0,0,0,0
memcached-mysql-wget,3,memcached mysql wget,ACCEPT,0,0,0,5,0,0,0,0,0,0,0,0
memcached-mysql-zstd,3,memcached mysql zstd,ACCEPT,0,0,0,5,0,0,0,0,0,0,0,0
memcached-nc-openbsd,2,memcached nc-openbsd,ACCEPT,0,0,0,0,0,0,0,0,0,0,0,0
memcached-nc-openbsd-nc-traditional,3,memcached nc-openbsd nc-traditional,ACCEPT,0,0,0,0,0,0,0,0,0,0,0,0
memcached-nc-openbsd-nvidia-driver-535,3,memcached nc-openbsd nvidia-driver-535,ACCEPT,0,0,0,0,0,0,0,0,0,0,0,0
memcached-nc-openbsd-original-awk,3,memcached nc-openbsd original-awk,ACCEPT,0,0,0,0,0,0,0,0,0,0,0,0
memcached-nc-openbsd-pgclient,3,memcached nc-openbsd pgclient,ACCEPT,0,0,0,7,0,0,0,0,0,0,0,0
memcached-nc-openbsd-pipdemo,3,memcached nc-openbsd pipdemo,ACCEPT,0,0,0,0,0,0,0,0,0,0,0,0
memcached-nc-openbsd-postgres,3,memcached nc-openbsd postgres,ACCEPT,0,0,0,9,0,0,0,0,0,0,0,0
memcached-nc-openbsd-pytools,3,memcached nc-openbsd pytools,ACCEPT,0,0,0,0,0,0,0,0,0,0,0,0
memcached-nc-openbsd-pyyaml,3,memcached nc-openbsd pyyaml,ACCEPT,0,0,0,0,0,0,0,0,0,0,0,0
memcached-nc-openbsd-redis,3,memcached nc-openbsd redis,ACCEPT,0,0,0,0,0,0,0,0,0,0,0,0
memcached-nc-openbsd-rsync,3,memcached nc-openbsd rsync,ACCEPT,0,0,0,0,0,0,0,0,0,0,0,0
memcached-nc-openbsd-rust,3,memcached nc-openbsd rust,ACCEPT,0,0,0,2,0,0,0,0,0,0,0,0
memcached-nc-openbsd-socat,3,memcached nc-openbsd socat,ACCEPT,0,0,0,0,0,0,0,0,0,0,0,0
memcached-nc-openbsd-sqlite,3,memcached nc-openbsd sqlite,ACCEPT,0,0,0,0,0,0,0,0,0,0,0,0
memcached-nc-openbsd-tcpdump,3,memcached nc-openbsd tcpdump,ACCEPT,0,0,0,0,0,0,0,0,0,0,0,0
memcached-nc-openbsd-tmux,3,memcached nc-openbsd tmux,ACCEPT,0,0,0,0,0,0,0,0,0,0,0,0
memcached-nc-openbsd-vim,3,memcached nc-openbsd vim,ACCEPT,0,0,0,0,0,0,0,0,0,0,0,0
memcached-nc-openbsd-webserver,3,memcached nc-openbsd webserver,ACCEPT,0,0,0,2,0,0,0,0,0,0,0,0
memcached-nc-openbsd-wget,3,memcached nc-openbsd wget,ACCEPT,0,0,0,0,0,0,0,0,0,0,0,0
memcached-nc-openbsd-zstd,3,memcached nc-openbsd zstd,ACCEPT,0,0,0,0,0,0,0,0,0,0,0,0
memcached-nc-traditional,2,memcached nc-traditional,ACCEPT,0,0,0,0,0,0,0,0,0,0,0,0
memcached-nc-traditional-nvidia-driver-535,3,memcached nc-traditional nvidia-driver-535,ACCEPT,0,0,0,0,0,0,0,0,0,0,0,0
memcached-nc-traditional-original-awk,3,memcached nc-traditional original-awk,ACCEPT,0,0,0,0,0,0,0,0,0,0,0,0
memcached-nc-traditional-pgclient,3,memcached nc-traditional pgclient,ACCEPT,0,0,0,7,0,0,0,0,0,0,0,0
memcached-nc-traditional-pipdemo,3,memcached nc-traditional pipdemo,ACCEPT,0,0,0,0,0,0,0,0,0,0,0,0
memcached-nc-traditional-postgres,3,memcached nc-traditional postgres,ACCEPT,0,0,0,7,0,0,0,0,0,0,0,0
memcached-nc-traditional-pytools,3,memcached nc-traditional pytools,ACCEPT,0,0,0,0,0,0,0,0,0,0,0,0
memcached-nc-traditional-pyyaml,3,memcached nc-traditional pyyaml,ACCEPT,0,0,0,0,0,0,0,0,0,0,0,0
memcached-nc-traditional-redis,3,memcached nc-traditional redis,ACCEPT,0,0,0,0,0,0,0,0,0,0,0,0
memcached-nc-traditional-rsync,3,memcached nc-traditional rsync,ACCEPT,0,0,0,0,0,0,0,0,0,0,0,0
memcached-nc-traditional-rust,3,memcached nc-traditional rust,ACCEPT,0,0,0,2,0,0,0,0,0,0,0,0
memcached-nc-traditional-socat,3,memcached nc-traditional socat,ACCEPT,0,0,0,0,0,0,0,0,0,0,0,0
memcached-nc-traditional-sqlite,3,memcached nc-traditional sqlite,ACCEPT,0,0,0,0,0,0,0,0,0,0,0,0
memcached-nc-traditional-tcpdump,3,memcached nc-traditional tcpdump,ACCEPT,0,0,0,0,0,0,0,0,0,0,0,0
memcached-nc-traditional-tmux,3,memcached nc-traditional tmux,ACCEPT,0,0,0,0,0,0,0,0,0,0,0,0
memcached-nc-traditional-vim,3,memcached nc-traditional vim,ACCEPT,0,0,0,0,0,0,0,0,0,0,0,0
memcached-nc-traditional-webserver,3,memcached nc-traditional webserver,ACCEPT,0,0,0,0,0,0,0,0,0,0,0,0
memcached-nc-traditional-wget,3,memcached nc-traditional wget,ACCEPT,0,0,0,0,0,0,0,0,0,0,0,0
memcached-nc-traditional-zstd,3,memcached nc-traditional zstd,ACCEPT,0,0,0,0,0,0,0,0,0,0,0,0
memcached-nvidia-driver-535,2,memcached nvidia-driver-535,ACCEPT,0,0,0,0,0,0,0,0,0,0,0,0
memcached-nvidia-driver-535-original-awk,3,memcached nvidia-driver-535 original-awk,ACCEPT,0,0,0,0,0,0,0,0,0,0,0,0
memcached-nvidia-driver-535-pgclient,3,memcached nvidia-driver-535 pgclient,ACCEPT,0,0,0,7,0,0,0,0,0,0,0,0
memcached-nvidia-driver-535-pipdemo,3,memcached nvidia-driver-535 pipdemo,ACCEPT,0,0,0,0,0,0,0,0,0,0,0,0
memcached-nvidia-driver-535-postgres,3,memcached nvidia-driver-535 postgres,ACCEPT,0,0,0,7,0,0,0,0,0,0,0,0
memcached-nvidia-driver-535-pytools,3,memcached nvidia-driver-535 pytools,ACCEPT,0,0,0,0,0,0,0,0,0,0,0,0
memcached-nvidia-driver-535-pyyaml,3,memcached nvidia-driver-535 pyyaml,ACCEPT,0,0,0,0,0,0,0,0,0,0,0,0
memcached-nvidia-driver-535-redis,3,memcached nvidia-driver-535 redis,ACCEPT,0,0,0,0,0,0,0,0,0,0,0,0
memcached-nvidia-driver-535-rsync,3,memcached nvidia-driver-535 rsync,ACCEPT,0,0,0,0,0,0,0,0,0,0,0,0
memcached-nvidia-driver-535-rust,3,memcached nvidia-driver-535 rust,ACCEPT,0,0,0,8,0,0,0,0,0,0,0,0
memcached-nvidia-driver-535-socat,3,memcached nvidia-driver-535 socat,ACCEPT,0,0,0,0,0,0,0,0,0,0,0,0
memcached-nvidia-driver-535-sqlite,3,memcached nvidia-driver-535 sqlite,ACCEPT,0,0,0,0,0,0,0,0,0,0,0,0
memcached-nvidia-driver-535-tcpdump,3,memcached nvidia-driver-535 tcpdump,ACCEPT,0,0,0,0,0,0,0,0,0,0,0,0
memcached-nvidia-driver-535-tmux,3,memcached nvidia-driver-535 tmux,ACCEPT,0,0,0,0,0,0,0,0,0,0,0,0
memcached-nvidia-driver-535-vim,3,memcached nvidia-driver-535 vim,ACCEPT,0,0,0,0,0,0,0,0,0,0,0,0
memcached-nvidia-driver-535-webserver,3,memcached nvidia-driver-535 webserver,ACCEPT,0,0,0,0,0,0,0,0,0,0,0,0
memcached-nvidia-driver-535-wget,3,memcached nvidia-driver-535 wget,ACCEPT,0,0,0,0,0,0,0,0,0,0,0,0
memcached-nvidia-driver-535-zstd,3,memcached nvidia-driver-535 zstd,ACCEPT,0,0,0,0,0,0,0,0,0,0,0,0
memcached-original-awk,2,memcached original-awk,ACCEPT,0,0,0,0,0,0,0,0,0,0,0,0
memcached-original-awk-pgclient,3,memcached original-awk pgclient,ACCEPT,0,0,0,7,0,0,0,0,0,0,0,0
memcached-original-awk-pipdemo,3,memcached original-awk pipdemo,ACCEPT,0,0,0,0,0,0,0,0,0,0,0,0
memcached-original-awk-postgres,3,memcached original-awk postgres,ACCEPT,0,0,0,7,0,0,0,0,0,0,0,0
memcached-original-awk-pytools,3,memcached original-awk pytools,ACCEPT,0,0,0,0,0,0,0,0,0,0,0,0
memcached-original-awk-pyyaml,3,memcached original-awk pyyaml,ACCEPT,0,0,0,0,0,0,0,0,0,0,0,0
memcached-original-awk-redis,3,memcached original-awk redis,ACCEPT,0,0,0,0,0,0,0,0,0,0,0,0
memcached-original-awk-rsync,3,memcached original-awk rsync,ACCEPT,0,0,0,0,0,0,0,0,0,0,0,0
memcached-original-awk-rust,3,memcached original-awk rust,ACCEPT,0,0,0,2,0,0,0,0,0,0,0,0
memcached-original-awk-socat,3,memcached original-awk socat,ACCEPT,0,0,0,0,0,0,0,0,0,0,0,0
memcached-original-awk-sqlite,3,memcached original-awk sqlite,ACCEPT,0,0,0,0,0,0,0,0,0,0,0,0
memcached-original-awk-tcpdump,3,memcached original-awk tcpdump,ACCEPT,0,0,0,0,0,0,0,0,0,0,0,0
memcached-original-awk-tmux,3,memcached original-awk tmux,ACCEPT,0,0,0,0,0,0,0,0,0,0,0,0
memcached-original-awk-vim,3,memcached original-awk vim,ACCEPT,0,0,0,0,0,0,0,0,0,0,0,0
memcached-original-awk-webserver,3,memcached original-awk webserver,ACCEPT,0,0,0,0,0,0,0,0,0,0,0,0
memcached-original-awk-wget,3,memcached original-awk wget,ACCEPT,0,0,0,0,0,0,0,0,0,0,0,0
memcached-original-awk-zstd,3,memcached original-awk zstd,ACCEPT,0,0,0,0,0,0,0,0,0,0,0,0
memcached-pgclient,2,memcached pgclient,ACCEPT,0,0,0,7,0,0,0,0,0,0,0,0
memcached-pgclient-pipdemo,3,memcached pgclient pipdemo,ACCEPT,0,0,0,9,0,0,0,0,0,0,0,0
memcached-pgclient-postgres,3,memcached pgclient postgres,ACCEPT,0,0,0,28,0,0,0,0,0,0,0,0
memcached-pgclient-pytools,3,memcached pgclient pytools,ACCEPT,0,0,0,9,0,0,0,0,0,0,0,0
memcached-pgclient-pyyaml,3,memcached pgclient pyyaml,ACCEPT,0,0,0,9,0,0,0,0,0,0,0,0
memcached-pgclient-redis,3,memcached pgclient redis,ACCEPT,0,0,0,7,0,0,0,0,0,0,0,0
memcached-pgclient-rsync,3,memcached pgclient rsync,ACCEPT,0,0,0,7,0,0,0,0,0,0,0,0
memcached-pgclient-rust,3,memcached pgclient rust,ACCEPT,0,0,0,12,0,0,0,0,0,0,0,0
memcached-pgclient-socat,3,memcached pgclient socat,ACCEPT,0,0,0,7,0,0,0,0,0,0,0,0
memcached-pgclient-sqlite,3,memcached pgclient sqlite,ACCEPT,0,0,0,9,0,0,0,0,0,0,0,0
memcached-pgclient-tcpdump,3,memcached pgclient tcpdump,ACCEPT,0,0,0,7,0,0,0,0,0,0,0,0
memcached-pgclient-tmux,3,memcached pgclient tmux,ACCEPT,0,0,0,7,0,0,0,0,0,0,0,0
memcached-pgclient-vim,3,memcached pgclient vim,ACCEPT,0,0,0,9,0,0,0,0,0,0,0,0
memcached-pgclient-webserver,3,memcached pgclient webserver,ACCEPT,0,0,0,7,0,0,0,0,0,0,0,0
memcached-pgclient-wget,3,memcached pgclient wget,ACCEPT,0,0,0,7,0,0,0,0,0,0,0,0
memcached-pgclient-zstd,3,memcached pgclient zstd,ACCEPT,0,0,0,7,0,0,0,0,0,0,0,0
memcached-pipdemo,2,memcached pipdemo,ACCEPT,0,0,0,0,0,0,0,0,0,0,0,0
memcached-pipdemo-postgres,3,memcached pipdemo postgres,ACCEPT,0,0,0,9,0,0,0,0,0,0,0,0
memcached-pipdemo-pytools,3,memcached pipdemo pytools,ACCEPT,0,0,0,19,0,0,0,0,0,0,0,0
memcached-pipdemo-pyyaml,3,memcached pipdemo pyyaml,ACCEPT,0,0,0,13,0,0,0,0,0,0,0,0
memcached-pipdemo-redis,3,memcached pipdemo redis,ACCEPT,0,0,0,0,0,0,0,0,0,0,0,0
memcached-pipdemo-rsync,3,memcached pipdemo rsync,ACCEPT,0,0,0,0,0,0,0,0,0,0,0,0
memcached-pipdemo-rust,3,memcached pipdemo rust,ACCEPT,0,0,0,2,0,0,0,0,0,0,0,0
memcached-pipdemo-socat,3,memcached pipdemo socat,ACCEPT,0,0,0,0,0,0,0,0,0,0,0,0
memcached-pipdemo-sqlite,3,memcached pipdemo sqlite,ACCEPT,0,0,0,3,0,0,0,0,0,0,0,0
memcached-pipdemo-tcpdump,3,memcached pipdemo tcpdump,ACCEPT,0,0,0,0,0,0,0,0,0,0,0,0
memcached-pipdemo-tmux,3,memcached pipdemo tmux,ACCEPT,0,0,0,0,0,0,0,0,0,0,0,0
memcached-pipdemo-vim,3,memcached pipdemo vim,ACCEPT,0,0,0,8,0,0,0,0,0,0,0,0
memcached-pipdemo-webserver,3,memcached pipdemo webserver,ACCEPT,0,0,0,1,0,0,0,0,0,0,0,0
memcached-pipdemo-wget,3,memcached pipdemo wget,ACCEPT,0,0,0,0,0,0,0,0,0,0,0,0
memcached-pipdemo-zstd,3,memcached pipdemo zstd,ACCEPT,0,0,0,0,0,0,0,0,0,0,0,0
memcached-postgres,2,memcached postgres,ACCEPT,0,0,0,7,0,0,0,0,0,0,0,0
memcached-postgres-pytools,3,memcached postgres pytools,ACCEPT,0,0,0,9,0,0,0,0,0,0,0,0
memcached-postgres-pyyaml,3,memcached postgres pyyaml,ACCEPT,0,0,0,9,0,0,0,0,0,0,0,0
memcached-postgres-redis,3,memcached postgres redis,ACCEPT,0,0,0,7,0,0,0,0,0,0,0,0
memcached-postgres-rsync,3,memcached postgres rsync,ACCEPT,0,0,0,7,0,0,0,0,0,0,0,0
memcached-postgres-rust,3,memcached postgres rust,ACCEPT,0,0,0,12,0,0,0,0,0,0,0,0
memcached-postgres-socat,3,memcached postgres socat,ACCEPT,0,0,0,7,0,0,0,0,0,0,0,0
memcached-postgres-sqlite,3,memcached postgres sqlite,ACCEPT,0,0,0,9,0,0,0,0,0,0,0,0
memcached-postgres-tcpdump,3,memcached postgres tcpdump,ACCEPT,0,0,0,7,0,0,0,0,0,0,0,0
memcached-postgres-tmux,3,memcached postgres tmux,ACCEPT,0,0,0,7,0,0,0,0,0,0,0,0
memcached-postgres-vim,3,memcached postgres vim,ACCEPT,0,0,0,9,0,0,0,0,0,0,0,0
memcached-postgres-webserver,3,memcached postgres webserver,ACCEPT,0,0,0,13,0,0,0,0,0,0,0,0
memcached-postgres-wget,3,memcached postgres wget,ACCEPT,0,0,0,7,0,0,0,0,0,0,0,0
memcached-postgres-zstd,3,memcached postgres zstd,ACCEPT,0,0,0,7,0,0,0,0,0,0,0,0
memcached-pytools,2,memcached pytools,ACCEPT,0,0,0,0,0,0,0,0,0,0,0,0
memcached-pytools-pyyaml,3,memcached pytools pyyaml,ACCEPT,0,0,0,13,0,0,0,0,0,0,0,0
memcached-pytools-redis,3,memcached pytools redis,ACCEPT,0,0,0,0,0,0,0,0,0,0,0,0
memcached-pytools-rsync,3,memcached pytools rsync,ACCEPT,0,0,0,0,0,0,0,0,0,0,0,0
memcached-pytools-rust,3,memcached pytools rust,ACCEPT,0,0,0,3,0,0,0,0,0,0,0,0
memcached-pytools-socat,3,memcached pytools socat,ACCEPT,0,0,0,0,0,0,0,0,0,0,0,0
memcached-pytools-sqlite,3,memcached pytools sqlite,ACCEPT,0,0,0,3,0,0,0,0,0,0,0,0
memcached-pytools-tcpdump,3,memcached pytools tcpdump,ACCEPT,0,0,0,0,0,0,0,0,0,0,0,0
memcached-pytools-tmux,3,memcached pytools tmux,ACCEPT,0,0,0,0,0,0,0,0,0,0,0,0
memcached-pytools-vim,3,memcached pytools vim,ACCEPT,0,0,0,8,0,0,0,0,0,0,0,0
memcached-pytools-webserver,3,memcached pytools webserver,ACCEPT,0,0,0,1,0,0,0,0,0,0,0,0
memcached-pytools-wget,3,memcached pytools wget,ACCEPT,0,0,0,0,0,0,0,0,0,0,0,0
memcached-pytools-zstd,3,memcached pytools zstd,ACCEPT,0,0,0,0,0,0,0,0,0,0,0,0
memcached-pyyaml,2,memcached pyyaml,ACCEPT,0,0,0,0,0,0,0,0,0,0,0,0
memcached-pyyaml-redis,3,memcached pyyaml redis,ACCEPT,0,0,0,0,0,0,0,0,0,0,0,0
memcached-pyyaml-rsync,3,memcached pyyaml rsync,ACCEPT,0,0,0,0,0,0,0,0,0,0,0,0
memcached-pyyaml-rust,3,memcached pyyaml rust,ACCEPT,0,0,0,2,0,0,0,0,0,0,0,0
memcached-pyyaml-socat,3,memcached pyyaml socat,ACCEPT,0,0,0,0,0,0,0,0,0,0,0,0
memcached-pyyaml-sqlite,3,memcached pyyaml sqlite,ACCEPT,0,0,0,3,0,0,0,0,0,0,0,0
memcached-pyyaml-tcpdump,3,memcached pyyaml tcpdump,ACCEPT,0,0,0,0,0,0,0,0,0,0,0,0
memcached-pyyaml-tmux,3,memcached pyyaml tmux,ACCEPT,0,0,0,0,0,0,0,0,0,0,0,0
memcached-pyyaml-vim,3,memcached pyyaml vim,ACCEPT,0,0,0,8,0,0,0,0,0,0,0,0
memcached-pyyaml-webserver,3,memcached pyyaml webserver,ACCEPT,0,0,0,1,0,0,0,0,0,0,0,0
memcached-pyyaml-wget,3,memcached pyyaml wget,ACCEPT,0,0,0,0,0,0,0,0,0,0,0,0
memcached-pyyaml-zstd,3,memcached pyyaml zstd,ACCEPT,0,0,0,0,0,0,0,0,0,0,0,0
memcached-redis,2,memcached redis,ACCEPT,0,0,0,0,0,0,0,0,0,0,0,0
memcached-redis-rsync,3,memcached redis rsync,ACCEPT,0,0,0,0,0,0,0,0,0,0,0,0
memcached-redis-rust,3,memcached redis rust,ACCEPT,0,0,0,3,0,0,0,0,0,0,0,0
memcached-redis-socat,3,memcached redis socat,ACCEPT,0,0,0,0,0,0,0,0,0,0,0,0
memcached-redis-sqlite,3,memcached redis sqlite,ACCEPT,0,0,0,0,0,0,0,0,0,0,0,0
memcached-redis-tcpdump,3,memcached redis tcpdump,ACCEPT,0,0,0,0,0,0,0,0,0,0,0,0
memcached-redis-tmux,3,memcached redis tmux,ACCEPT,0,0,0,0,0,0,0,0,0,0,0,0
memcached-redis-vim,3,memcached redis vim,ACCEPT,0,0,0,0,0,0,0,0,0,0,0,0
memcached-redis-webserver,3,memcached redis webserver,ACCEPT,0,0,0,0,0,0,0,0,0,0,0,0
memcached-redis-wget,3,memcached redis wget,ACCEPT,0,0,0,0,0,0,0,0,0,0,0,0
memcached-redis-zstd,3,memcached redis zstd,ACCEPT,0,0,0,0,0,0,0,0,0,0,0,0
memcached-rsync,2,memcached rsync,ACCEPT,0,0,0,0,0,0,0,0,0,0,0,0
memcached-rsync-rust,3,memcached rsync rust,ACCEPT,0,0,0,2,0,0,0,0,0,0,0,0
memcached-rsync-socat,3,memcached rsync socat,ACCEPT,0,0,0,0,0,0,0,0,0,0,0,0
memcached-rsync-sqlite,3,memcached rsync sqlite,ACCEPT,0,0,0,0,0,0,0,0,0,0,0,0
memcached-rsync-tcpdump,3,memcached rsync tcpdump,ACCEPT,0,0,0,0,0,0,0,0,0,0,0,0
memcached-rsync-tmux,3,memcached rsync tmux,ACCEPT,0,0,0,0,0,0,0,0,0,0,0,0
memcached-rsync-vim,3,memcached rsync vim,ACCEPT,0,0,0,0,0,0,0,0,0,0,0,0
memcached-rsync-webserver,3,memcached rsync webserver,ACCEPT,0,0,0,0,0,0,0,0,0,0,0,0
memcached-rsync-wget,3,memcached rsync wget,ACCEPT,0,0,0,0,0,0,0,0,0,0,0,0
memcached-rsync-zstd,3,memcached rsync zstd,ACCEPT,0,0,0,0,0,0,0,0,0,0,0,0
memcached-rust,2,memcached rust,ACCEPT,0,0,0,2,0,0,0,0,0,0,0,0
memcached-rust-socat,3,memcached rust socat,ACCEPT,0,0,0,2,0,0,0,0,0,0,0,0
memcached-rust-sqlite,3,memcached rust sqlite,ACCEPT,0,0,0,2,0,0,0,0,0,0,0,0
memcached-rust-tcpdump,3,memcached rust tcpdump,ACCEPT,0,0,0,2,0,0,0,0,0,0,0,0
memcached-rust-tmux,3,memcached rust tmux,ACCEPT,0,0,0,2,0,0,0,0,0,0,0,0
memcached-rust-vim,3,memcached rust vim,ACCEPT,0,0,0,2,0,0,0,0,0,0,0,0
memcached-rust-webserver,3,memcached rust webserver,ACCEPT,0,0,0,3,0,0,0,0,0,0,0,0
memcached-rust-wget,3,memcached rust wget,ACCEPT,0,0,0,3,0,0,0,0,0,0,0,0
memcached-rust-zstd,3,memcached rust zstd,ACCEPT,0,0,0,2,0,0,0,0,0,0,0,0
memcached-socat,2,memcached socat,ACCEPT,0,0,0,0,0,0,0,0,0,0,0,0
memcached-socat-sqlite,3,memcached socat sqlite,ACCEPT,0,0,0,0,0,0,0,0,0,0,0,0
memcached-socat-tcpdump,3,memcached socat tcpdump,ACCEPT,0,0,0,0,0,0,0,0,0,0,0,0
memcached-socat-tmux,3,memcached socat tmux,ACCEPT,0,0,0,0,0,0,0,0,0,0,0,0
memcached-socat-vim,3,memcached socat vim,ACCEPT,0,0,0,0,0,0,0,0,0,0,0,0
memcached-socat-webserver,3,memcached socat webserver,ACCEPT,0,0,0,0,0,0,0,0,0,0,0,0
memcached-socat-wget,3,memcached socat wget,ACCEPT,0,0,0,0,0,0,0,0,0,0,0,0
memcached-socat-zstd,3,memcached socat zstd,ACCEPT,0,0,0,0,0,0,0,0,0,0,0,0
memcached-sqlite,2,memcached sqlite,ACCEPT,0,0,0,0,0,0,0,0,0,0,0,0
memcached-sqlite-tcpdump,3,memcached sqlite tcpdump,ACCEPT,0,0,0,0,0,0,0,0,0,0,0,0
memcached-sqlite-tmux,3,memcached sqlite tmux,ACCEPT,0,0,0,0,0,0,0,0,0,0,0,0
memcached-sqlite-vim,3,memcached sqlite vim,ACCEPT,0,0,0,3,0,0,0,0,0,0,0,0
memcached-sqlite-webserver,3,memcached sqlite webserver,ACCEPT,0,0,0,0,0,0,0,0,0,0,0,0
memcached-sqlite-wget,3,memcached sqlite wget,ACCEPT,0,0,0,0,0,0,0,0,0,0,0,0
memcached-sqlite-zstd,3,memcached sqlite zstd,ACCEPT,0,0,0,0,0,0,0,0,0,0,0,0
memcached-tcpdump,2,memcached tcpdump,ACCEPT,0,0,0,0,0,0,0,0,0,0,0,0
memcached-tcpdump-tmux,3,memcached tcpdump tmux,ACCEPT,0,0,0,0,0,0,0,0,0,0,0,0
memcached-tcpdump-vim,3,memcached tcpdump vim,ACCEPT,0,0,0,0,0,0,0,0,0,0,0,0
memcached-tcpdump-webserver,3,memcached tcpdump webserver,ACCEPT,0,0,0,0,0,0,0,0,0,0,0,0
memcached-tcpdump-wget,3,memcached tcpdump wget,ACCEPT,0,0,0,0,0,0,0,0,0,0,0,0
memcached-tcpdump-zstd,3,memcached tcpdump zstd,ACCEPT,0,0,0,0,0,0,0,0,0,0,0,0
memcached-tmux,2,memcached tmux,ACCEPT,0,0,0,0,0,0,0,0,0,0,0,0
memcached-tmux-vim,3,memcached tmux vim,ACCEPT,0,0,0,0,0,0,0,0,0,0,0,0
memcached-tmux-webserver,3,memcached tmux webserver,ACCEPT,0,0,0,0,0,0,0,0,0,0,0,0
memcached-tmux-wget,3,memcached tmux wget,ACCEPT,0,0,0,0,0,0,0,0,0,0,0,0
memcached-tmux-zstd,3,memcached tmux zstd,ACCEPT,0,0,0,0,0,0,0,0,0,0,0,0
memcached-vim,2,memcached vim,ACCEPT,0,0,0,0,0,0,0,0,0,0,0,0
memcached-vim-webserver,3,memcached vim webserver,ACCEPT,0,0,0,1,0,0,0,0,0,0,0,0
memcached-vim-wget,3,memcached vim wget,ACCEPT,0,0,0,0,0,0,0,0,0,0,0,0
memcached-vim-zstd,3,memcached vim zstd,ACCEPT,0,0,0,0,0,0,0,0,0,0,0,0
memcached-webserver,2,memcached webserver,ACCEPT,0,0,0,0,0,0,0,0,0,0,0,0
memcached-webserver-wget,3,memcached webserver wget,ACCEPT,0,0,0,0,0,0,0,0,0,0,0,0
memcached-webserver-zstd,3,memcached webserver zstd,ACCEPT,0,0,0,0,0,0,0,0,0,0,0,0
memcached-wget,2,memcached wget,ACCEPT,0,0,0,0,0,0,0,0,0,0,0,0
memcached-wget-zstd,3,memcached wget zstd,ACCEPT,0,0,0,0,0,0,0,0,0,0,0,0
memcached-zstd,2,memcached zstd,ACCEPT,0,0,0,0,0,0,0,0,0,0,0,0
mta-msmtp-mta-nullmailer,2,mta-msmtp mta-nullmailer,REJECT,1,2,0,0,0,2,0,4,0,0,0,0
mta-msmtp-mta-nullmailer-mysql,3,mta-msmtp mta-nullmailer mysql,REJECT,1,2,0,0,0,2,0,4,0,0,0,0
mta-msmtp-mta-nullmailer-nc-openbsd,3,mta-msmtp mta-nullmailer nc-openbsd,REJECT,1,2,0,0,0,2,0,4,0,0,0,0
mta-msmtp-mta-nullmailer-nc-traditional,3,mta-msmtp mta-nullmailer nc-traditional,REJECT,1,2,0,0,0,2,0,4,0,0,0,0
mta-msmtp-mta-nullmailer-nvidia-driver-535,3,mta-msmtp mta-nullmailer nvidia-driver-535,REJECT,1,2,0,0,0,2,0,4,0,0,0,0
mta-msmtp-mta-nullmailer-original-awk,3,mta-msmtp mta-nullmailer original-awk,REJECT,1,2,0,0,0,2,0,4,0,0,0,0
mta-msmtp-mta-nullmailer-pgclient,3,mta-msmtp mta-nullmailer pgclient,REJECT,1,2,0,0,0,2,0,4,0,0,0,0
mta-msmtp-mta-nullmailer-pipdemo,3,mta-msmtp mta-nullmailer pipdemo,REJECT,1,2,0,0,0,2,0,4,0,0,0,0
mta-msmtp-mta-nullmailer-postgres,3,mta-msmtp mta-nullmailer postgres,REJECT,1,2,0,1,0,2,0,4,0,0,0,0
mta-msmtp-mta-nullmailer-pytools,3,mta-msmtp mta-nullmailer pytools,REJECT,1,2,0,0,0,2,0,4,0,0,0,0
mta-msmtp-mta-nullmailer-pyyaml,3,mta-msmtp mta-nullmailer pyyaml,REJECT,1,2,0,0,0,2,0,4,0,0,0,0
mta-msmtp-mta-nullmailer-redis,3,mta-msmtp mta-nullmailer redis,REJECT,1,2,0,0,0,2,0,4,0,0,0,0
mta-msmtp-mta-nullmailer-rsync,3,mta-msmtp mta-nullmailer rsync,REJECT,1,2,0,0,0,2,0,4,0,0,0,0
mta-msmtp-mta-nullmailer-rust,3,mta-msmtp mta-nullmailer rust,REJECT,1,2,0,0,0,2,0,4,0,0,0,0
mta-msmtp-mta-nullmailer-socat,3,mta-msmtp mta-nullmailer socat,REJECT,1,2,0,0,0,2,0,4,0,0,0,0
mta-msmtp-mta-nullmailer-sqlite,3,mta-msmtp mta-nullmailer sqlite,REJECT,1,2,0,0,0,2,0,4,0,0,0,0
mta-msmtp-mta-nullmailer-tcpdump,3,mta-msmtp mta-nullmailer tcpdump,REJECT,1,2,0,0,0,2,0,4,0,0,0,0
mta-msmtp-mta-nullmailer-tmux,3,mta-msmtp mta-nullmailer tmux,REJECT,1,2,0,0,0,2,0,4,0,0,0,0
mta-msmtp-mta-nullmailer-vim,3,mta-msmtp mta-nullmailer vim,REJECT,1,2,0,0,0,2,0,4,0,0,0,0
mta-msmtp-mta-nullmailer-webserver,3,mta-msmtp mta-nullmailer webserver,REJECT,1,2,0,1,0,2,0,4,0,0,0,0
mta-msmtp-mta-nullmailer-wget,3,mta-msmtp mta-nullmailer wget,REJECT,1,2,0,0,0,2,0,4,0,0,0,0
mta-msmtp-mta-nullmailer-zstd,3,mta-msmtp mta-nullmailer zstd,REJECT,1,2,0,0,0,2,0,4,0,0,0,0
mta-msmtp-mysql,2,mta-msmtp mysql,ACCEPT,0,0,0,0,0,0,0,0,0,0,0,0
mta-msmtp-mysql-nc-openbsd,3,mta-msmtp mysql nc-openbsd,ACCEPT,0,0,0,2,0,0,0,0,0,0,0,0
mta-msmtp-mysql-nc-traditional,3,mta-msmtp mysql nc-traditional,ACCEPT,0,0,0,0,0,0,0,0,0,0,0,0
mta-msmtp-mysql-nvidia-driver-535,3,mta-msmtp mysql nvidia-driver-535,ACCEPT,0,0,0,0,0,0,0,0,0,0,0,0
mta-msmtp-mysql-original-awk,3,mta-msmtp mysql original-awk,ACCEPT,0,0,0,0,0,0,0,0,0,0,0,0
mta-msmtp-mysql-pgclient,3,mta-msmtp mysql pgclient,ACCEPT,0,0,0,7,0,0,0,0,0,0,0,0
mta-msmtp-mysql-pipdemo,3,mta-msmtp mysql pipdemo,ACCEPT,0,0,0,2,0,0,0,0,0,0,0,0
mta-msmtp-mysql-postgres,3,mta-msmtp mysql postgres,ACCEPT,0,0,0,11,0,0,0,0,0,0,0,0
mta-msmtp-mysql-pytools,3,mta-msmtp mysql pytools,ACCEPT,0,0,0,2,0,0,0,0,0,0,0,0
mta-msmtp-mysql-pyyaml,3,mta-msmtp mysql pyyaml,ACCEPT,0,0,0,2,0,0,0,0,0,0,0,0
mta-msmtp-mysql-redis,3,mta-msmtp mysql redis,ACCEPT,0,0,0,0,0,0,0,0,0,0,0,0
mta-msmtp-mysql-rsync,3,mta-msmtp mysql rsync,ACCEPT,0,0,0,2,0,0,0,0,0,0,0,0
mta-msmtp-mysql-rust,3,mta-msmtp mysql rust,ACCEPT,0,0,0,1,0,0,0,0,0,0,0,0
mta-msmtp-mysql-socat,3,mta-msmtp mysql socat,ACCEPT,0,0,0,2,0,0,0,0,0,0,0,0
mta-msmtp-mysql-sqlite,3,mta-msmtp mysql sqlite,ACCEPT,0,0,0,2,0,0,0,0,0,0,0,0
mta-msmtp-mysql-tcpdump,3,mta-msmtp mysql tcpdump,ACCEPT,0,0,0,0,0,0,0,0,0,0,0,0
mta-msmtp-mysql-tmux,3,mta-msmtp mysql tmux,ACCEPT,0,0,0,0,0,0,0,0,0,0,0,0
mta-msmtp-mysql-vim,3,mta-msmtp mysql vim,ACCEPT,0,0,0,2,0,0,0,0,0,0,0,0
mta-msmtp-mysql-webserver,3,mta-msmtp mysql webserver,ACCEPT,0,0,0,9,0,0,0,0,0,0,0,0
mta-msmtp-mysql-wget,3,mta-msmtp mysql wget,ACCEPT,0,0,0,0,0,0,0,0,0,0,0,0
mta-msmtp-mysql-zstd,3,mta-msmtp mysql zstd,ACCEPT,0,0,0,0,0,0,0,0,0,0,0,0
mta-msmtp-nc-openbsd,2,mta-msmtp nc-openbsd,ACCEPT,0,0,0,0,0,0,0,0,0,0,0,0
mta-msmtp-nc-openbsd-nc-traditional,3,mta-msmtp nc-openbsd nc-traditional,ACCEPT,0,0,0,0,0,0,0,0,0,0,0,0
mta-msmtp-nc-openbsd-nvidia-driver-535,3,mta-msmtp nc-openbsd nvidia-driver-535,ACCEPT,0,0,0,0,0,0,0,0,0,0,0,0
mta-msmtp-nc-openbsd-original-awk,3,mta-msmtp nc-openbsd original-awk,ACCEPT,0,0,0,0,0,0,0,0,0,0,0,0
mta-msmtp-nc-openbsd-pgclient,3,mta-msmtp nc-openbsd pgclient,ACCEPT,0,0,0,0,0,0,0,0,0,0,0,0
mta-msmtp-nc-openbsd-pipdemo,3,mta-msmtp nc-openbsd pipdemo,ACCEPT,0,0,0,0,0,0,0,0,0,0,0,0
mta-msmtp-nc-openbsd-postgres,3,mta-msmtp nc-openbsd postgres,ACCEPT,0,0,0,3,0,0,0,0,0,0,0,0
mta-msmtp-nc-openbsd-pytools,3,mta-msmtp nc-openbsd pytools,ACCEPT,0,0,0,0,0,0,0,0,0,0,0,0
mta-msmtp-nc-openbsd-pyyaml,3,mta-msmtp nc-openbsd pyyaml,ACCEPT,0,0,0,0,0,0,0,0,0,0,0,0
mta-msmtp-nc-openbsd-redis,3,mta-msmtp nc-openbsd redis,ACCEPT,0,0,0,0,0,0,0,0,0,0,0,0
mta-msmtp-nc-openbsd-rsync,3,mta-msmtp nc-openbsd rsync,ACCEPT,0,0,0,0,0,0,0,0,0,0,0,0
mta-msmtp-nc-openbsd-rust,3,mta-msmtp nc-openbsd rust,ACCEPT,0,0,0,0,0,0,0,0,0,0,0,0
mta-msmtp-nc-openbsd-socat,3,mta-msmtp nc-openbsd socat,ACCEPT,0,0,0,0,0,0,0,0,0,0,0,0
mta-msmtp-nc-openbsd-sqlite,3,mta-msmtp nc-openbsd sqlite,ACCEPT,0,0,0,0,0,0,0,0,0,0,0,0
mta-msmtp-nc-openbsd-tcpdump,3,mta-msmtp nc-openbsd tcpdump,ACCEPT,0,0,0,0,0,0,0,0,0,0,0,0
mta-msmtp-nc-openbsd-tmux,3,mta-msmtp nc-openbsd tmux,ACCEPT,0,0,0,0,0,0,0,0,0,0,0,0
mta-msmtp-nc-openbsd-vim,3,mta-msmtp nc-openbsd vim,ACCEPT,0,0,0,0,0,0,0,0,0,0,0,0
mta-msmtp-nc-openbsd-webserver,3,mta-msmtp nc-openbsd webserver,ACCEPT,0,0,0,3,0,0,0,0,0,0,0,0
mta-msmtp-nc-openbsd-wget,3,mta-msmtp nc-openbsd wget,ACCEPT,0,0,0,0,0,0,0,0,0,0,0,0
mta-msmtp-nc-openbsd-zstd,3,mta-msmtp nc-openbsd zstd,ACCEPT,0,0,0,0,0,0,0,0,0,0,0,0
mta-msmtp-nc-traditional,2,mta-msmtp nc-traditional,ACCEPT,0,0,0,0,0,0,0,0,0,0,0,0
mta-msmtp-nc-traditional-nvidia-driver-535,3,mta-msmtp nc-traditional nvidia-driver-535,ACCEPT,0,0,0,0,0,0,0,0,0,0,0,0
mta-msmtp-nc-traditional-original-awk,3,mta-msmtp nc-traditional original-awk,ACCEPT,0,0,0,0,0,0,0,0,0,0,0,0
mta-msmtp-nc-traditional-pgclient,3,mta-msmtp nc-traditional pgclient,ACCEPT,0,0,0,0,0,0,0,0,0,0,0,0
mta-msmtp-nc-traditional-pipdemo,3,mta-msmtp nc-traditional pipdemo,ACCEPT,0,0,0,0,0,0,0,0,0,0,0,0
mta-msmtp-nc-traditional-postgres,3,mta-msmtp nc-traditional postgres,ACCEPT,0,0,0,1,0,0,0,0,0,0,0,0
mta-msmtp-nc-traditional-pytools,3,mta-msmtp nc-traditional pytools,ACCEPT,0,0,0,0,0,0,0,0,0,0,0,0
mta-msmtp-nc-traditional-pyyaml,3,mta-msmtp nc-traditional pyyaml,ACCEPT,0,0,0,0,0,0,0,0,0,0,0,0
mta-msmtp-nc-traditional-redis,3,mta-msmtp nc-traditional redis,ACCEPT,0,0,0,0,0,0,0,0,0,0,0,0
mta-msmtp-nc-traditional-rsync,3,mta-msmtp nc-traditional rsync,ACCEPT,0,0,0,0,0,0,0,0,0,0,0,0
mta-msmtp-nc-traditional-rust,3,mta-msmtp nc-traditional rust,ACCEPT,0,0,0,0,0,0,0,0,0,0,0,0
mta-msmtp-nc-traditional-socat,3,mta-msmtp nc-traditional socat,ACCEPT,0,0,0,0,0,0,0,0,0,0,0,0
mta-msmtp-nc-traditional-sqlite,3,mta-msmtp nc-traditional sqlite,ACCEPT,0,0,0,0,0,0,0,0,0,0,0,0
mta-msmtp-nc-traditional-tcpdump,3,mta-msmtp nc-traditional tcpdump,ACCEPT,0,0,0,0,0,0,0,0,0,0,0,0
mta-msmtp-nc-traditional-tmux,3,mta-msmtp nc-traditional tmux,ACCEPT,0,0,0,0,0,0,0,0,0,0,0,0
mta-msmtp-nc-traditional-vim,3,mta-msmtp nc-traditional vim,ACCEPT,0,0,0,0,0,0,0,0,0,0,0,0
mta-msmtp-nc-traditional-webserver,3,mta-msmtp nc-traditional webserver,ACCEPT,0,0,0,1,0,0,0,0,0,0,0,0
mta-msmtp-nc-traditional-wget,3,mta-msmtp nc-traditional wget,ACCEPT,0,0,0,0,0,0,0,0,0,0,0,0
mta-msmtp-nc-traditional-zstd,3,mta-msmtp nc-traditional zstd,ACCEPT,0,0,0,0,0,0,0,0,0,0,0,0
mta-msmtp-nvidia-driver-535,2,mta-msmtp nvidia-driver-535,ACCEPT,0,0,0,0,0,0,0,0,0,0,0,0
mta-msmtp-nvidia-driver-535-original-awk,3,mta-msmtp nvidia-driver-535 original-awk,ACCEPT,0,0,0,0,0,0,0,0,0,0,0,0
mta-msmtp-nvidia-driver-535-pgclient,3,mta-msmtp nvidia-driver-535 pgclient,ACCEPT,0,0,0,0,0,0,0,0,0,0,0,0
mta-msmtp-nvidia-driver-535-pipdemo,3,mta-msmtp nvidia-driver-535 pipdemo,ACCEPT,0,0,0,0,0,0,0,0,0,0,0,0
mta-msmtp-nvidia-driver-535-postgres,3,mta-msmtp nvidia-driver-535 postgres,ACCEPT,0,0,0,1,0,0,0,0,0,0,0,0
mta-msmtp-nvidia-driver-535-pytools,3,mta-msmtp nvidia-driver-535 pytools,ACCEPT,0,0,0,0,0,0,0,0,0,0,0,0
mta-msmtp-nvidia-driver-535-pyyaml,3,mta-msmtp nvidia-driver-535 pyyaml,ACCEPT,0,0,0,0,0,0,0,0,0,0,0,0
mta-msmtp-nvidia-driver-535-redis,3,mta-msmtp nvidia-driver-535 redis,ACCEPT,0,0,0,0,0,0,0,0,0,0,0,0
mta-msmtp-nvidia-driver-535-rsync,3,mta-msmtp nvidia-driver-535 rsync,ACCEPT,0,0,0,0,0,0,0,0,0,0,0,0
mta-msmtp-nvidia-driver-535-rust,3,mta-msmtp nvidia-driver-535 rust,ACCEPT,0,0,0,6,0,0,0,0,0,0,0,0
mta-msmtp-nvidia-driver-535-socat,3,mta-msmtp nvidia-driver-535 socat,ACCEPT,0,0,0,0,0,0,0,0,0,0,0,0
mta-msmtp-nvidia-driver-535-sqlite,3,mta-msmtp nvidia-driver-535 sqlite,ACCEPT,0,0,0,0,0,0,0,0,0,0,0,0
mta-msmtp-nvidia-driver-535-tcpdump,3,mta-msmtp nvidia-driver-535 tcpdump,ACCEPT,0,0,0,0,0,0,0,0,0,0,0,0
mta-msmtp-nvidia-driver-535-tmux,3,mta-msmtp nvidia-driver-535 tmux,ACCEPT,0,0,0,0,0,0,0,0,0,0,0,0
mta-msmtp-nvidia-driver-535-vim,3,mta-msmtp nvidia-driver-535 vim,ACCEPT,0,0,0,0,0,0,0,0,0,0,0,0
mta-msmtp-nvidia-driver-535-webserver,3,mta-msmtp nvidia-driver-535 webserver,ACCEPT,0,0,0,1,0,0,0,0,0,0,0,0
mta-msmtp-nvidia-driver-535-wget,3,mta-msmtp nvidia-driver-535 wget,ACCEPT,0,0,0,0,0,0,0,0,0,0,0,0
mta-msmtp-nvidia-driver-535-zstd,3,mta-msmtp nvidia-driver-535 zstd,ACCEPT,0,0,0,0,0,0,0,0,0,0,0,0
mta-msmtp-original-awk,2,mta-msmtp original-awk,ACCEPT,0,0,0,0,0,0,0,0,0,0,0,0
mta-msmtp-original-awk-pgclient,3,mta-msmtp original-awk pgclient,ACCEPT,0,0,0,0,0,0,0,0,0,0,0,0
mta-msmtp-original-awk-pipdemo,3,mta-msmtp original-awk pipdemo,ACCEPT,0,0,0,0,0,0,0,0,0,0,0,0
mta-msmtp-original-awk-postgres,3,mta-msmtp original-awk postgres,ACCEPT,0,0,0,1,0,0,0,0,0,0,0,0
mta-msmtp-original-awk-pytools,3,mta-msmtp original-awk pytools,ACCEPT,0,0,0,0,0,0,0,0,0,0,0,0
mta-msmtp-original-awk-pyyaml,3,mta-msmtp original-awk pyyaml,ACCEPT,0,0,0,0,0,0,0,0,0,0,0,0
mta-msmtp-original-awk-redis,3,mta-msmtp original-awk redis,ACCEPT,0,0,0,0,0,0,0,0,0,0,0,0
mta-msmtp-original-awk-rsync,3,mta-msmtp original-awk rsync,ACCEPT,0,0,0,0,0,0,0,0,0,0,0,0
mta-msmtp-original-awk-rust,3,mta-msmtp original-awk rust,ACCEPT,0,0,0,0,0,0,0,0,0,0,0,0
mta-msmtp-original-awk-socat,3,mta-msmtp original-awk socat,ACCEPT,0,0,0,0,0,0,0,0,0,0,0,0
mta-msmtp-original-awk-sqlite,3,mta-msmtp original-awk sqlite,ACCEPT,0,0,0,0,0,0,0,0,0,0,0,0
mta-msmtp-original-awk-tcpdump,3,mta-msmtp original-awk tcpdump,ACCEPT,0,0,0,0,0,0,0,0,0,0,0,0
mta-msmtp-original-awk-tmux,3,mta-msmtp original-awk tmux,ACCEPT,0,0,0,0,0,0,0,0,0,0,0,0
mta-msmtp-original-awk-vim,3,mta-msmtp original-awk vim,ACCEPT,0,0,0,0,0,0,0,0,0,0,0,0
mta-msmtp-original-awk-webserver,3,mta-msmtp original-awk webserver,ACCEPT,0,0,0,1,0,0,0,0,0,0,0,0
mta-msmtp-original-awk-wget,3,mta-msmtp original-awk wget,ACCEPT,0,0,0,0,0,0,0,0,0,0,0,0
mta-msmtp-original-awk-zstd,3,mta-msmtp original-awk zstd,ACCEPT,0,0,0,0,0,0,0,0,0,0,0,0
mta-msmtp-pgclient,2,mta-msmtp pgclient,ACCEPT,0,0,0,0,0,0,0,0,0,0,0,0
mta-msmtp-pgclient-pipdemo,3,mta-msmtp pgclient pipdemo,ACCEPT,0,0,0,2,0,0,0,0,0,0,0,0
mta-msmtp-pgclient-postgres,3,mta-msmtp pgclient postgres,ACCEPT,0,0,0,15,0,0,0,0,0,0,0,0
mta-msmtp-pgclient-pytools,3,mta-msmtp pgclient pytools,ACCEPT,0,0,0,2,0,0,0,0,0,0,0,0
mta-msmtp-pgclient-pyyaml,3,mta-msmtp pgclient pyyaml,ACCEPT,0,0,0,2,0,0,0,0,0,0,0,0
mta-msmtp-pgclient-redis,3,mta-msmtp pgclient redis,ACCEPT,0,0,0,0,0,0,0,0,0,0,0,0
mta-msmtp-pgclient-rsync,3,mta-msmtp pgclient rsync,ACCEPT,0,0,0,0,0,0,0,0,0,0,0,0
mta-msmtp-pgclient-rust,3,mta-msmtp pgclient rust,ACCEPT,0,0,0,3,0,0,0,0,0,0,0,0
mta-msmtp-pgclient-socat,3,mta-msmtp pgclient socat,ACCEPT,0,0,0,0,0,0,0,0,0,0,0,0
mta-msmtp-pgclient-sqlite,3,mta-msmtp pgclient sqlite,ACCEPT,0,0,0,2,0,0,0,0,0,0,0,0
mta-msmtp-pgclient-tcpdump,3,mta-msmtp pgclient tcpdump,ACCEPT,0,0,0,0,0,0,0,0,0,0,0,0
mta-msmtp-pgclient-tmux,3,mta-msmtp pgclient tmux,ACCEPT,0,0,0,0,0,0,0,0,0,0,0,0
mta-msmtp-pgclient-vim,3,mta-msmtp pgclient vim,ACCEPT,0,0,0,2,0,0,0,0,0,0,0,0
mta-msmtp-pgclient-webserver,3,mta-msmtp pgclient webserver,ACCEPT,0,0,0,1,0,0,0,0,0,0,0,0
mta-msmtp-pgclient-wget,3,mta-msmtp pgclient wget,ACCEPT,0,0,0,0,0,0,0,0,0,0,0,0
mta-msmtp-pgclient-zstd,3,mta-msmtp pgclient zstd,ACCEPT,0,0,0,0,0,0,0,0,0,0,0,0
mta-msmtp-pipdemo,2,mta-msmtp pipdemo,ACCEPT,0,0,0,0,0,0,0,0,0,0,0,0
mta-msmtp-pipdemo-postgres,3,mta-msmtp pipdemo postgres,ACCEPT,0,0,0,3,0,0,0,0,0,0,0,0
mta-msmtp-pipdemo-pytools,3,mta-msmtp pipdemo pytools,ACCEPT,0,0,0,19,0,0,0,0,0,0,0,0
mta-msmtp-pipdemo-pyyaml,3,mta-msmtp pipdemo pyyaml,ACCEPT,0,0,0,13,0,0,0,0,0,0,0,0
mta-msmtp-pipdemo-redis,3,mta-msmtp pipdemo redis,ACCEPT,0,0,0,0,0,0,0,0,0,0,0,0
mta-msmtp-pipdemo-rsync,3,mta-msmtp pipdemo rsync,ACCEPT,0,0,0,0,0,0,0,0,0,0,0,0
mta-msmtp-pipdemo-rust,3,mta-msmtp pipdemo rust,ACCEPT,0,0,0,0,0,0,0,0,0,0,0,0
mta-msmtp-pipdemo-socat,3,mta-msmtp pipdemo socat,ACCEPT,0,0,0,0,0,0,0,0,0,0,0,0
mta-msmtp-pipdemo-sqlite,3,mta-msmtp pipdemo sqlite,ACCEPT,0,0,0,3,0,0,0,0,0,0,0,0
mta-msmtp-pipdemo-tcpdump,3,mta-msmtp pipdemo tcpdump,ACCEPT,0,0,0,0,0,0,0,0,0,0,0,0
mta-msmtp-pipdemo-tmux,3,mta-msmtp pipdemo tmux,ACCEPT,0,0,0,0,0,0,0,0,0,0,0,0
mta-msmtp-pipdemo-vim,3,mta-msmtp pipdemo vim,ACCEPT,0,0,0,8,0,0,0,0,0,0,0,0
mta-msmtp-pipdemo-webserver,3,mta-msmtp pipdemo webserver,ACCEPT,0,0,0,2,0,0,0,0,0,0,0,0
mta-msmtp-pipdemo-wget,3,mta-msmtp pipdemo wget,ACCEPT,0,0,0,0,0,0,0,0,0,0,0,0
mta-msmtp-pipdemo-zstd,3,mta-msmtp pipdemo zstd,ACCEPT,0,0,0,0,0,0,0,0,0,0,0,0
mta-msmtp-postgres,2,mta-msmtp postgres,ACCEPT,0,0,0,1,0,0,0,0,0,0,0,0
mta-msmtp-postgres-pytools,3,mta-msmtp postgres pytools,ACCEPT,0,0,0,3,0,0,0,0,0,0,0,0
mta-msmtp-postgres-pyyaml,3,mta-msmtp postgres pyyaml,ACCEPT,0,0,0,3,0,0,0,0,0,0,0,0
mta-msmtp-postgres-redis,3,mta-msmtp postgres redis,ACCEPT,0,0,0,1,0,0,0,0,0,0,0,0
mta-msmtp-postgres-rsync,3,mta-msmtp postgres rsync,ACCEPT,0,0,0,1,0,0,0,0,0,0,0,0
mta-msmtp-postgres-rust,3,mta-msmtp postgres rust,ACCEPT,0,0,0,4,0,0,0,0,0,0,0,0
mta-msmtp-postgres-socat,3,mta-msmtp postgres socat,ACCEPT,0,0,0,1,0,0,0,0,0,0,0,0
mta-msmtp-postgres-sqlite,3,mta-msmtp postgres sqlite,ACCEPT,0,0,0,3,0,0,0,0,0,0,0,0
mta-msmtp-postgres-tcpdump,3,mta-msmtp postgres tcpdump,ACCEPT,0,0,0,1,0,0,0,0,0,0,0,0
mta-msmtp-postgres-tmux,3,mta-msmtp postgres tmux,ACCEPT,0,0,0,1,0,0,0,0,0,0,0,0
mta-msmtp-postgres-vim,3,mta-msmtp postgres vim,ACCEPT,0,0,0,3,0,0,0,0,0,0,0,0
mta-msmtp-postgres-webserver,3,mta-msmtp postgres webserver,ACCEPT,0,0,0,8,0,0,0,0,0,0,0,0
mta-msmtp-postgres-wget,3,mta-msmtp postgres wget,ACCEPT,0,0,0,1,0,0,0,0,0,0,0,0
mta-msmtp-postgres-zstd,3,mta-msmtp postgres zstd,ACCEPT,0,0,0,1,0,0,0,0,0,0,0,0
mta-msmtp-pytools,2,mta-msmtp pytools,ACCEPT,0,0,0,0,0,0,0,0,0,0,0,0
mta-msmtp-pytools-pyyaml,3,mta-msmtp pytools pyyaml,ACCEPT,0,0,0,13,0,0,0,0,0,0,0,0
mta-msmtp-pytools-redis,3,mta-msmtp pytools redis,ACCEPT,0,0,0,0,0,0,0,0,0,0,0,0
mta-msmtp-pytools-rsync,3,mta-msmtp pytools rsync,ACCEPT,0,0,0,0,0,0,0,0,0,0,0,0
mta-msmtp-pytools-rust,3,mta-msmtp pytools rust,ACCEPT,0,0,0,1,0,0,0,0,0,0,0,0
mta-msmtp-pytools-socat,3,mta-msmtp pytools socat,ACCEPT,0,0,0,0,0,0,0,0,0,0,0,0
mta-msmtp-pytools-sqlite,3,mta-msmtp pytools sqlite,ACCEPT,0,0,0,3,0,0,0,0,0,0,0,0
mta-msmtp-pytools-tcpdump,3,mta-msmtp pytools tcpdump,ACCEPT,0,0,0,0,0,0,0,0,0,0,0,0
mta-msmtp-pytools-tmux,3,mta-msmtp pytools tmux,ACCEPT,0,0,0,0,0,0,0,0,0,0,0,0
mta-msmtp-pytools-vim,3,mta-msmtp pytools vim,ACCEPT,0,0,0,8,0,0,0,0,0,0,0,0
mta-msmtp-pytools-webserver,3,mta-msmtp pytools webserver,ACCEPT,0,0,0,2,0,0,0,0,0,0,0,0
mta-msmtp-pytools-wget,3,mta-msmtp pytools wget,ACCEPT,0,0,0,0,0,0,0,0,0,0,0,0
mta-msmtp-pytools-zstd,3,mta-msmtp pytools zstd,ACCEPT,0,0,0,0,0,0,0,0,0,0,0,0
mta-msmtp-pyyaml,2,mta-msmtp pyyaml,ACCEPT,0,0,0,0,0,0,0,0,0,0,0,0
mta-msmtp-pyyaml-redis,3,mta-msmtp pyyaml redis,ACCEPT,0,0,0,0,0,0,0,0,0,0,0,0
mta-msmtp-pyyaml-rsync,3,mta-msmtp pyyaml rsync,ACCEPT,0,0,0,0,0,0,0,0,0,0,0,0
mta-msmtp-pyyaml-rust,3,mta-msmtp pyyaml rust,ACCEPT,0,0,0,0,0,0,0,0,0,0,0,0
mta-msmtp-pyyaml-socat,3,mta-msmtp pyyaml socat,ACCEPT,0,0,0,0,0,0,0,0,0,0,0,0
mta-msmtp-pyyaml-sqlite,3,mta-msmtp pyyaml sqlite,ACCEPT,0,0,0,3,0,0,0,0,0,0,0,0
mta-msmtp-pyyaml-tcpdump,3,mta-msmtp pyyaml tcpdump,ACCEPT,0,0,0,0,0,0,0,0,0,0,0,0
mta-msmtp-pyyaml-tmux,3,mta-msmtp pyyaml tmux,ACCEPT,0,0,0,0,0,0,0,0,0,0,0,0
mta-msmtp-pyyaml-vim,3,mta-msmtp pyyaml vim,ACCEPT,0,0,0,8,0,0,0,0,0,0,0,0
mta-msmtp-pyyaml-webserver,3,mta-msmtp pyyaml webserver,ACCEPT,0,0,0,2,0,0,0,0,0,0,0,0
mta-msmtp-pyyaml-wget,3,mta-msmtp pyyaml wget,ACCEPT,0,0,0,0,0,0,0,0,0,0,0,0
mta-msmtp-pyyaml-zstd,3,mta-msmtp pyyaml zstd,ACCEPT,0,0,0,0,0,0,0,0,0,0,0,0
mta-msmtp-redis,2,mta-msmtp redis,ACCEPT,0,0,0,0,0,0,0,0,0,0,0,0
mta-msmtp-redis-rsync,3,mta-msmtp redis rsync,ACCEPT,0,0,0,0,0,0,0,0,0,0,0,0
mta-msmtp-redis-rust,3,mta-msmtp redis rust,ACCEPT,0,0,0,1,0,0,0,0,0,0,0,0
mta-msmtp-redis-socat,3,mta-msmtp redis socat,ACCEPT,0,0,0,0,0,0,0,0,0,0,0,0
mta-msmtp-redis-sqlite,3,mta-msmtp redis sqlite,ACCEPT,0,0,0,0,0,0,0,0,0,0,0,0
mta-msmtp-redis-tcpdump,3,mta-msmtp redis tcpdump,ACCEPT,0,0,0,0,0,0,0,0,0,0,0,0
mta-msmtp-redis-tmux,3,mta-msmtp redis tmux,ACCEPT,0,0,0,0,0,0,0,0,0,0,0,0
mta-msmtp-redis-vim,3,mta-msmtp redis vim,ACCEPT,0,0,0,0,0,0,0,0,0,0,0,0
mta-msmtp-redis-webserver,3,mta-msmtp redis webserver,ACCEPT,0,0,0,1,0,0,0,0,0,0,0,0
mta-msmtp-redis-wget,3,mta-msmtp redis wget,ACCEPT,0,0,0,0,0,0,0,0,0,0,0,0
mta-msmtp-redis-zstd,3,mta-msmtp redis zstd,ACCEPT,0,0,0,0,0,0,0,0,0,0,0,0
mta-msmtp-rsync,2,mta-msmtp rsync,ACCEPT,0,0,0,0,0,0,0,0,0,0,0,0
mta-msmtp-rsync-rust,3,mta-msmtp rsync rust,ACCEPT,0,0,0,0,0,0,0,0,0,0,0,0
mta-msmtp-rsync-socat,3,mta-msmtp rsync socat,ACCEPT,0,0,0,0,0,0,0,0,0,0,0,0
mta-msmtp-rsync-sqlite,3,mta-msmtp rsync sqlite,ACCEPT,0,0,0,0,0,0,0,0,0,0,0,0
mta-msmtp-rsync-tcpdump,3,mta-msmtp rsync tcpdump,ACCEPT,0,0,0,0,0,0,0,0,0,0,0,0
mta-msmtp-rsync-tmux,3,mta-msmtp rsync tmux,ACCEPT,0,0,0,0,0,0,0,0,0,0,0,0
mta-msmtp-rsync-vim,3,mta-msmtp rsync vim,ACCEPT,0,0,0,0,0,0,0,0,0,0,0,0
mta-msmtp-rsync-webserver,3,mta-msmtp rsync webserver,ACCEPT,0,0,0,1,0,0,0,0,0,0,0,0
mta-msmtp-rsync-wget,3,mta-msmtp rsync wget,ACCEPT,0,0,0,0,0,0,0,0,0,0,0,0
mta-msmtp-rsync-zstd,3,mta-msmtp rsync zstd,ACCEPT,0,0,0,0,0,0,0,0,0,0,0,0
mta-msmtp-rust,2,mta-msmtp rust,ACCEPT,0,0,0,0,0,0,0,0,0,0,0,0
mta-msmtp-rust-socat,3,mta-msmtp rust socat,ACCEPT,0,0,0,0,0,0,0,0,0,0,0,0
mta-msmtp-rust-sqlite,3,mta-msmtp rust sqlite,ACCEPT,0,0,0,0,0,0,0,0,0,0,0,0
mta-msmtp-rust-tcpdump,3,mta-msmtp rust tcpdump,ACCEPT,0,0,0,0,0,0,0,0,0,0,0,0
mta-msmtp-rust-tmux,3,mta-msmtp rust tmux,ACCEPT,0,0,0,0,0,0,0,0,0,0,0,0
mta-msmtp-rust-vim,3,mta-msmtp rust vim,ACCEPT,0,0,0,0,0,0,0,0,0,0,0,0
mta-msmtp-rust-webserver,3,mta-msmtp rust webserver,ACCEPT,0,0,0,2,0,0,0,0,0,0,0,0
mta-msmtp-rust-wget,3,mta-msmtp rust wget,ACCEPT,0,0,0,1,0,0,0,0,0,0,0,0
mta-msmtp-rust-zstd,3,mta-msmtp rust zstd,ACCEPT,0,0,0,0,0,0,0,0,0,0,0,0
mta-msmtp-socat,2,mta-msmtp socat,ACCEPT,0,0,0,0,0,0,0,0,0,0,0,0
mta-msmtp-socat-sqlite,3,mta-msmtp socat sqlite,ACCEPT,0,0,0,0,0,0,0,0,0,0,0,0
mta-msmtp-socat-tcpdump,3,mta-msmtp socat tcpdump,ACCEPT,0,0,0,0,0,0,0,0,0,0,0,0
mta-msmtp-socat-tmux,3,mta-msmtp socat tmux,ACCEPT,0,0,0,0,0,0,0,0,0,0,0,0
mta-msmtp-socat-vim,3,mta-msmtp socat vim,ACCEPT,0,0,0,0,0,0,0,0,0,0,0,0
mta-msmtp-socat-webserver,3,mta-msmtp socat webserver,ACCEPT,0,0,0,1,0,0,0,0,0,0,0,0
mta-msmtp-socat-wget,3,mta-msmtp socat wget,ACCEPT,0,0,0,0,0,0,0,0,0,0,0,0
mta-msmtp-socat-zstd,3,mta-msmtp socat zstd,ACCEPT,0,0,0,0,0,0,0,0,0,0,0,0
mta-msmtp-sqlite,2,mta-msmtp sqlite,ACCEPT,0,0,0,0,0,0,0,0,0,0,0,0
mta-msmtp-sqlite-tcpdump,3,mta-msmtp sqlite tcpdump,ACCEPT,0,0,0,0,0,0,0,0,0,0,0,0
mta-msmtp-sqlite-tmux,3,mta-msmtp sqlite tmux,ACCEPT,0,0,0,0,0,0,0,0,0,0,0,0
mta-msmtp-sqlite-vim,3,mta-msmtp sqlite vim,ACCEPT,0,0,0,3,0,0,0,0,0,0,0,0
mta-msmtp-sqlite-webserver,3,mta-msmtp sqlite webserver,ACCEPT,0,0,0,1,0,0,0,0,0,0,0,0
mta-msmtp-sqlite-wget,3,mta-msmtp sqlite wget,ACCEPT,0,0,0,0,0,0,0,0,0,0,0,0
mta-msmtp-sqlite-zstd,3,mta-msmtp sqlite zstd,ACCEPT,0,0,0,0,0,0,0,0,0,0,0,0
mta-msmtp-tcpdump,2,mta-msmtp tcpdump,ACCEPT,0,0,0,0,0,0,0,0,0,0,0,0
mta-msmtp-tcpdump-tmux,3,mta-msmtp tcpdump tmux,ACCEPT,0,0,0,0,0,0,0,0,0,0,0,0
mta-msmtp-tcpdump-vim,3,mta-msmtp tcpdump vim,ACCEPT,0,0,0,0,0,0,0,0,0,0,0,0
mta-msmtp-tcpdump-webserver,3,mta-msmtp tcpdump webserver,ACCEPT,0,0,0,1,0,0,0,0,0,0,0,0
mta-msmtp-tcpdump-wget,3,mta-msmtp tcpdump wget,ACCEPT,0,0,0,0,0,0,0,0,0,0,0,0
mta-msmtp-tcpdump-zstd,3,mta-msmtp tcpdump zstd,ACCEPT,0,0,0,0,0,0,0,0,0,0,0,0
mta-msmtp-tmux,2,mta-msmtp tmux,ACCEPT,0,0,0,0,0,0,0,0,0,0,0,0
mta-msmtp-tmux-vim,3,mta-msmtp tmux vim,ACCEPT,0,0,0,0,0,0,0,0,0,0,0,0
mta-msmtp-tmux-webserver,3,mta-msmtp tmux webserver,ACCEPT,0,0,0,1,0,0,0,0,0,0,0,0
mta-msmtp-tmux-wget,3,mta-msmtp tmux wget,ACCEPT,0,0,0,0,0,0,0,0,0,0,0,0
mta-msmtp-tmux-zstd,3,mta-msmtp tmux zstd,ACCEPT,0,0,0,0,0,0,0,0,0,0,0,0
mta-msmtp-vim,2,mta-msmtp vim,ACCEPT,0,0,0,0,0,0,0,0,0,0,0,0
mta-msmtp-vim-webserver,3,mta-msmtp vim webserver,ACCEPT,0,0,0,2,0,0,0,0,0,0,0,0
mta-msmtp-vim-wget,3,mta-msmtp vim wget,ACCEPT,0,0,0,0,0,0,0,0,0,0,0,0
mta-msmtp-vim-zstd,3,mta-msmtp vim zstd,ACCEPT,0,0,0,0,0,0,0,0,0,0,0,0
mta-msmtp-webserver,2,mta-msmtp webserver,ACCEPT,0,0,0,1,0,0,0,0,0,0,0,0
mta-msmtp-webserver-wget,3,mta-msmtp webserver wget,ACCEPT,0,0,0,1,0,0,0,0,0,0,0,0
mta-msmtp-webserver-zstd,3,mta-msmtp webserver zstd,ACCEPT,0,0,0,1,0,0,0,0,0,0,0,0
mta-msmtp-wget,2,mta-msmtp wget,ACCEPT,0,0,0,0,0,0,0,0,0,0,0,0
mta-msmtp-wget-zstd,3,mta-msmtp wget zstd,ACCEPT,0,0,0,0,0,0,0,0,0,0,0,0
mta-msmtp-zstd,2,mta-msmtp zstd,ACCEPT,0,0,0,0,0,0,0,0,0,0,0,0
mta-nullmailer-mysql,2,mta-nullmailer mysql,ACCEPT,0,0,0,0,0,0,0,0,0,0,0,0
mta-nullmailer-mysql-nc-openbsd,3,mta-nullmailer mysql nc-openbsd,ACCEPT,0,0,0,2,0,0,0,0,0,0,0,0
mta-nullmailer-mysql-nc-traditional,3,mta-nullmailer mysql nc-traditional,ACCEPT,0,0,0,0,0,0,0,0,0,0,0,0
mta-nullmailer-mysql-nvidia-driver-535,3,mta-nullmailer mysql nvidia-driver-535,ACCEPT,0,0,0,0,0,0,0,0,0,0,0,0
mta-nullmailer-mysql-original-awk,3,mta-nullmailer mysql original-awk,ACCEPT,0,0,0,0,0,0,0,0,0,0,0,0
mta-nullmailer-mysql-pgclient,3,mta-nullmailer mysql pgclient,ACCEPT,0,0,0,7,0,0,0,0,0,0,0,0
mta-nullmailer-mysql-pipdemo,3,mta-nullmailer mysql pipdemo,ACCEPT,0,0,0,2,0,0,0,0,0,0,0,0
mta-nullmailer-mysql-postgres,3,mta-nullmailer mysql postgres,ACCEPT,0,0,0,10,0,0,0,0,0,0,0,0
mta-nullmailer-mysql-pytools,3,mta-nullmailer mysql pytools,ACCEPT,0,0,0,2,0,0,0,0,0,0,0,0
mta-nullmailer-mysql-pyyaml,3,mta-nullmailer mysql pyyaml,ACCEPT,0,0,0,2,0,0,0,0,0,0,0,0
mta-nullmailer-mysql-redis,3,mta-nullmailer mysql redis,ACCEPT,0,0,0,0,0,0,0,0,0,0,0,0
mta-nullmailer-mysql-rsync,3,mta-nullmailer mysql rsync,ACCEPT,0,0,0,2,0,0,0,0,0,0,0,0
mta-nullmailer-mysql-rust,3,mta-nullmailer mysql rust,ACCEPT,0,0,0,1,0,0,0,0,0,0,0,0
mta-nullmailer-mysql-socat,3,mta-nullmailer mysql socat,ACCEPT,0,0,0,2,0,0,0,0,0,0,0,0
mta-nullmailer-mysql-sqlite,3,mta-nullmailer mysql sqlite,ACCEPT,0,0,0,2,0,0,0,0,0,0,0,0
mta-nullmailer-mysql-tcpdump,3,mta-nullmailer mysql tcpdump,ACCEPT,0,0,0,0,0,0,0,0,0,0,0,0
mta-nullmailer-mysql-tmux,3,mta-nullmailer mysql tmux,ACCEPT,0,0,0,0,0,0,0,0,0,0,0,0
mta-nullmailer-mysql-vim,3,mta-nullmailer mysql vim,ACCEPT,0,0,0,2,0,0,0,0,0,0,0,0
mta-nullmailer-mysql-webserver,3,mta-nullmailer mysql webserver,ACCEPT,0,0,0,8,0,0,0,0,0,0,0,0
mta-nullmailer-mysql-wget,3,mta-nullmailer mysql wget,ACCEPT,0,0,0,0,0,0,0,0,0,0,0,0
mta-nullmailer-mysql-zstd,3,mta-nullmailer mysql zstd,ACCEPT,0,0,0,0,0,0,0,0,0,0,0,0
mta-nullmailer-nc-openbsd,2,mta-nullmailer nc-openbsd,ACCEPT,0,0,0,0,0,0,0,0,0,0,0,0
mta-nullmailer-nc-openbsd-nc-traditional,3,mta-nullmailer nc-openbsd nc-traditional,ACCEPT,0,0,0,0,0,0,0,0,0,0,0,0
mta-nullmailer-nc-openbsd-nvidia-driver-535,3,mta-nullmailer nc-openbsd nvidia-driver-535,ACCEPT,0,0,0,0,0,0,0,0,0,0,0,0
mta-nullmailer-nc-openbsd-original-awk,3,mta-nullmailer nc-openbsd original-awk,ACCEPT,0,0,0,0,0,0,0,0,0,0,0,0
mta-nullmailer-nc-openbsd-pgclient,3,mta-nullmailer nc-openbsd pgclient,ACCEPT,0,0,0,0,0,0,0,0,0,0,0,0
mta-nullmailer-nc-openbsd-pipdemo,3,mta-nullmailer nc-openbsd pipdemo,ACCEPT,0,0,0,0,0,0,0,0,0,0,0,0
mta-nullmailer-nc-openbsd-postgres,3,mta-nullmailer nc-openbsd postgres,ACCEPT,0,0,0,2,0,0,0,0,0,0,0,0
mta-nullmailer-nc-openbsd-pytools,3,mta-nullmailer nc-openbsd pytools,ACCEPT,0,0,0,0,0,0,0,0,0,0,0,0
mta-nullmailer-nc-openbsd-pyyaml,3,mta-nullmailer nc-openbsd pyyaml,ACCEPT,0,0,0,0,0,0,0,0,0,0,0,0
mta-nullmailer-nc-openbsd-redis,3,mta-nullmailer nc-openbsd redis,ACCEPT,0,0,0,0,0,0,0,0,0,0,0,0
mta-nullmailer-nc-openbsd-rsync,3,mta-nullmailer nc-openbsd rsync,ACCEPT,0,0,0,0,0,0,0,0,0,0,0,0
mta-nullmailer-nc-openbsd-rust,3,mta-nullmailer nc-openbsd rust,ACCEPT,0,0,0,0,0,0,0,0,0,0,0,0
mta-nullmailer-nc-openbsd-socat,3,mta-nullmailer nc-openbsd socat,ACCEPT,0,0,0,0,0,0,0,0,0,0,0,0
mta-nullmailer-nc-openbsd-sqlite,3,mta-nullmailer nc-openbsd sqlite,ACCEPT,0,0,0,0,0,0,0,0,0,0,0,0
mta-nullmailer-nc-openbsd-tcpdump,3,mta-nullmailer nc-openbsd tcpdump,ACCEPT,0,0,0,0,0,0,0,0,0,0,0,0
mta-nullmailer-nc-openbsd-tmux,3,mta-nullmailer nc-openbsd tmux,ACCEPT,0,0,0,0,0,0,0,0,0,0,0,0
mta-nullmailer-nc-openbsd-vim,3,mta-nullmailer nc-openbsd vim,ACCEPT,0,0,0,0,0,0,0,0,0,0,0,0
mta-nullmailer-nc-openbsd-webserver,3,mta-nullmailer nc-openbsd webserver,ACCEPT,0,0,0,2,0,0,0,0,0,0,0,0
mta-nullmailer-nc-openbsd-wget,3,mta-nullmailer nc-openbsd wget,ACCEPT,0,0,0,0,0,0,0,0,0,0,0,0
mta-nullmailer-nc-openbsd-zstd,3,mta-nullmailer nc-openbsd zstd,ACCEPT,0,0,0,0,0,0,0,0,0,0,0,0
mta-nullmailer-nc-traditional,2,mta-nullmailer nc-traditional,ACCEPT,0,0,0,0,0,0,0,0,0,0,0,0
mta-nullmailer-nc-traditional-nvidia-driver-535,3,mta-nullmailer nc-traditional nvidia-driver-535,ACCEPT,0,0,0,0,0,0,0,0,0,0,0,0
mta-nullmailer-nc-traditional-original-awk,3,mta-nullmailer nc-traditional original-awk,ACCEPT,0,0,0,0,0,0,0,0,0,0,0,0
mta-nullmailer-nc-traditional-pgclient,3,mta-nullmailer nc-traditional pgclient,ACCEPT,0,0,0,0,0,0,0,0,0,0,0,0
mta-nullmailer-nc-traditional-pipdemo,3,mta-nullmailer nc-traditional pipdemo,ACCEPT,0,0,0,0,0,0,0,0,0,0,0,0
mta-nullmailer-nc-traditional-postgres,3,mta-nullmailer nc-traditional postgres,ACCEPT,0,0,0,0,0,0,0,0,0,0,0,0
mta-nullmailer-nc-traditional-pytools,3,mta-nullmailer nc-traditional pytools,ACCEPT,0,0,0,0,0,0,0,0,0,0,0,0
mta-nullmailer-nc-traditional-pyyaml,3,mta-nullmailer nc-traditional pyyaml,ACCEPT,0,0,0,0,0,0,0,0,0,0,0,0
mta-nullmailer-nc-traditional-redis,3,mta-nullmailer nc-traditional redis,ACCEPT,0,0,0,0,0,0,0,0,0,0,0,0
mta-nullmailer-nc-traditional-rsync,3,mta-nullmailer nc-traditional rsync,ACCEPT,0,0,0,0,0,0,0,0,0,0,0,0
mta-nullmailer-nc-traditional-rust,3,mta-nullmailer nc-traditional rust,ACCEPT,0,0,0,0,0,0,0,0,0,0,0,0
mta-nullmailer-nc-traditional-socat,3,mta-nullmailer nc-traditional socat,ACCEPT,0,0,0,0,0,0,0,0,0,0,0,0
mta-nullmailer-nc-traditional-sqlite,3,mta-nullmailer nc-traditional sqlite,ACCEPT,0,0,0,0,0,0,0,0,0,0,0,0
mta-nullmailer-nc-traditional-tcpdump,3,mta-nullmailer nc-traditional tcpdump,ACCEPT,0,0,0,0,0,0,0,0,0,0,0,0
mta-nullmailer-nc-traditional-tmux,3,mta-nullmailer nc-traditional tmux,ACCEPT,0,0,0,0,0,0,0,0,0,0,0,0
mta-nullmailer-nc-traditional-vim,3,mta-nullmailer nc-traditional vim,ACCEPT,0,0,0,0,0,0,0,0,0,0,0,0
mta-nullmailer-nc-traditional-webserver,3,mta-nullmailer nc-traditional webserver,ACCEPT,0,0,0,0,0,0,0,0,0,0,0,0
mta-nullmailer-nc-traditional-wget,3,mta-nullmailer nc-traditional wget,ACCEPT,0,0,0,0,0,0,0,0,0,0,0,0
mta-nullmailer-nc-traditional-zstd,3,mta-nullmailer nc-traditional zstd,ACCEPT,0,0,0,0,0,0,0,0,0,0,0,0
mta-nullmailer-nvidia-driver-535,2,mta-nullmailer nvidia-driver-535,ACCEPT,0,0,0,0,0,0,0,0,0,0,0,0
mta-nullmailer-nvidia-driver-535-original-awk,3,mta-nullmailer nvidia-driver-535 original-awk,ACCEPT,0,0,0,0,0,0,0,0,0,0,0,0
mta-nullmailer-nvidia-driver-535-pgclient,3,mta-nullmailer nvidia-driver-535 pgclient,ACCEPT,0,0,0,0,0,0,0,0,0,0,0,0
mta-nullmailer-nvidia-driver-535-pipdemo,3,mta-nullmailer nvidia-driver-535 pipdemo,ACCEPT,0,0,0,0,0,0,0,0,0,0,0,0
mta-nullmailer-nvidia-driver-535-postgres,3,mta-nullmailer nvidia-driver-535 postgres,ACCEPT,0,0,0,0,0,0,0,0,0,0,0,0
mta-nullmailer-nvidia-driver-535-pytools,3,mta-nullmailer nvidia-driver-535 pytools,ACCEPT,0,0,0,0,0,0,0,0,0,0,0,0
mta-nullmailer-nvidia-driver-535-pyyaml,3,mta-nullmailer nvidia-driver-535 pyyaml,ACCEPT,0,0,0,0,0,0,0,0,0,0,0,0
mta-nullmailer-nvidia-driver-535-redis,3,mta-nullmailer nvidia-driver-535 redis,ACCEPT,0,0,0,0,0,0,0,0,0,0,0,0
mta-nullmailer-nvidia-driver-535-rsync,3,mta-nullmailer nvidia-driver-535 rsync,ACCEPT,0,0,0,0,0,0,0,0,0,0,0,0
mta-nullmailer-nvidia-driver-535-rust,3,mta-nullmailer nvidia-driver-535 rust,ACCEPT,0,0,0,6,0,0,0,0,0,0,0,0
mta-nullmailer-nvidia-driver-535-socat,3,mta-nullmailer nvidia-driver-535 socat,ACCEPT,0,0,0,0,0,0,0,0,0,0,0,0
mta-nullmailer-nvidia-driver-535-sqlite,3,mta-nullmailer nvidia-driver-535 sqlite,ACCEPT,0,0,0,0,0,0,0,0,0,0,0,0
mta-nullmailer-nvidia-driver-535-tcpdump,3,mta-nullmailer nvidia-driver-535 tcpdump,ACCEPT,0,0,0,0,0,0,0,0,0,0,0,0
mta-nullmailer-nvidia-driver-535-tmux,3,mta-nullmailer nvidia-driver-535 tmux,ACCEPT,0,0,0,0,0,0,0,0,0,0,0,0
mta-nullmailer-nvidia-driver-535-vim,3,mta-nullmailer nvidia-driver-535 vim,ACCEPT,0,0,0,0,0,0,0,0,0,0,0,0
mta-nullmailer-nvidia-driver-535-webserver,3,mta-nullmailer nvidia-driver-535 webserver,ACCEPT,0,0,0,0,0,0,0,0,0,0,0,0
mta-nullmailer-nvidia-driver-535-wget,3,mta-nullmailer nvidia-driver-535 wget,ACCEPT,0,0,0,0,0,0,0,0,0,0,0,0
mta-nullmailer-nvidia-driver-535-zstd,3,mta-nullmailer nvidia-driver-535 zstd,ACCEPT,0,0,0,0,0,0,0,0,0,0,0,0
mta-nullmailer-original-awk,2,mta-nullmailer original-awk,ACCEPT,0,0,0,0,0,0,0,0,0,0,0,0
mta-nullmailer-original-awk-pgclient,3,mta-nullmailer original-awk pgclient,ACCEPT,0,0,0,0,0,0,0,0,0,0,0,0
mta-nullmailer-original-awk-pipdemo,3,mta-nullmailer original-awk pipdemo,ACCEPT,0,0,0,0,0,0,0,0,0,0,0,0
mta-nullmailer-original-awk-postgres,3,mta-nullmailer original-awk postgres,ACCEPT,0,0,0,0,0,0,0,0,0,0,0,0
mta-nullmailer-original-awk-pytools,3,mta-nullmailer original-awk pytools,ACCEPT,0,0,0,0,0,0,0,0,0,0,0,0
mta-nullmailer-original-awk-pyyaml,3,mta-nullmailer original-awk pyyaml,ACCEPT,0,0,0,0,0,0,0,0,0,0,0,0
mta-nullmailer-original-awk-redis,3,mta-nullmailer original-awk redis,ACCEPT,0,0,0,0,0,0,0,0,0,0,0,0
mta-nullmailer-original-awk-rsync,3,mta-nullmailer original-awk rsync,ACCEPT,0,0,0,0,0,0,0,0,0,0,0,0
mta-nullmailer-original-awk-rust,3,mta-nullmailer original-awk rust,ACCEPT,0,0,0,0,0,0,0,0,0,0,0,0
mta-nullmailer-original-awk-socat,3,mta-nullmailer original-awk socat,ACCEPT,0,0,0,0,0,0,0,0,0,0,0,0
mta-nullmailer-original-awk-sqlite,3,mta-nullmailer original-awk sqlite,ACCEPT,0,0,0,0,0,0,0,0,0,0,0,0
mta-nullmailer-original-awk-tcpdump,3,mta-nullmailer original-awk tcpdump,ACCEPT,0,0,0,0,0,0,0,0,0,0,0,0
mta-nullmailer-original-awk-tmux,3,mta-nullmailer original-awk tmux,ACCEPT,0,0,0,0,0,0,0,0,0,0,0,0
mta-nullmailer-original-awk-vim,3,mta-nullmailer original-awk vim,ACCEPT,0,0,0,0,0,0,0,0,0,0,0,0
mta-nullmailer-original-awk-webserver,3,mta-nullmailer original-awk webserver,ACCEPT,0,0,0,0,0,0,0,0,0,0,0,0
mta-nullmailer-original-awk-wget,3,mta-nullmailer original-awk wget,ACCEPT,0,0,0,0,0,0,0,0,0,0,0,0
mta-nullmailer-original-awk-zstd,3,mta-nullmailer original-awk zstd,ACCEPT,0,0,0,0,0,0,0,0,0,0,0,0
mta-nullmailer-pgclient,2,mta-nullmailer pgclient,ACCEPT,0,0,0,0,0,0,0,0,0,0,0,0
mta-nullmailer-pgclient-pipdemo,3,mta-nullmailer pgclient pipdemo,ACCEPT,0,0,0,2,0,0,0,0,0,0,0,0
mta-nullmailer-pgclient-postgres,3,mta-nullmailer pgclient postgres,ACCEPT,0,0,0,14,0,0,0,0,0,0,0,0
mta-nullmailer-pgclient-pytools,3,mta-nullmailer pgclient pytools,ACCEPT,0,0,0,2,0,0,0,0,0,0,0,0
mta-nullmailer-pgclient-pyyaml,3,mta-nullmailer pgclient pyyaml,ACCEPT,0,0,0,2,0,0,0,0,0,0,0,0
mta-nullmailer-pgclient-redis,3,mta-nullmailer pgclient redis,ACCEPT,0,0,0,0,0,0,0,0,0,0,0,0
mta-nullmailer-pgclient-rsync,3,mta-nullmailer pgclient rsync,ACCEPT,0,0,0,0,0,0,0,0,0,0,0,0
mta-nullmailer-pgclient-rust,3,mta-nullmailer pgclient rust,ACCEPT,0,0,0,3,0,0,0,0,0,0,0,0
mta-nullmailer-pgclient-socat,3,mta-nullmailer pgclient socat,ACCEPT,0,0,0,0,0,0,0,0,0,0,0,0
mta-nullmailer-pgclient-sqlite,3,mta-nullmailer pgclient sqlite,ACCEPT,0,0,0,2,0,0,0,0,0,0,0,0
mta-nullmailer-pgclient-tcpdump,3,mta-nullmailer pgclient tcpdump,ACCEPT,0,0,0,0,0,0,0,0,0,0,0,0
mta-nullmailer-pgclient-tmux,3,mta-nullmailer pgclient tmux,ACCEPT,0,0,0,0,0,0,0,0,0,0,0,0
mta-nullmailer-pgclient-vim,3,mta-nullmailer pgclient vim,ACCEPT,0,0,0,2,0,0,0,0,0,0,0,0
mta-nullmailer-pgclient-webserver,3,mta-nullmailer pgclient webserver,ACCEPT,0,0,0,0,0,0,0,0,0,0,0,0
mta-nullmailer-pgclient-wget,3,mta-nullmailer pgclient wget,ACCEPT,0,0,0,0,0,0,0,0,0,0,0,0
mta-nullmailer-pgclient-zstd,3,mta-nullmailer pgclient zstd,ACCEPT,0,0,0,0,0,0,0,0,0,0,0,0
mta-nullmailer-pipdemo,2,mta-nullmailer pipdemo,ACCEPT,0,0,0,0,0,0,0,0,0,0,0,0
mta-nullmailer-pipdemo-postgres,3,mta-nullmailer pipdemo postgres,ACCEPT,0,0,0,2,0,0,0,0,0,0,0,0
mta-nullmailer-pipdemo-pytools,3,mta-nullmailer pipdemo pytools,ACCEPT,0,0,0,19,0,0,0,0,0,0,0,0
mta-nullmailer-pipdemo-pyyaml,3,mta-nullmailer pipdemo pyyaml,ACCEPT,0,0,0,13,0,0,0,0,0,0,0,0
mta-nullmailer-pipdemo-redis,3,mta-nullmailer pipdemo redis,ACCEPT,0,0,0,0,0,0,0,0,0,0,0,0
mta-nullmailer-pipdemo-rsync,3,mta-nullmailer pipdemo rsync,ACCEPT,0,0,0,0,0,0,0,0,0,0,0,0
mta-nullmailer-pipdemo-rust,3,mta-nullmailer pipdemo rust,ACCEPT,0,0,0,0,0,0,0,0,0,0,0,0
mta-nullmailer-pipdemo-socat,3,mta-nullmailer pipdemo socat,ACCEPT,0,0,0,0,0,0,0,0,0,0,0,0
mta-nullmailer-pipdemo-sqlite,3,mta-nullmailer pipdemo sqlite,ACCEPT,0,0,0,3,0,0,0,0,0,0,0,0
mta-nullmailer-pipdemo-tcpdump,3,mta-nullmailer pipdemo tcpdump,ACCEPT,0,0,0,0,0,0,0,0,0,0,0,0
mta-nullmailer-pipdemo-tmux,3,mta-nullmailer pipdemo tmux,ACCEPT,0,0,0,0,0,0,0,0,0,0,0,0
mta-nullmailer-pipdemo-vim,3,mta-nullmailer pipdemo vim,ACCEPT,0,0,0,8,0,0,0,0,0,0,0,0
mta-nullmailer-pipdemo-webserver,3,mta-nullmailer pipdemo webserver,ACCEPT,0,0,0,1,0,0,0,0,0,0,0,0
mta-nullmailer-pipdemo-wget,3,mta-nullmailer pipdemo wget,ACCEPT,0,0,0,0,0,0,0,0,0,0,0,0
mta-nullmailer-pipdemo-zstd,3,mta-nullmailer pipdemo zstd,ACCEPT,0,0,0,0,0,0,0,0,0,0,0,0
mta-nullmailer-postgres,2,mta-nullmailer postgres,ACCEPT,0,0,0,0,0,0,0,0,0,0,0,0
mta-nullmailer-postgres-pytools,3,mta-nullmailer postgres pytools,ACCEPT,0,0,0,2,0,0,0,0,0,0,0,0
mta-nullmailer-postgres-pyyaml,3,mta-nullmailer postgres pyyaml,ACCEPT,0,0,0,2,0,0,0,0,0,0,0,0
mta-nullmailer-postgres-redis,3,mta-nullmailer postgres redis,ACCEPT,0,0,0,0,0,0,0,0,0,0,0,0
mta-nullmailer-postgres-rsync,3,mta-nullmailer postgres rsync,ACCEPT,0,0,0,0,0,0,0,0,0,0,0,0
mta-nullmailer-postgres-rust,3,mta-nullmailer postgres rust,ACCEPT,0,0,0,3,0,0,0,0,0,0,0,0
mta-nullmailer-postgres-socat,3,mta-nullmailer postgres socat,ACCEPT,0,0,0,0,0,0,0,0,0,0,0,0
mta-nullmailer-postgres-sqlite,3,mta-nullmailer postgres sqlite,ACCEPT,0,0,0,2,0,0,0,0,0,0,0,0
mta-nullmailer-postgres-tcpdump,3,mta-nullmailer postgres tcpdump,ACCEPT,0,0,0,0,0,0,0,0,0,0,0,0
mta-nullmailer-postgres-tmux,3,mta-nullmailer postgres tmux,ACCEPT,0,0,0,0,0,0,0,0,0,0,0,0
mta-nullmailer-postgres-vim,3,mta-nullmailer postgres vim,ACCEPT,0,0,0,2,0,0,0,0,0,0,0,0
mta-nullmailer-postgres-webserver,3,mta-nullmailer postgres webserver,ACCEPT,0,0,0,6,0,0,0,0,0,0,0,0
mta-nullmailer-postgres-wget,3,mta-nullmailer postgres wget,ACCEPT,0,0,0,0,0,0,0,0,0,0,0,0
mta-nullmailer-postgres-zstd,3,mta-nullmailer postgres zstd,ACCEPT,0,0,0,0,0,0,0,0,0,0,0,0
mta-nullmailer-pytools,2,mta-nullmailer pytools,ACCEPT,0,0,0,0,0,0,0,0,0,0,0,0
mta-nullmailer-pytools-pyyaml,3,mta-nullmailer pytools pyyaml,ACCEPT,0,0,0,13,0,0,0,0,0,0,0,0
mta-nullmailer-pytools-redis,3,mta-nullmailer pytools redis,ACCEPT,0,0,0,0,0,0,0,0,0,0,0,0
mta-nullmailer-pytools-rsync,3,mta-nullmailer pytools rsync,ACCEPT,0,0,0,0,0,0,0,0,0,0,0,0
mta-nullmailer-pytools-rust,3,mta-nullmailer pytools rust,ACCEPT,0,0,0,1,0,0,0,0,0,0,0,0
mta-nullmailer-pytools-socat,3,mta-nullmailer pytools socat,ACCEPT,0,0,0,0,0,0,0,0,0,0,0,0
mta-nullmailer-pytools-sqlite,3,mta-nullmailer pytools sqlite,ACCEPT,0,0,0,3,0,0,0,0,0,0,0,0
mta-nullmailer-pytools-tcpdump,3,mta-nullmailer pytools tcpdump,ACCEPT,0,0,0,0,0,0,0,0,0,0,0,0
mta-nullmailer-pytools-tmux,3,mta-nullmailer pytools tmux,ACCEPT,0,0,0,0,0,0,0,0,0,0,0,0
mta-nullmailer-pytools-vim,3,mta-nullmailer pytools vim,ACCEPT,0,0,0,8,0,0,0,0,0,0,0,0
mta-nullmailer-pytools-webserver,3,mta-nullmailer pytools webserver,ACCEPT,0,0,0,1,0,0,0,0,0,0,0,0
mta-nullmailer-pytools-wget,3,mta-nullmailer pytools wget,ACCEPT,0,0,0,0,0,0,0,0,0,0,0,0
mta-nullmailer-pytools-zstd,3,mta-nullmailer pytools zstd,ACCEPT,0,0,0,0,0,0,0,0,0,0,0,0
mta-nullmailer-pyyaml,2,mta-nullmailer pyyaml,ACCEPT,0,0,0,0,0,0,0,0,0,0,0,0
mta-nullmailer-pyyaml-redis,3,mta-nullmailer pyyaml redis,ACCEPT,0,0,0,0,0,0,0,0,0,0,0,0
mta-nullmailer-pyyaml-rsync,3,mta-nullmailer pyyaml rsync,ACCEPT,0,0,0,0,0,0,0,0,0,0,0,0
mta-nullmailer-pyyaml-rust,3,mta-nullmailer pyyaml rust,ACCEPT,0,0,0,0,0,0,0,0,0,0,0,0
mta-nullmailer-pyyaml-socat,3,mta-nullmailer pyyaml socat,ACCEPT,0,0,0,0,0,0,0,0,0,0,0,0
mta-nullmailer-pyyaml-sqlite,3,mta-nullmailer pyyaml sqlite,ACCEPT,0,0,0,3,0,0,0,0,0,0,0,0
mta-nullmailer-pyyaml-tcpdump,3,mta-nullmailer pyyaml tcpdump,ACCEPT,0,0,0,0,0,0,0,0,0,0,0,0
mta-nullmailer-pyyaml-tmux,3,mta-nullmailer pyyaml tmux,ACCEPT,0,0,0,0,0,0,0,0,0,0,0,0
mta-nullmailer-pyyaml-vim,3,mta-nullmailer pyyaml vim,ACCEPT,0,0,0,8,0,0,0,0,0,0,0,0
mta-nullmailer-pyyaml-webserver,3,mta-nullmailer pyyaml webserver,ACCEPT,0,0,0,1,0,0,0,0,0,0,0,0
mta-nullmailer-pyyaml-wget,3,mta-nullmailer pyyaml wget,ACCEPT,0,0,0,0,0,0,0,0,0,0,0,0
mta-nullmailer-pyyaml-zstd,3,mta-nullmailer pyyaml zstd,ACCEPT,0,0,0,0,0,0,0,0,0,0,0,0
mta-nullmailer-redis,2,mta-nullmailer redis,ACCEPT,0,0,0,0,0,0,0,0,0,0,0,0
mta-nullmailer-redis-rsync,3,mta-nullmailer redis rsync,ACCEPT,0,0,0,0,0,0,0,0,0,0,0,0
mta-nullmailer-redis-rust,3,mta-nullmailer redis rust,ACCEPT,0,0,0,1,0,0,0,0,0,0,0,0
mta-nullmailer-redis-socat,3,mta-nullmailer redis socat,ACCEPT,0,0,0,0,0,0,0,0,0,0,0,0
mta-nullmailer-redis-sqlite,3,mta-nullmailer redis sqlite,ACCEPT,0,0,0,0,0,0,0,0,0,0,0,0
mta-nullmailer-redis-tcpdump,3,mta-nullmailer redis tcpdump,ACCEPT,0,0,0,0,0,0,0,0,0,0,0,0
mta-nullmailer-redis-tmux,3,mta-nullmailer redis tmux,ACCEPT,0,0,0,0,0,0,0,0,0,0,0,0
mta-nullmailer-redis-vim,3,mta-nullmailer redis vim,ACCEPT,0,0,0,0,0,0,0,0,0,0,0,0
mta-nullmailer-redis-webserver,3,mta-nullmailer redis webserver,ACCEPT,0,0,0,0,0,0,0,0,0,0,0,0
mta-nullmailer-redis-wget,3,mta-nullmailer redis wget,ACCEPT,0,0,0,0,0,0,0,0,0,0,0,0
mta-nullmailer-redis-zstd,3,mta-nullmailer redis zstd,ACCEPT,0,0,0,0,0,0,0,0,0,0,0,0
mta-nullmailer-rsync,2,mta-nullmailer rsync,ACCEPT,0,0,0,0,0,0,0,0,0,0,0,0
mta-nullmailer-rsync-rust,3,mta-nullmailer rsync rust,ACCEPT,0,0,0,0,0,0,0,0,0,0,0,0
mta-nullmailer-rsync-socat,3,mta-nullmailer rsync socat,ACCEPT,0,0,0,0,0,0,0,0,0,0,0,0
mta-nullmailer-rsync-sqlite,3,mta-nullmailer rsync sqlite,ACCEPT,0,0,0,0,0,0,0,0,0,0,0,0
mta-nullmailer-rsync-tcpdump,3,mta-nullmailer rsync tcpdump,ACCEPT,0,0,0,0,0,0,0,0,0,0,0,0
mta-nullmailer-rsync-tmux,3,mta-nullmailer rsync tmux,ACCEPT,0,0,0,0,0,0,0,0,0,0,0,0
mta-nullmailer-rsync-vim,3,mta-nullmailer rsync vim,ACCEPT,0,0,0,0,0,0,0,0,0,0,0,0
mta-nullmailer-rsync-webserver,3,mta-nullmailer rsync webserver,ACCEPT,0,0,0,0,0,0,0,0,0,0,0,0
mta-nullmailer-rsync-wget,3,mta-nullmailer rsync wget,ACCEPT,0,0,0,0,0,0,0,0,0,0,0,0
mta-nullmailer-rsync-zstd,3,mta-nullmailer rsync zstd,ACCEPT,0,0,0,0,0,0,0,0,0,0,0,0
mta-nullmailer-rust,2,mta-nullmailer rust,ACCEPT,0,0,0,0,0,0,0,0,0,0,0,0
mta-nullmailer-rust-socat,3,mta-nullmailer rust socat,ACCEPT,0,0,0,0,0,0,0,0,0,0,0,0
mta-nullmailer-rust-sqlite,3,mta-nullmailer rust sqlite,ACCEPT,0,0,0,0,0,0,0,0,0,0,0,0
mta-nullmailer-rust-tcpdump,3,mta-nullmailer rust tcpdump,ACCEPT,0,0,0,0,0,0,0,0,0,0,0,0
mta-nullmailer-rust-tmux,3,mta-nullmailer rust tmux,ACCEPT,0,0,0,0,0,0,0,0,0,0,0,0
mta-nullmailer-rust-vim,3,mta-nullmailer rust vim,ACCEPT,0,0,0,0,0,0,0,0,0,0,0,0
mta-nullmailer-rust-webserver,3,mta-nullmailer rust webserver,ACCEPT,0,0,0,1,0,0,0,0,0,0,0,0
mta-nullmailer-rust-wget,3,mta-nullmailer rust wget,ACCEPT,0,0,0,1,0,0,0,0,0,0,0,0
mta-nullmailer-rust-zstd,3,mta-nullmailer rust zstd,ACCEPT,0,0,0,0,0,0,0,0,0,0,0,0
mta-nullmailer-socat,2,mta-nullmailer socat,ACCEPT,0,0,0,0,0,0,0,0,0,0,0,0
mta-nullmailer-socat-sqlite,3,mta-nullmailer socat sqlite,ACCEPT,0,0,0,0,0,0,0,0,0,0,0,0
mta-nullmailer-socat-tcpdump,3,mta-nullmailer socat tcpdump,ACCEPT,0,0,0,0,0,0,0,0,0,0,0,0
mta-nullmailer-socat-tmux,3,mta-nullmailer socat tmux,ACCEPT,0,0,0,0,0,0,0,0,0,0,0,0
mta-nullmailer-socat-vim,3,mta-nullmailer socat vim,ACCEPT,0,0,0,0,0,0,0,0,0,0,0,0
mta-nullmailer-socat-webserver,3,mta-nullmailer socat webserver,ACCEPT,0,0,0,0,0,0,0,0,0,0,0,0
mta-nullmailer-socat-wget,3,mta-nullmailer socat wget,ACCEPT,0,0,0,0,0,0,0,0,0,0,0,0
mta-nullmailer-socat-zstd,3,mta-nullmailer socat zstd,ACCEPT,0,0,0,0,0,0,0,0,0,0,0,0
mta-nullmailer-sqlite,2,mta-nullmailer sqlite,ACCEPT,0,0,0,0,0,0,0,0,0,0,0,0
mta-nullmailer-sqlite-tcpdump,3,mta-nullmailer sqlite tcpdump,ACCEPT,0,0,0,0,0,0,0,0,0,0,0,0
mta-nullmailer-sqlite-tmux,3,mta-nullmailer sqlite tmux,ACCEPT,0,0,0,0,0,0,0,0,0,0,0,0
mta-nullmailer-sqlite-vim,3,mta-nullmailer sqlite vim,ACCEPT,0,0,0,3,0,0,0,0,0,0,0,0
mta-nullmailer-sqlite-webserver,3,mta-nullmailer sqlite webserver,ACCEPT,0,0,0,0,0,0,0,0,0,0,0,0
mta-nullmailer-sqlite-wget,3,mta-nullmailer sqlite wget,ACCEPT,0,0,0,0,0,0,0,0,0,0,0,0
mta-nullmailer-sqlite-zstd,3,mta-nullmailer sqlite zstd,ACCEPT,0,0,0,0,0,0,0,0,0,0,0,0
mta-nullmailer-tcpdump,2,mta-nullmailer tcpdump,ACCEPT,0,0,0,0,0,0,0,0,0,0,0,0
mta-nullmailer-tcpdump-tmux,3,mta-nullmailer tcpdump tmux,ACCEPT,0,0,0,0,0,0,0,0,0,0,0,0
mta-nullmailer-tcpdump-vim,3,mta-nullmailer tcpdump vim,ACCEPT,0,0,0,0,0,0,0,0,0,0,0,0
mta-nullmailer-tcpdump-webserver,3,mta-nullmailer tcpdump webserver,ACCEPT,0,0,0,0,0,0,0,0,0,0,0,0
mta-nullmailer-tcpdump-wget,3,mta-nullmailer tcpdump wget,ACCEPT,0,0,0,0,0,0,0,0,0,0,0,0
mta-nullmailer-tcpdump-zstd,3,mta-nullmailer tcpdump zstd,ACCEPT,0,0,0,0,0,0,0,0,0,0,0,0
mta-nullmailer-tmux,2,mta-nullmailer tmux,ACCEPT,0,0,0,0,0,0,0,0,0,0,0,0
mta-nullmailer-tmux-vim,3,mta-nullmailer tmux vim,ACCEPT,0,0,0,0,0,0,0,0,0,0,0,0
mta-nullmailer-tmux-webserver,3,mta-nullmailer tmux webserver,ACCEPT,0,0,0,0,0,0,0,0,0,0,0,0
mta-nullmailer-tmux-wget,3,mta-nullmailer tmux wget,ACCEPT,0,0,0,0,0,0,0,0,0,0,0,0
mta-nullmailer-tmux-zstd,3,mta-nullmailer tmux zstd,ACCEPT,0,0,0,0,0,0,0,0,0,0,0,0
mta-nullmailer-vim,2,mta-nullmailer vim,ACCEPT,0,0,0,0,0,0,0,0,0,0,0,0
mta-nullmailer-vim-webserver,3,mta-nullmailer vim webserver,ACCEPT,0,0,0,1,0,0,0,0,0,0,0,0
mta-nullmailer-vim-wget,3,mta-nullmailer vim wget,ACCEPT,0,0,0,0,0,0,0,0,0,0,0,0
mta-nullmailer-vim-zstd,3,mta-nullmailer vim zstd,ACCEPT,0,0,0,0,0,0,0,0,0,0,0,0
mta-nullmailer-webserver,2,mta-nullmailer webserver,ACCEPT,0,0,0,0,0,0,0,0,0,0,0,0
mta-nullmailer-webserver-wget,3,mta-nullmailer webserver wget,ACCEPT,0,0,0,0,0,0,0,0,0,0,0,0
mta-nullmailer-webserver-zstd,3,mta-nullmailer webserver zstd,ACCEPT,0,0,0,0,0,0,0,0,0,0,0,0
mta-nullmailer-wget,2,mta-nullmailer wget,ACCEPT,0,0,0,0,0,0,0,0,0,0,0,0
mta-nullmailer-wget-zstd,3,mta-nullmailer wget zstd,ACCEPT,0,0,0,0,0,0,0,0,0,0,0,0
mta-nullmailer-zstd,2,mta-nullmailer zstd,ACCEPT,0,0,0,0,0,0,0,0,0,0,0,0
mysql-nc-openbsd,2,mysql nc-openbsd,ACCEPT,0,0,0,2,0,0,0,0,0,0,0,0
mysql-nc-openbsd-nc-traditional,3,mysql nc-openbsd nc-traditional,ACCEPT,0,0,0,2,0,0,0,0,0,0,0,0
mysql-nc-openbsd-nvidia-driver-535,3,mysql nc-openbsd nvidia-driver-535,ACCEPT,0,0,0,2,0,0,0,0,0,0,0,0
mysql-nc-openbsd-original-awk,3,mysql nc-openbsd original-awk,ACCEPT,0,0,0,2,0,0,0,0,0,0,0,0
mysql-nc-openbsd-pgclient,3,mysql nc-openbsd pgclient,ACCEPT,0,0,0,9,0,0,0,0,0,0,0,0
mysql-nc-openbsd-pipdemo,3,mysql nc-openbsd pipdemo,ACCEPT,0,0,0,4,0,0,0,0,0,0,0,0
mysql-nc-openbsd-postgres,3,mysql nc-openbsd postgres,ACCEPT,0,0,0,14,0,0,0,0,0,0,0,0
mysql-nc-openbsd-pytools,3,mysql nc-openbsd pytools,ACCEPT,0,0,0,4,0,0,0,0,0,0,0,0
mysql-nc-openbsd-pyyaml,3,mysql nc-openbsd pyyaml,ACCEPT,0,0,0,4,0,0,0,0,0,0,0,0
mysql-nc-openbsd-redis,3,mysql nc-openbsd redis,ACCEPT,0,0,0,2,0,0,0,0,0,0,0,0
mysql-nc-openbsd-rsync,3,mysql nc-openbsd rsync,ACCEPT,0,0,0,4,0,0,0,0,0,0,0,0
mysql-nc-openbsd-rust,3,mysql nc-openbsd rust,ACCEPT,0,0,0,3,0,0,0,0,0,0,0,0
mysql-nc-openbsd-socat,3,mysql nc-openbsd socat,ACCEPT,0,0,0,4,0,0,0,0,0,0,0,0
mysql-nc-openbsd-sqlite,3,mysql nc-openbsd sqlite,ACCEPT,0,0,0,4,0,0,0,0,0,0,0,0
mysql-nc-openbsd-tcpdump,3,mysql nc-openbsd tcpdump,ACCEPT,0,0,0,2,0,0,0,0,0,0,0,0
mysql-nc-openbsd-tmux,3,mysql nc-openbsd tmux,ACCEPT,0,0,0,2,0,0,0,0,0,0,0,0
mysql-nc-openbsd-vim,3,mysql nc-openbsd vim,ACCEPT,0,0,0,4,0,0,0,0,0,0,0,0
mysql-nc-openbsd-webserver,3,mysql nc-openbsd webserver,ACCEPT,0,0,0,12,0,0,0,0,0,0,0,0
mysql-nc-openbsd-wget,3,mysql nc-openbsd wget,ACCEPT,0,0,0,2,0,0,0,0,0,0,0,0
mysql-nc-openbsd-zstd,3,mysql nc-openbsd zstd,ACCEPT,0,0,0,2,0,0,0,0,0,0,0,0
mysql-nc-traditional,2,mysql nc-traditional,ACCEPT,0,0,0,0,0,0,0,0,0,0,0,0
mysql-nc-traditional-nvidia-driver-535,3,mysql nc-traditional nvidia-driver-535,ACCEPT,0,0,0,0,0,0,0,0,0,0,0,0
mysql-nc-traditional-original-awk,3,mysql nc-traditional original-awk,ACCEPT,0,0,0,0,0,0,0,0,0,0,0,0
mysql-nc-traditional-pgclient,3,mysql nc-traditional pgclient,ACCEPT,0,0,0,7,0,0,0,0,0,0,0,0
mysql-nc-traditional-pipdemo,3,mysql nc-traditional pipdemo,ACCEPT,0,0,0,2,0,0,0,0,0,0,0,0
mysql-nc-traditional-postgres,3,mysql nc-traditional postgres,ACCEPT,0,0,0,10,0,0,0,0,0,0,0,0
mysql-nc-traditional-pytools,3,mysql nc-traditional pytools,ACCEPT,0,0,0,2,0,0,0,0,0,0,0,0
mysql-nc-traditional-pyyaml,3,mysql nc-traditional pyyaml,ACCEPT,0,0,0,2,0,0,0,0,0,0,0,0
mysql-nc-traditional-redis,3,mysql nc-traditional redis,ACCEPT,0,0,0,0,0,0,0,0,0,0,0,0
mysql-nc-traditional-rsync,3,mysql nc-traditional rsync,ACCEPT,0,0,0,2,0,0,0,0,0,0,0,0
mysql-nc-traditional-rust,3,mysql nc-traditional rust,ACCEPT,0,0,0,1,0,0,0,0,0,0,0,0
mysql-nc-traditional-socat,3,mysql nc-traditional socat,ACCEPT,0,0,0,2,0,0,0,0,0,0,0,0
mysql-nc-traditional-sqlite,3,mysql nc-traditional sqlite,ACCEPT,0,0,0,2,0,0,0,0,0,0,0,0
mysql-nc-traditional-tcpdump,3,mysql nc-traditional tcpdump,ACCEPT,0,0,0,0,0,0,0,0,0,0,0,0
mysql-nc-traditional-tmux,3,mysql nc-traditional tmux,ACCEPT,0,0,0,0,0,0,0,0,0,0,0,0
mysql-nc-traditional-vim,3,mysql nc-traditional vim,ACCEPT,0,0,0,2,0,0,0,0,0,0,0,0
mysql-nc-traditional-webserver,3,mysql nc-traditional webserver,ACCEPT,0,0,0,8,0,0,0,0,0,0,0,0
mysql-nc-traditional-wget,3,mysql nc-traditional wget,ACCEPT,0,0,0,0,0,0,0,0,0,0,0,0
mysql-nc-traditional-zstd,3,mysql nc-traditional zstd,ACCEPT,0,0,0,0,0,0,0,0,0,0,0,0
mysql-nvidia-driver-535,2,mysql nvidia-driver-535,ACCEPT,0,0,0,0,0,0,0,0,0,0,0,0
mysql-nvidia-driver-535-original-awk,3,mysql nvidia-driver-535 original-awk,ACCEPT,0,0,0,0,0,0,0,0,0,0,0,0
mysql-nvidia-driver-535-pgclient,3,mysql nvidia-driver-535 pgclient,ACCEPT,0,0,0,7,0,0,0,0,0,0,0,0
mysql-nvidia-driver-535-pipdemo,3,mysql nvidia-driver-535 pipdemo,ACCEPT,0,0,0,2,0,0,0,0,0,0,0,0
mysql-nvidia-driver-535-postgres,3,mysql nvidia-driver-535 postgres,ACCEPT,0,0,0,10,0,0,0,0,0,0,0,0
mysql-nvidia-driver-535-pytools,3,mysql nvidia-driver-535 pytools,ACCEPT,0,0,0,2,0,0,0,0,0,0,0,0
mysql-nvidia-driver-535-pyyaml,3,mysql nvidia-driver-535 pyyaml,ACCEPT,0,0,0,2,0,0,0,0,0,0,0,0
mysql-nvidia-driver-535-redis,3,mysql nvidia-driver-535 redis,ACCEPT,0,0,0,0,0,0,0,0,0,0,0,0
mysql-nvidia-driver-535-rsync,3,mysql nvidia-driver-535 rsync,ACCEPT,0,0,0,2,0,0,0,0,0,0,0,0
mysql-nvidia-driver-535-rust,3,mysql nvidia-driver-535 rust,ACCEPT,0,0,0,7,0,0,0,0,0,0,0,0
mysql-nvidia-driver-535-socat,3,mysql nvidia-driver-535 socat,ACCEPT,0,0,0,2,0,0,0,0,0,0,0,0
mysql-nvidia-driver-535-sqlite,3,mysql nvidia-driver-535 sqlite,ACCEPT,0,0,0,2,0,0,0,0,0,0,0,0
mysql-nvidia-driver-535-tcpdump,3,mysql nvidia-driver-535 tcpdump,ACCEPT,0,0,0,0,0,0,0,0,0,0,0,0
mysql-nvidia-driver-535-tmux,3,mysql nvidia-driver-535 tmux,ACCEPT,0,0,0,0,0,0,0,0,0,0,0,0
mysql-nvidia-driver-535-vim,3,mysql nvidia-driver-535 vim,ACCEPT,0,0,0,2,0,0,0,0,0,0,0,0
mysql-nvidia-driver-535-webserver,3,mysql nvidia-driver-535 webserver,ACCEPT,0,0,0,8,0,0,0,0,0,0,0,0
mysql-nvidia-driver-535-wget,3,mysql nvidia-driver-535 wget,ACCEPT,0,0,0,0,0,0,0,0,0,0,0,0
mysql-nvidia-driver-535-zstd,3,mysql nvidia-driver-535 zstd,ACCEPT,0,0,0,0,0,0,0,0,0,0,0,0
mysql-original-awk,2,mysql original-awk,ACCEPT,0,0,0,0,0,0,0,0,0,0,0,0
mysql-original-awk-pgclient,3,mysql original-awk pgclient,ACCEPT,0,0,0,7,0,0,0,0,0,0,0,0
mysql-original-awk-pipdemo,3,mysql original-awk pipdemo,ACCEPT,0,0,0,2,0,0,0,0,0,0,0,0
mysql-original-awk-postgres,3,mysql original-awk postgres,ACCEPT,0,0,0,10,0,0,0,0,0,0,0,0
mysql-original-awk-pytools,3,mysql original-awk pytools,ACCEPT,0,0,0,2,0,0,0,0,0,0,0,0
mysql-original-awk-pyyaml,3,mysql original-awk pyyaml,ACCEPT,0,0,0,2,0,0,0,0,0,0,0,0
mysql-original-awk-redis,3,mysql original-awk redis,ACCEPT,0,0,0,0,0,0,0,0,0,0,0,0
mysql-original-awk-rsync,3,mysql original-awk rsync,ACCEPT,0,0,0,2,0,0,0,0,0,0,0,0
mysql-original-awk-rust,3,mysql original-awk rust,ACCEPT,0,0,0,1,0,0,0,0,0,0,0,0
mysql-original-awk-socat,3,mysql original-awk socat,ACCEPT,0,0,0,2,0,0,0,0,0,0,0,0
mysql-original-awk-sqlite,3,mysql original-awk sqlite,ACCEPT,0,0,0,2,0,0,0,0,0,0,0,0
mysql-original-awk-tcpdump,3,mysql original-awk tcpdump,ACCEPT,0,0,0,0,0,0,0,0,0,0,0,0
mysql-original-awk-tmux,3,mysql original-awk tmux,ACCEPT,0,0,0,0,0,0,0,0,0,0,0,0
mysql-original-awk-vim,3,mysql original-awk vim,ACCEPT,0,0,0,2,0,0,0,0,0,0,0,0
mysql-original-awk-webserver,3,mysql original-awk webserver,ACCEPT,0,0,0,8,0,0,0,0,0,0,0,0
mysql-original-awk-wget,3,mysql original-awk wget,ACCEPT,0,0,0,0,0,0,0,0,0,0,0,0
mysql-original-awk-zstd,3,mysql original-awk zstd,ACCEPT,0,0,0,0,0,0,0,0,0,0,0,0
mysql-pgclient,2,mysql pgclient,ACCEPT,0,0,0,7,0,0,0,0,0,0,0,0
mysql-pgclient-pipdemo,3,mysql pgclient pipdemo,ACCEPT,0,0,0,11,0,0,0,0,0,0,0,0
mysql-pgclient-postgres,3,mysql pgclient postgres,ACCEPT,0,0,0,31,0,0,0,0,0,0,0,0
mysql-pgclient-pytools,3,mysql pgclient pytools,ACCEPT,0,0,0,11,0,0,0,0,0,0,0,0
mysql-pgclient-pyyaml,3,mysql pgclient pyyaml,ACCEPT,0,0,0,11,0,0,0,0,0,0,0,0
mysql-pgclient-redis,3,mysql pgclient redis,ACCEPT,0,0,0,7,0,0,0,0,0,0,0,0
mysql-pgclient-rsync,3,mysql pgclient rsync,ACCEPT,0,0,0,9,0,0,0,0,0,0,0,0
mysql-pgclient-rust,3,mysql pgclient rust,ACCEPT,0,0,0,11,0,0,0,0,0,0,0,0
mysql-pgclient-socat,3,mysql pgclient socat,ACCEPT,0,0,0,9,0,0,0,0,0,0,0,0
mysql-pgclient-sqlite,3,mysql pgclient sqlite,ACCEPT,0,0,0,11,0,0,0,0,0,0,0,0
mysql-pgclient-tcpdump,3,mysql pgclient tcpdump,ACCEPT,0,0,0,7,0,0,0,0,0,0,0,0
mysql-pgclient-tmux,3,mysql pgclient tmux,ACCEPT,0,0,0,7,0,0,0,0,0,0,0,0
mysql-pgclient-vim,3,mysql pgclient vim,ACCEPT,0,0,0,11,0,0,0,0,0,0,0,0
mysql-pgclient-webserver,3,mysql pgclient webserver,ACCEPT,0,0,0,15,0,0,0,0,0,0,0,0
mysql-pgclient-wget,3,mysql pgclient wget,ACCEPT,0,0,0,7,0,0,0,0,0,0,0,0
mysql-pgclient-zstd,3,mysql pgclient zstd,ACCEPT,0,0,0,7,0,0,0,0,0,0,0,0
mysql-pipdemo,2,mysql pipdemo,ACCEPT,0,0,0,2,0,0,0,0,0,0,0,0
mysql-pipdemo-postgres,3,mysql pipdemo postgres,ACCEPT,0,0,0,14,0,0,0,0,0,0,0,0
mysql-pipdemo-pytools,3,mysql pipdemo pytools,ACCEPT,0,0,0,23,0,0,0,0,0,0,0,0
mysql-pipdemo-pyyaml,3,mysql pipdemo pyyaml,ACCEPT,0,0,0,17,0,0,0,0,0,0,0,0
mysql-pipdemo-redis,3,mysql pipdemo redis,ACCEPT,0,0,0,2,0,0,0,0,0,0,0,0
mysql-pipdemo-rsync,3,mysql pipdemo rsync,ACCEPT,0,0,0,4,0,0,0,0,0,0,0,0
mysql-pipdemo-rust,3,mysql pipdemo rust,ACCEPT,0,0,0,3,0,0,0,0,0,0,0,0
mysql-pipdemo-socat,3,mysql pipdemo socat,ACCEPT,0,0,0,4,0,0,0,0,0,0,0,0
mysql-pipdemo-sqlite,3,mysql pipdemo sqlite,ACCEPT,0,0,0,7,0,0,0,0,0,0,0,0
mysql-pipdemo-tcpdump,3,mysql pipdemo tcpdump,ACCEPT,0,0,0,2,0,0,0,0,0,0,0,0
mysql-pipdemo-tmux,3,mysql pipdemo tmux,ACCEPT,0,0,0,2,0,0,0,0,0,0,0,0
mysql-pipdemo-vim,3,mysql pipdemo vim,ACCEPT,0,0,0,12,0,0,0,0,0,0,0,0
mysql-pipdemo-webserver,3,mysql pipdemo webserver,ACCEPT,0,0,0,11,0,0,0,0,0,0,0,0
mysql-pipdemo-wget,3,mysql pipdemo wget,ACCEPT,0,0,0,2,0,0,0,0,0,0,0,0
mysql-pipdemo-zstd,3,mysql pipdemo zstd,ACCEPT,0,0,0,2,0,0,0,0,0,0,0,0
mysql-postgres,2,mysql postgres,ACCEPT,0,0,0,10,0,0,0,0,0,0,0,0
mysql-postgres-pytools,3,mysql postgres pytools,ACCEPT,0,0,0,14,0,0,0,0,0,0,0,0
mysql-postgres-pyyaml,3,mysql postgres pyyaml,ACCEPT,0,0,0,14,0,0,0,0,0,0,0,0
mysql-postgres-redis,3,mysql postgres redis,ACCEPT,0,0,0,10,0,0,0,0,0,0,0,0
mysql-postgres-rsync,3,mysql postgres rsync,ACCEPT,0,0,0,12,0,0,0,0,0,0,0,0
mysql-postgres-rust,3,mysql postgres rust,ACCEPT,0,0,0,14,0,0,0,0,0,0,0,0
mysql-postgres-socat,3,mysql postgres socat,ACCEPT,0,0,0,12,0,0,0,0,0,0,0,0
mysql-postgres-sqlite,3,mysql postgres sqlite,ACCEPT,0,0,0,14,0,0,0,0,0,0,0,0
mysql-postgres-tcpdump,3,mysql postgres tcpdump,ACCEPT,0,0,0,10,0,0,0,0,0,0,0,0
mysql-postgres-tmux,3,mysql postgres tmux,ACCEPT,0,0,0,10,0,0,0,0,0,0,0,0
mysql-postgres-vim,3,mysql postgres vim,ACCEPT,0,0,0,14,0,0,0,0,0,0,0,0
mysql-postgres-webserver,3,mysql postgres webserver,ACCEPT,0,0,0,24,0,0,0,0,0,0,0,0
mysql-postgres-wget,3,mysql postgres wget,ACCEPT,0,0,0,10,0,0,0,0,0,0,0,0
mysql-postgres-zstd,3,mysql postgres zstd,ACCEPT,0,0,0,10,0,0,0,0,0,0,0,0
mysql-pytools,2,mysql pytools,ACCEPT,0,0,0,2,0,0,0,0,0,0,0,0
mysql-pytools-pyyaml,3,mysql pytools pyyaml,ACCEPT,0,0,0,17,0,0,0,0,0,0,0,0
mysql-pytools-redis,3,mysql pytools redis,ACCEPT,0,0,0,2,0,0,0,0,0,0,0,0
mysql-pytools-rsync,3,mysql pytools rsync,ACCEPT,0,0,0,4,0,0,0,0,0,0,0,0
mysql-pytools-rust,3,mysql pytools rust,ACCEPT,0,0,0,4,0,0,0,0,0,0,0,0
mysql-pytools-socat,3,mysql pytools socat,ACCEPT,0,0,0,4,0,0,0,0,0,0,0,0
mysql-pytools-sqlite,3,mysql pytools sqlite,ACCEPT,0,0,0,7,0,0,0,0,0,0,0,0
mysql-pytools-tcpdump,3,mysql pytools tcpdump,ACCEPT,0,0,0,2,0,0,0,0,0,0,0,0
mysql-pytools-tmux,3,mysql pytools tmux,ACCEPT,0,0,0,2,0,0,0,0,0,0,0,0
mysql-pytools-vim,3,mysql pytools vim,ACCEPT,0,0,0,12,0,0,0,0,0,0,0,0
mysql-pytools-webserver,3,mysql pytools webserver,ACCEPT,0,0,0,11,0,0,0,0,0,0,0,0
mysql-pytools-wget,3,mysql pytools wget,ACCEPT,0,0,0,2,0,0,0,0,0,0,0,0
mysql-pytools-zstd,3,mysql pytools zstd,ACCEPT,0,0,0,2,0,0,0,0,0,0,0,0
mysql-pyyaml,2,mysql pyyaml,ACCEPT,0,0,0,2,0,0,0,0,0,0,0,0
mysql-pyyaml-redis,3,mysql pyyaml redis,ACCEPT,0,0,0,2,0,0,0,0,0,0,0,0
mysql-pyyaml-rsync,3,mysql pyyaml rsync,ACCEPT,0,0,0,4,0,0,0,0,0,0,0,0
mysql-pyyaml-rust,3,mysql pyyaml rust,ACCEPT,0,0,0,3,0,0,0,0,0,0,0,0
mysql-pyyaml-socat,3,mysql pyyaml socat,ACCEPT,0,0,0,4,0,0,0,0,0,0,0,0
mysql-pyyaml-sqlite,3,mysql pyyaml sqlite,ACCEPT,0,0,0,7,0,0,0,0,0,0,0,0
mysql-pyyaml-tcpdump,3,mysql pyyaml tcpdump,ACCEPT,0,0,0,2,0,0,0,0,0,0,0,0
mysql-pyyaml-tmux,3,mysql pyyaml tmux,ACCEPT,0,0,0,2,0,0,0,0,0,0,0,0
mysql-pyyaml-vim,3,mysql pyyaml vim,ACCEPT,0,0,0,12,0,0,0,0,0,0,0,0
mysql-pyyaml-webserver,3,mysql pyyaml webserver,ACCEPT,0,0,0,11,0,0,0,0,0,0,0,0
mysql-pyyaml-wget,3,mysql pyyaml wget,ACCEPT,0,0,0,2,0,0,0,0,0,0,0,0
mysql-pyyaml-zstd,3,mysql pyyaml zstd,ACCEPT,0,0,0,2,0,0,0,0,0,0,0,0
mysql-redis,2,mysql redis,ACCEPT,0,0,0,0,0,0,0,0,0,0,0,0
mysql-redis-rsync,3,mysql redis rsync,ACCEPT,0,0,0,2,0,0,0,0,0,0,0,0
mysql-redis-rust,3,mysql redis rust,ACCEPT,0,0,0,2,0,0,0,0,0,0,0,0
mysql-redis-socat,3,mysql redis socat,ACCEPT,0,0,0,2,0,0,0,0,0,0,0,0
mysql-redis-sqlite,3,mysql redis sqlite,ACCEPT,0,0,0,2,0,0,0,0,0,0,0,0
mysql-redis-tcpdump,3,mysql redis tcpdump,ACCEPT,0,0,0,0,0,0,0,0,0,0,0,0
mysql-redis-tmux,3,mysql redis tmux,ACCEPT,0,0,0,0,0,0,0,0,0,0,0,0
mysql-redis-vim,3,mysql redis vim,ACCEPT,0,0,0,2,0,0,0,0,0,0,0,0
mysql-redis-webserver,3,mysql redis webserver,ACCEPT,0,0,0,8,0,0,0,0,0,0,0,0
mysql-redis-wget,3,mysql redis wget,ACCEPT,0,0,0,0,0,0,0,0,0,0,0,0
mysql-redis-zstd,3,mysql redis zstd,ACCEPT,0,0,0,0,0,0,0,0,0,0,0,0
mysql-rsync,2,mysql rsync,ACCEPT,0,0,0,2,0,0,0,0,0,0,0,0
mysql-rsync-rust,3,mysql rsync rust,ACCEPT,0,0,0,3,0,0,0,0,0,0,0,0
mysql-rsync-socat,3,mysql rsync socat,ACCEPT,0,0,0,4,0,0,0,0,0,0,0,0
mysql-rsync-sqlite,3,mysql rsync sqlite,ACCEPT,0,0,0,4,0,0,0,0,0,0,0,0
mysql-rsync-tcpdump,3,mysql rsync tcpdump,ACCEPT,0,0,0,2,0,0,0,0,0,0,0,0
mysql-rsync-tmux,3,mysql rsync tmux,ACCEPT,0,0,0,2,0,0,0,0,0,0,0,0
mysql-rsync-vim,3,mysql rsync vim,ACCEPT,0,0,0,4,0,0,0,0,0,0,0,0
mysql-rsync-webserver,3,mysql rsync webserver,ACCEPT,0,0,0,10,0,0,0,0,0,0,0,0
mysql-rsync-wget,3,mysql rsync wget,ACCEPT,0,0,0,2,0,0,0,0,0,0,0,0
mysql-rsync-zstd,3,mysql rsync zstd,ACCEPT,0,0,0,2,0,0,0,0,0,0,0,0
mysql-rust,2,mysql rust,ACCEPT,0,0,0,1,0,0,0,0,0,0,0,0
mysql-rust-socat,3,mysql rust socat,ACCEPT,0,0,0,3,0,0,0,0,0,0,0,0
mysql-rust-sqlite,3,mysql rust sqlite,ACCEPT,0,0,0,3,0,0,0,0,0,0,0,0
mysql-rust-tcpdump,3,mysql rust tcpdump,ACCEPT,0,0,0,1,0,0,0,0,0,0,0,0
mysql-rust-tmux,3,mysql rust tmux,ACCEPT,0,0,0,1,0,0,0,0,0,0,0,0
mysql-rust-vim,3,mysql rust vim,ACCEPT,0,0,0,3,0,0,0,0,0,0,0,0
mysql-rust-webserver,3,mysql rust webserver,ACCEPT,0,0,0,10,0,0,0,0,0,0,0,0
mysql-rust-wget,3,mysql rust wget,ACCEPT,0,0,0,2,0,0,0,0,0,0,0,0
mysql-rust-zstd,3,mysql rust zstd,ACCEPT,0,0,0,1,0,0,0,0,0,0,0,0
mysql-socat,2,mysql socat,ACCEPT,0,0,0,2,0,0,0,0,0,0,0,0
mysql-socat-sqlite,3,mysql socat sqlite,ACCEPT,0,0,0,4,0,0,0,0,0,0,0,0
mysql-socat-tcpdump,3,mysql socat tcpdump,ACCEPT,0,0,0,2,0,0,0,0,0,0,0,0
mysql-socat-tmux,3,mysql socat tmux,ACCEPT,0,0,0,2,0,0,0,0,0,0,0,0
mysql-socat-vim,3,mysql socat vim,ACCEPT,0,0,0,4,0,0,0,0,0,0,0,0
mysql-socat-webserver,3,mysql socat webserver,ACCEPT,0,0,0,10,0,0,0,0,0,0,0,0
mysql-socat-wget,3,mysql socat wget,ACCEPT,0,0,0,2,0,0,0,0,0,0,0,0
mysql-socat-zstd,3,mysql socat zstd,ACCEPT,0,0,0,2,0,0,0,0,0,0,0,0
mysql-sqlite,2,mysql sqlite,ACCEPT,0,0,0,2,0,0,0,0,0,0,0,0
mysql-sqlite-tcpdump,3,mysql sqlite tcpdump,ACCEPT,0,0,0,2,0,0,0,0,0,0,0,0
mysql-sqlite-tmux,3,mysql sqlite tmux,ACCEPT,0,0,0,2,0,0,0,0,0,0,0,0
mysql-sqlite-vim,3,mysql sqlite vim,ACCEPT,0,0,0,7,0,0,0,0,0,0,0,0
mysql-sqlite-webserver,3,mysql sqlite webserver,ACCEPT,0,0,0,10,0,0,0,0,0,0,0,0
mysql-sqlite-wget,3,mysql sqlite wget,ACCEPT,0,0,0,2,0,0,0,0,0,0,0,0
mysql-sqlite-zstd,3,mysql sqlite zstd,ACCEPT,0,0,0,2,0,0,0,0,0,0,0,0
mysql-tcpdump,2,mysql tcpdump,ACCEPT,0,0,0,0,0,0,0,0,0,0,0,0
mysql-tcpdump-tmux,3,mysql tcpdump tmux,ACCEPT,0,0,0,0,0,0,0,0,0,0,0,0
mysql-tcpdump-vim,3,mysql tcpdump vim,ACCEPT,0,0,0,2,0,0,0,0,0,0,0,0
mysql-tcpdump-webserver,3,mysql tcpdump webserver,ACCEPT,0,0,0,8,0,0,0,0,0,0,0,0
mysql-tcpdump-wget,3,mysql tcpdump wget,ACCEPT,0,0,0,0,0,0,0,0,0,0,0,0
mysql-tcpdump-zstd,3,mysql tcpdump zstd,ACCEPT,0,0,0,0,0,0,0,0,0,0,0,0
mysql-tmux,2,mysql tmux,ACCEPT,0,0,0,0,0,0,0,0,0,0,0,0
mysql-tmux-vim,3,mysql tmux vim,ACCEPT,0,0,0,2,0,0,0,0,0,0,0,0
mysql-tmux-webserver,3,mysql tmux webserver,ACCEPT,0,0,0,8,0,0,0,0,0,0,0,0
mysql-tmux-wget,3,mysql tmux wget,ACCEPT,0,0,0,0,0,0,0,0,0,0,0,0
mysql-tmux-zstd,3,mysql tmux zstd,ACCEPT,0,0,0,0,0,0,0,0,0,0,0,0
mysql-vim,2,mysql vim,ACCEPT,0,0,0,2,0,0,0,0,0,0,0,0
mysql-vim-webserver,3,mysql vim webserver,ACCEPT,0,0,0,11,0,0,0,0,0,0,0,0
mysql-vim-wget,3,mysql vim wget,ACCEPT,0,0,0,2,0,0,0,0,0,0,0,0
mysql-vim-zstd,3,mysql vim zstd,ACCEPT,0,0,0,2,0,0,0,0,0,0,0,0
mysql-webserver,2,mysql webserver,ACCEPT,0,0,0,8,0,0,0,0,0,0,0,0
mysql-webserver-wget,3,mysql webserver wget,ACCEPT,0,0,0,8,0,0,0,0,0,0,0,0
mysql-webserver-zstd,3,mysql webserver zstd,ACCEPT,0,0,0,8,0,0,0,0,0,0,0,0
mysql-wget,2,mysql wget,ACCEPT,0,0,0,0,0,0,0,0,0,0,0,0
mysql-wget-zstd,3,mysql wget zstd,ACCEPT,0,0,0,0,0,0,0,0,0,0,0,0
mysql-zstd,2,mysql zstd,ACCEPT,0,0,0,0,0,0,0,0,0,0,0,0
nc-openbsd-nc-traditional,2,nc-openbsd nc-traditional,ACCEPT,0,0,0,0,0,0,0,0,0,0,0,0
nc-openbsd-nc-traditional-nvidia-driver-535,3,nc-openbsd nc-traditional nvidia-driver-535,ACCEPT,0,0,0,0,0,0,0,0,0,0,0,0
nc-openbsd-nc-traditional-original-awk,3,nc-openbsd nc-traditional original-awk,ACCEPT,0,0,0,0,0,0,0,0,0,0,0,0
nc-openbsd-nc-traditional-pgclient,3,nc-openbsd nc-traditional pgclient,ACCEPT,0,0,0,0,0,0,0,0,0,0,0,0
nc-openbsd-nc-traditional-pipdemo,3,nc-openbsd nc-traditional pipdemo,ACCEPT,0,0,0,0,0,0,0,0,0,0,0,0
nc-openbsd-nc-traditional-postgres,3,nc-openbsd nc-traditional postgres,ACCEPT,0,0,0,2,0,0,0,0,0,0,0,0
nc-openbsd-nc-traditional-pytools,3,nc-openbsd nc-traditional pytools,ACCEPT,0,0,0,0,0,0,0,0,0,0,0,0
nc-openbsd-nc-traditional-pyyaml,3,nc-openbsd nc-traditional pyyaml,ACCEPT,0,0,0,0,0,0,0,0,0,0,0,0
nc-openbsd-nc-traditional-redis,3,nc-openbsd nc-traditional redis,ACCEPT,0,0,0,0,0,0,0,0,0,0,0,0
nc-openbsd-nc-traditional-rsync,3,nc-openbsd nc-traditional rsync,ACCEPT,0,0,0,0,0,0,0,0,0,0,0,0
nc-openbsd-nc-traditional-rust,3,nc-openbsd nc-traditional rust,ACCEPT,0,0,0,0,0,0,0,0,0,0,0,0
nc-openbsd-nc-traditional-socat,3,nc-openbsd nc-traditional socat,ACCEPT,0,0,0,0,0,0,0,0,0,0,0,0
nc-openbsd-nc-traditional-sqlite,3,nc-openbsd nc-traditional sqlite,ACCEPT,0,0,0,0,0,0,0,0,0,0,0,0
nc-openbsd-nc-traditional-tcpdump,3,nc-openbsd nc-traditional tcpdump,ACCEPT,0,0,0,0,0,0,0,0,0,0,0,0
nc-openbsd-nc-traditional-tmux,3,nc-openbsd nc-traditional tmux,ACCEPT,0,0,0,0,0,0,0,0,0,0,0,0
nc-openbsd-nc-traditional-vim,3,nc-openbsd nc-traditional vim,ACCEPT,0,0,0,0,0,0,0,0,0,0,0,0
nc-openbsd-nc-traditional-webserver,3,nc-openbsd nc-traditional webserver,ACCEPT,0,0,0,2,0,0,0,0,0,0,0,0
nc-openbsd-nc-traditional-wget,3,nc-openbsd nc-traditional wget,ACCEPT,0,0,0,0,0,0,0,0,0,0,0,0
nc-openbsd-nc-traditional-zstd,3,nc-openbsd nc-traditional zstd,ACCEPT,0,0,0,0,0,0,0,0,0,0,0,0
nc-openbsd-nvidia-driver-535,2,nc-openbsd nvidia-driver-535,ACCEPT,0,0,0,0,0,0,0,0,0,0,0,0
nc-openbsd-nvidia-driver-535-original-awk,3,nc-openbsd nvidia-driver-535 original-awk,ACCEPT,0,0,0,0,0,0,0,0,0,0,0,0
nc-openbsd-nvidia-driver-535-pgclient,3,nc-openbsd nvidia-driver-535 pgclient,ACCEPT,0,0,0,0,0,0,0,0,0,0,0,0
nc-openbsd-nvidia-driver-535-pipdemo,3,nc-openbsd nvidia-driver-535 pipdemo,ACCEPT,0,0,0,0,0,0,0,0,0,0,0,0
nc-openbsd-nvidia-driver-535-postgres,3,nc-openbsd nvidia-driver-535 postgres,ACCEPT,0,0,0,2,0,0,0,0,0,0,0,0
nc-openbsd-nvidia-driver-535-pytools,3,nc-openbsd nvidia-driver-535 pytools,ACCEPT,0,0,0,0,0,0,0,0,0,0,0,0
nc-openbsd-nvidia-driver-535-pyyaml,3,nc-openbsd nvidia-driver-535 pyyaml,ACCEPT,0,0,0,0,0,0,0,0,0,0,0,0
nc-openbsd-nvidia-driver-535-redis,3,nc-openbsd nvidia-driver-535 redis,ACCEPT,0,0,0,0,0,0,0,0,0,0,0,0
nc-openbsd-nvidia-driver-535-rsync,3,nc-openbsd nvidia-driver-535 rsync,ACCEPT,0,0,0,0,0,0,0,0,0,0,0,0
nc-openbsd-nvidia-driver-535-rust,3,nc-openbsd nvidia-driver-535 rust,ACCEPT,0,0,0,6,0,0,0,0,0,0,0,0
nc-openbsd-nvidia-driver-535-socat,3,nc-openbsd nvidia-driver-535 socat,ACCEPT,0,0,0,0,0,0,0,0,0,0,0,0
nc-openbsd-nvidia-driver-535-sqlite,3,nc-openbsd nvidia-driver-535 sqlite,ACCEPT,0,0,0,0,0,0,0,0,0,0,0,0
nc-openbsd-nvidia-driver-535-tcpdump,3,nc-openbsd nvidia-driver-535 tcpdump,ACCEPT,0,0,0,0,0,0,0,0,0,0,0,0
nc-openbsd-nvidia-driver-535-tmux,3,nc-openbsd nvidia-driver-535 tmux,ACCEPT,0,0,0,0,0,0,0,0,0,0,0,0
nc-openbsd-nvidia-driver-535-vim,3,nc-openbsd nvidia-driver-535 vim,ACCEPT,0,0,0,0,0,0,0,0,0,0,0,0
nc-openbsd-nvidia-driver-535-webserver,3,nc-openbsd nvidia-driver-535 webserver,ACCEPT,0,0,0,2,0,0,0,0,0,0,0,0
nc-openbsd-nvidia-driver-535-wget,3,nc-openbsd nvidia-driver-535 wget,ACCEPT,0,0,0,0,0,0,0,0,0,0,0,0
nc-openbsd-nvidia-driver-535-zstd,3,nc-openbsd nvidia-driver-535 zstd,ACCEPT,0,0,0,0,0,0,0,0,0,0,0,0
nc-openbsd-original-awk,2,nc-openbsd original-awk,ACCEPT,0,0,0,0,0,0,0,0,0,0,0,0
nc-openbsd-original-awk-pgclient,3,nc-openbsd original-awk pgclient,ACCEPT,0,0,0,0,0,0,0,0,0,0,0,0
nc-openbsd-original-awk-pipdemo,3,nc-openbsd original-awk pipdemo,ACCEPT,0,0,0,0,0,0,0,0,0,0,0,0
nc-openbsd-original-awk-postgres,3,nc-openbsd original-awk postgres,ACCEPT,0,0,0,2,0,0,0,0,0,0,0,0
nc-openbsd-original-awk-pytools,3,nc-openbsd original-awk pytools,ACCEPT,0,0,0,0,0,0,0,0,0,0,0,0
nc-openbsd-original-awk-pyyaml,3,nc-openbsd original-awk pyyaml,ACCEPT,0,0,0,0,0,0,0,0,0,0,0,0
nc-openbsd-original-awk-redis,3,nc-openbsd original-awk redis,ACCEPT,0,0,0,0,0,0,0,0,0,0,0,0
nc-openbsd-original-awk-rsync,3,nc-openbsd original-awk rsync,ACCEPT,0,0,0,0,0,0,0,0,0,0,0,0
nc-openbsd-original-awk-rust,3,nc-openbsd original-awk rust,ACCEPT,0,0,0,0,0,0,0,0,0,0,0,0
nc-openbsd-original-awk-socat,3,nc-openbsd original-awk socat,ACCEPT,0,0,0,0,0,0,0,0,0,0,0,0
nc-openbsd-original-awk-sqlite,3,nc-openbsd original-awk sqlite,ACCEPT,0,0,0,0,0,0,0,0,0,0,0,0
nc-openbsd-original-awk-tcpdump,3,nc-openbsd original-awk tcpdump,ACCEPT,0,0,0,0,0,0,0,0,0,0,0,0
nc-openbsd-original-awk-tmux,3,nc-openbsd original-awk tmux,ACCEPT,0,0,0,0,0,0,0,0,0,0,0,0
nc-openbsd-original-awk-vim,3,nc-openbsd original-awk vim,ACCEPT,0,0,0,0,0,0,0,0,0,0,0,0
nc-openbsd-original-awk-webserver,3,nc-openbsd original-awk webserver,ACCEPT,0,0,0,2,0,0,0,0,0,0,0,0
nc-openbsd-original-awk-wget,3,nc-openbsd original-awk wget,ACCEPT,0,0,0,0,0,0,0,0,0,0,0,0
nc-openbsd-original-awk-zstd,3,nc-openbsd original-awk zstd,ACCEPT,0,0,0,0,0,0,0,0,0,0,0,0
nc-openbsd-pgclient,2,nc-openbsd pgclient,ACCEPT,0,0,0,0,0,0,0,0,0,0,0,0
nc-openbsd-pgclient-pipdemo,3,nc-openbsd pgclient pipdemo,ACCEPT,0,0,0,2,0,0,0,0,0,0,0,0
nc-openbsd-pgclient-postgres,3,nc-openbsd pgclient postgres,ACCEPT,0,0,0,16,0,0,0,0,0,0,0,0
nc-openbsd-pgclient-pytools,3,nc-openbsd pgclient pytools,ACCEPT,0,0,0,2,0,0,0,0,0,0,0,0
nc-openbsd-pgclient-pyyaml,3,nc-openbsd pgclient pyyaml,ACCEPT,0,0,0,2,0,0,0,0,0,0,0,0
nc-openbsd-pgclient-redis,3,nc-openbsd pgclient redis,ACCEPT,0,0,0,0,0,0,0,0,0,0,0,0
nc-openbsd-pgclient-rsync,3,nc-openbsd pgclient rsync,ACCEPT,0,0,0,0,0,0,0,0,0,0,0,0
nc-openbsd-pgclient-rust,3,nc-openbsd pgclient rust,ACCEPT,0,0,0,3,0,0,0,0,0,0,0,0
nc-openbsd-pgclient-socat,3,nc-openbsd pgclient socat,ACCEPT,0,0,0,0,0,0,0,0,0,0,0,0
nc-openbsd-pgclient-sqlite,3,nc-openbsd pgclient sqlite,ACCEPT,0,0,0,2,0,0,0,0,0,0,0,0
nc-openbsd-pgclient-tcpdump,3,nc-openbsd pgclient tcpdump,ACCEPT,0,0,0,0,0,0,0,0,0,0,0,0
nc-openbsd-pgclient-tmux,3,nc-openbsd pgclient tmux,ACCEPT,0,0,0,0,0,0,0,0,0,0,0,0
nc-openbsd-pgclient-vim,3,nc-openbsd pgclient vim,ACCEPT,0,0,0,2,0,0,0,0,0,0,0,0
nc-openbsd-pgclient-webserver,3,nc-openbsd pgclient webserver,ACCEPT,0,0,0,2,0,0,0,0,0,0,0,0
nc-openbsd-pgclient-wget,3,nc-openbsd pgclient wget,ACCEPT,0,0,0,0,0,0,0,0,0,0,0,0
nc-openbsd-pgclient-zstd,3,nc-openbsd pgclient zstd,ACCEPT,0,0,0,0,0,0,0,0,0,0,0,0
nc-openbsd-pipdemo,2,nc-openbsd pipdemo,ACCEPT,0,0,0,0,0,0,0,0,0,0,0,0
nc-openbsd-pipdemo-postgres,3,nc-openbsd pipdemo postgres,ACCEPT,0,0,0,4,0,0,0,0,0,0,0,0
nc-openbsd-pipdemo-pytools,3,nc-openbsd pipdemo pytools,ACCEPT,0,0,0,19,0,0,0,0,0,0,0,0
nc-openbsd-pipdemo-pyyaml,3,nc-openbsd pipdemo pyyaml,ACCEPT,0,0,0,13,0,0,0,0,0,0,0,0
nc-openbsd-pipdemo-redis,3,nc-openbsd pipdemo redis,ACCEPT,0,0,0,0,0,0,0,0,0,0,0,0
nc-openbsd-pipdemo-rsync,3,nc-openbsd pipdemo rsync,ACCEPT,0,0,0,0,0,0,0,0,0,0,0,0
nc-openbsd-pipdemo-rust,3,nc-openbsd pipdemo rust,ACCEPT,0,0,0,0,0,0,0,0,0,0,0,0
nc-openbsd-pipdemo-socat,3,nc-openbsd pipdemo socat,ACCEPT,0,0,0,0,0,0,0,0,0,0,0,0
nc-openbsd-pipdemo-sqlite,3,nc-openbsd pipdemo sqlite,ACCEPT,0,0,0,3,0,0,0,0,0,0,0,0
nc-openbsd-pipdemo-tcpdump,3,nc-openbsd pipdemo tcpdump,ACCEPT,0,0,0,0,0,0,0,0,0,0,0,0
nc-openbsd-pipdemo-tmux,3,nc-openbsd pipdemo tmux,ACCEPT,0,0,0,0,0,0,0,0,0,0,0,0
nc-openbsd-pipdemo-vim,3,nc-openbsd pipdemo vim,ACCEPT,0,0,0,8,0,0,0,0,0,0,0,0
nc-openbsd-pipdemo-webserver,3,nc-openbsd pipdemo webserver,ACCEPT,0,0,0,3,0,0,0,0,0,0,0,0
nc-openbsd-pipdemo-wget,3,nc-openbsd pipdemo wget,ACCEPT,0,0,0,0,0,0,0,0,0,0,0,0
nc-openbsd-pipdemo-zstd,3,nc-openbsd pipdemo zstd,ACCEPT,0,0,0,0,0,0,0,0,0,0,0,0
nc-openbsd-postgres,2,nc-openbsd postgres,ACCEPT,0,0,0,2,0,0,0,0,0,0,0,0
nc-openbsd-postgres-pytools,3,nc-openbsd postgres pytools,ACCEPT,0,0,0,4,0,0,0,0,0,0,0,0
nc-openbsd-postgres-pyyaml,3,nc-openbsd postgres pyyaml,ACCEPT,0,0,0,4,0,0,0,0,0,0,0,0
nc-openbsd-postgres-redis,3,nc-openbsd postgres redis,ACCEPT,0,0,0,2,0,0,0,0,0,0,0,0
nc-openbsd-postgres-rsync,3,nc-openbsd postgres rsync,ACCEPT,0,0,0,2,0,0,0,0,0,0,0,0
nc-openbsd-postgres-rust,3,nc-openbsd postgres rust,ACCEPT,0,0,0,5,0,0,0,0,0,0,0,0
nc-openbsd-postgres-socat,3,nc-openbsd postgres socat,ACCEPT,0,0,0,2,0,0,0,0,0,0,0,0
nc-openbsd-postgres-sqlite,3,nc-openbsd postgres sqlite,ACCEPT,0,0,0,4,0,0,0,0,0,0,0,0
nc-openbsd-postgres-tcpdump,3,nc-openbsd postgres tcpdump,ACCEPT,0,0,0,2,0,0,0,0,0,0,0,0
nc-openbsd-postgres-tmux,3,nc-openbsd postgres tmux,ACCEPT,0,0,0,2,0,0,0,0,0,0,0,0
nc-openbsd-postgres-vim,3,nc-openbsd postgres vim,ACCEPT,0,0,0,4,0,0,0,0,0,0,0,0
nc-openbsd-postgres-webserver,3,nc-openbsd postgres webserver,ACCEPT,0,0,0,10,0,0,0,0,0,0,0,0
nc-openbsd-postgres-wget,3,nc-openbsd postgres wget,ACCEPT,0,0,0,2,0,0,0,0,0,0,0,0
nc-openbsd-postgres-zstd,3,nc-openbsd postgres zstd,ACCEPT,0,0,0,2,0,0,0,0,0,0,0,0
nc-openbsd-pytools,2,nc-openbsd pytools,ACCEPT,0,0,0,0,0,0,0,0,0,0,0,0
nc-openbsd-pytools-pyyaml,3,nc-openbsd pytools pyyaml,ACCEPT,0,0,0,13,0,0,0,0,0,0,0,0
nc-openbsd-pytools-redis,3,nc-openbsd pytools redis,ACCEPT,0,0,0,0,0,0,0,0,0,0,0,0
nc-openbsd-pytools-rsync,3,nc-openbsd pytools rsync,ACCEPT,0,0,0,0,0,0,0,0,0,0,0,0
nc-openbsd-pytools-rust,3,nc-openbsd pytools rust,ACCEPT,0,0,0,1,0,0,0,0,0,0,0,0
nc-openbsd-pytools-socat,3,nc-openbsd pytools socat,ACCEPT,0,0,0,0,0,0,0,0,0,0,0,0
nc-openbsd-pytools-sqlite,3,nc-openbsd pytools sqlite,ACCEPT,0,0,0,3,0,0,0,0,0,0,0,0
nc-openbsd-pytools-tcpdump,3,nc-openbsd pytools tcpdump,ACCEPT,0,0,0,0,0,0,0,0,0,0,0,0
nc-openbsd-pytools-tmux,3,nc-openbsd pytools tmux,ACCEPT,0,0,0,0,0,0,0,0,0,0,0,0
nc-openbsd-pytools-vim,3,nc-openbsd pytools vim,ACCEPT,0,0,0,8,0,0,0,0,0,0,0,0
nc-openbsd-pytools-webserver,3,nc-openbsd pytools webserver,ACCEPT,0,0,0,3,0,0,0,0,0,0,0,0
nc-openbsd-pytools-wget,3,nc-openbsd pytools wget,ACCEPT,0,0,0,0,0,0,0,0,0,0,0,0
nc-openbsd-pytools-zstd,3,nc-openbsd pytools zstd,ACCEPT,0,0,0,0,0,0,0,0,0,0,0,0
nc-openbsd-pyyaml,2,nc-openbsd pyyaml,ACCEPT,0,0,0,0,0,0,0,0,0,0,0,0
nc-openbsd-pyyaml-redis,3,nc-openbsd pyyaml redis,ACCEPT,0,0,0,0,0,0,0,0,0,0,0,0
nc-openbsd-pyyaml-rsync,3,nc-openbsd pyyaml rsync,ACCEPT,0,0,0,0,0,0,0,0,0,0,0,0
nc-openbsd-pyyaml-rust,3,nc-openbsd pyyaml rust,ACCEPT,0,0,0,0,0,0,0,0,0,0,0,0
nc-openbsd-pyyaml-socat,3,nc-openbsd pyyaml socat,ACCEPT,0,0,0,0,0,0,0,0,0,0,0,0
nc-openbsd-pyyaml-sqlite,3,nc-openbsd pyyaml sqlite,ACCEPT,0,0,0,3,0,0,0,0,0,0,0,0
nc-openbsd-pyyaml-tcpdump,3,nc-openbsd pyyaml tcpdump,ACCEPT,0,0,0,0,0,0,0,0,0,0,0,0
nc-openbsd-pyyaml-tmux,3,nc-openbsd pyyaml tmux,ACCEPT,0,0,0,0,0,0,0,0,0,0,0,0
nc-openbsd-pyyaml-vim,3,nc-openbsd pyyaml vim,ACCEPT,0,0,0,8,0,0,0,0,0,0,0,0
nc-openbsd-pyyaml-webserver,3,nc-openbsd pyyaml webserver,ACCEPT,0,0,0,3,0,0,0,0,0,0,0,0
nc-openbsd-pyyaml-wget,3,nc-openbsd pyyaml wget,ACCEPT,0,0,0,0,0,0,0,0,0,0,0,0
nc-openbsd-pyyaml-zstd,3,nc-openbsd pyyaml zstd,ACCEPT,0,0,0,0,0,0,0,0,0,0,0,0
nc-openbsd-redis,2,nc-openbsd redis,ACCEPT,0,0,0,0,0,0,0,0,0,0,0,0
nc-openbsd-redis-rsync,3,nc-openbsd redis rsync,ACCEPT,0,0,0,0,0,0,0,0,0,0,0,0
nc-openbsd-redis-rust,3,nc-openbsd redis rust,ACCEPT,0,0,0,1,0,0,0,0,0,0,0,0
nc-openbsd-redis-socat,3,nc-openbsd redis socat,ACCEPT,0,0,0,0,0,0,0,0,0,0,0,0
nc-openbsd-redis-sqlite,3,nc-openbsd redis sqlite,ACCEPT,0,0,0,0,0,0,0,0,0,0,0,0
nc-openbsd-redis-tcpdump,3,nc-openbsd redis tcpdump,ACCEPT,0,0,0,0,0,0,0,0,0,0,0,0
nc-openbsd-redis-tmux,3,nc-openbsd redis tmux,ACCEPT,0,0,0,0,0,0,0,0,0,0,0,0
nc-openbsd-redis-vim,3,nc-openbsd redis vim,ACCEPT,0,0,0,0,0,0,0,0,0,0,0,0
nc-openbsd-redis-webserver,3,nc-openbsd redis webserver,ACCEPT,0,0,0,2,0,0,0,0,0,0,0,0
nc-openbsd-redis-wget,3,nc-openbsd redis wget,ACCEPT,0,0,0,0,0,0,0,0,0,0,0,0
nc-openbsd-redis-zstd,3,nc-openbsd redis zstd,ACCEPT,0,0,0,0,0,0,0,0,0,0,0,0
nc-openbsd-rsync,2,nc-openbsd rsync,ACCEPT,0,0,0,0,0,0,0,0,0,0,0,0
nc-openbsd-rsync-rust,3,nc-openbsd rsync rust,ACCEPT,0,0,0,0,0,0,0,0,0,0,0,0
nc-openbsd-rsync-socat,3,nc-openbsd rsync socat,ACCEPT,0,0,0,0,0,0,0,0,0,0,0,0
nc-openbsd-rsync-sqlite,3,nc-openbsd rsync sqlite,ACCEPT,0,0,0,0,0,0,0,0,0,0,0,0
nc-openbsd-rsync-tcpdump,3,nc-openbsd rsync tcpdump,ACCEPT,0,0,0,0,0,0,0,0,0,0,0,0
nc-openbsd-rsync-tmux,3,nc-openbsd rsync tmux,ACCEPT,0,0,0,0,0,0,0,0,0,0,0,0
nc-openbsd-rsync-vim,3,nc-openbsd rsync vim,ACCEPT,0,0,0,0,0,0,0,0,0,0,0,0
nc-openbsd-rsync-webserver,3,nc-openbsd rsync webserver,ACCEPT,0,0,0,2,0,0,0,0,0,0,0,0
nc-openbsd-rsync-wget,3,nc-openbsd rsync wget,ACCEPT,0,0,0,0,0,0,0,0,0,0,0,0
nc-openbsd-rsync-zstd,3,nc-openbsd rsync zstd,ACCEPT,0,0,0,0,0,0,0,0,0,0,0,0
nc-openbsd-rust,2,nc-openbsd rust,ACCEPT,0,0,0,0,0,0,0,0,0,0,0,0
nc-openbsd-rust-socat,3,nc-openbsd rust socat,ACCEPT,0,0,0,0,0,0,0,0,0,0,0,0
nc-openbsd-rust-sqlite,3,nc-openbsd rust sqlite,ACCEPT,0,0,0,0,0,0,0,0,0,0,0,0
nc-openbsd-rust-tcpdump,3,nc-openbsd rust tcpdump,ACCEPT,0,0,0,0,0,0,0,0,0,0,0,0
nc-openbsd-rust-tmux,3,nc-openbsd rust tmux,ACCEPT,0,0,0,0,0,0,0,0,0,0,0,0
nc-openbsd-rust-vim,3,nc-openbsd rust vim,ACCEPT,0,0,0,0,0,0,0,0,0,0,0,0
nc-openbsd-rust-webserver,3,nc-openbsd rust webserver,ACCEPT,0,0,0,3,0,0,0,0,0,0,0,0
nc-openbsd-rust-wget,3,nc-openbsd rust wget,ACCEPT,0,0,0,1,0,0,0,0,0,0,0,0
nc-openbsd-rust-zstd,3,nc-openbsd rust zstd,ACCEPT,0,0,0,0,0,0,0,0,0,0,0,0
nc-openbsd-socat,2,nc-openbsd socat,ACCEPT,0,0,0,0,0,0,0,0,0,0,0,0
nc-openbsd-socat-sqlite,3,nc-openbsd socat sqlite,ACCEPT,0,0,0,0,0,0,0,0,0,0,0,0
nc-openbsd-socat-tcpdump,3,nc-openbsd socat tcpdump,ACCEPT,0,0,0,0,0,0,0,0,0,0,0,0
nc-openbsd-socat-tmux,3,nc-openbsd socat tmux,ACCEPT,0,0,0,0,0,0,0,0,0,0,0,0
nc-openbsd-socat-vim,3,nc-openbsd socat vim,ACCEPT,0,0,0,0,0,0,0,0,0,0,0,0
nc-openbsd-socat-webserver,3,nc-openbsd socat webserver,ACCEPT,0,0,0,2,0,0,0,0,0,0,0,0
nc-openbsd-socat-wget,3,nc-openbsd socat wget,ACCEPT,0,0,0,0,0,0,0,0,0,0,0,0
nc-openbsd-socat-zstd,3,nc-openbsd socat zstd,ACCEPT,0,0,0,0,0,0,0,0,0,0,0,0
nc-openbsd-sqlite,2,nc-openbsd sqlite,ACCEPT,0,0,0,0,0,0,0,0,0,0,0,0
nc-openbsd-sqlite-tcpdump,3,nc-openbsd sqlite tcpdump,ACCEPT,0,0,0,0,0,0,0,0,0,0,0,0
nc-openbsd-sqlite-tmux,3,nc-openbsd sqlite tmux,ACCEPT,0,0,0,0,0,0,0,0,0,0,0,0
nc-openbsd-sqlite-vim,3,nc-openbsd sqlite vim,ACCEPT,0,0,0,3,0,0,0,0,0,0,0,0
nc-openbsd-sqlite-webserver,3,nc-openbsd sqlite webserver,ACCEPT,0,0,0,2,0,0,0,0,0,0,0,0
nc-openbsd-sqlite-wget,3,nc-openbsd sqlite wget,ACCEPT,0,0,0,0,0,0,0,0,0,0,0,0
nc-openbsd-sqlite-zstd,3,nc-openbsd sqlite zstd,ACCEPT,0,0,0,0,0,0,0,0,0,0,0,0
nc-openbsd-tcpdump,2,nc-openbsd tcpdump,ACCEPT,0,0,0,0,0,0,0,0,0,0,0,0
nc-openbsd-tcpdump-tmux,3,nc-openbsd tcpdump tmux,ACCEPT,0,0,0,0,0,0,0,0,0,0,0,0
nc-openbsd-tcpdump-vim,3,nc-openbsd tcpdump vim,ACCEPT,0,0,0,0,0,0,0,0,0,0,0,0
nc-openbsd-tcpdump-webserver,3,nc-openbsd tcpdump webserver,ACCEPT,0,0,0,2,0,0,0,0,0,0,0,0
nc-openbsd-tcpdump-wget,3,nc-openbsd tcpdump wget,ACCEPT,0,0,0,0,0,0,0,0,0,0,0,0
nc-openbsd-tcpdump-zstd,3,nc-openbsd tcpdump zstd,ACCEPT,0,0,0,0,0,0,0,0,0,0,0,0
nc-openbsd-tmux,2,nc-openbsd tmux,ACCEPT,0,0,0,0,0,0,0,0,0,0,0,0
nc-openbsd-tmux-vim,3,nc-openbsd tmux vim,ACCEPT,0,0,0,0,0,0,0,0,0,0,0,0
nc-openbsd-tmux-webserver,3,nc-openbsd tmux webserver,ACCEPT,0,0,0,2,0,0,0,0,0,0,0,0
nc-openbsd-tmux-wget,3,nc-openbsd tmux wget,ACCEPT,0,0,0,0,0,0,0,0,0,0,0,0
nc-openbsd-tmux-zstd,3,nc-openbsd tmux zstd,ACCEPT,0,0,0,0,0,0,0,0,0,0,0,0
nc-openbsd-vim,2,nc-openbsd vim,ACCEPT,0,0,0,0,0,0,0,0,0,0,0,0
nc-openbsd-vim-webserver,3,nc-openbsd vim webserver,ACCEPT,0,0,0,3,0,0,0,0,0,0,0,0
nc-openbsd-vim-wget,3,nc-openbsd vim wget,ACCEPT,0,0,0,0,0,0,0,0,0,0,0,0
nc-openbsd-vim-zstd,3,nc-openbsd vim zstd,ACCEPT,0,0,0,0,0,0,0,0,0,0,0,0
nc-openbsd-webserver,2,nc-openbsd webserver,ACCEPT,0,0,0,2,0,0,0,0,0,0,0,0
nc-openbsd-webserver-wget,3,nc-openbsd webserver wget,ACCEPT,0,0,0,2,0,0,0,0,0,0,0,0
nc-openbsd-webserver-zstd,3,nc-openbsd webserver zstd,ACCEPT,0,0,0,2,0,0,0,0,0,0,0,0
nc-openbsd-wget,2,nc-openbsd wget,ACCEPT,0,0,0,0,0,0,0,0,0,0,0,0
nc-openbsd-wget-zstd,3,nc-openbsd wget zstd,ACCEPT,0,0,0,0,0,0,0,0,0,0,0,0
nc-openbsd-zstd,2,nc-openbsd zstd,ACCEPT,0,0,0,0,0,0,0,0,0,0,0,0
nc-traditional-nvidia-driver-535,2,nc-traditional nvidia-driver-535,ACCEPT,0,0,0,0,0,0,0,0,0,0,0,0
nc-traditional-nvidia-driver-535-original-awk,3,nc-traditional nvidia-driver-535 original-awk,ACCEPT,0,0,0,0,0,0,0,0,0,0,0,0
nc-traditional-nvidia-driver-535-pgclient,3,nc-traditional nvidia-driver-535 pgclient,ACCEPT,0,0,0,0,0,0,0,0,0,0,0,0
nc-traditional-nvidia-driver-535-pipdemo,3,nc-traditional nvidia-driver-535 pipdemo,ACCEPT,0,0,0,0,0,0,0,0,0,0,0,0
nc-traditional-nvidia-driver-535-postgres,3,nc-traditional nvidia-driver-535 postgres,ACCEPT,0,0,0,0,0,0,0,0,0,0,0,0
nc-traditional-nvidia-driver-535-pytools,3,nc-traditional nvidia-driver-535 pytools,ACCEPT,0,0,0,0,0,0,0,0,0,0,0,0
nc-traditional-nvidia-driver-535-pyyaml,3,nc-traditional nvidia-driver-535 pyyaml,ACCEPT,0,0,0,0,0,0,0,0,0,0,0,0
nc-traditional-nvidia-driver-535-redis,3,nc-traditional nvidia-driver-535 redis,ACCEPT,0,0,0,0,0,0,0,0,0,0,0,0
nc-traditional-nvidia-driver-535-rsync,3,nc-traditional nvidia-driver-535 rsync,ACCEPT,0,0,0,0,0,0,0,0,0,0,0,0
nc-traditional-nvidia-driver-535-rust,3,nc-traditional nvidia-driver-535 rust,ACCEPT,0,0,0,6,0,0,0,0,0,0,0,0
nc-traditional-nvidia-driver-535-socat,3,nc-traditional nvidia-driver-535 socat,ACCEPT,0,0,0,0,0,0,0,0,0,0,0,0
nc-traditional-nvidia-driver-535-sqlite,3,nc-traditional nvidia-driver-535 sqlite,ACCEPT,0,0,0,0,0,0,0,0,0,0,0,0
nc-traditional-nvidia-driver-535-tcpdump,3,nc-traditional nvidia-driver-535 tcpdump,ACCEPT,0,0,0,0,0,0,0,0,0,0,0,0
nc-traditional-nvidia-driver-535-tmux,3,nc-traditional nvidia-driver-535 tmux,ACCEPT,0,0,0,0,0,0,0,0,0,0,0,0
nc-traditional-nvidia-driver-535-vim,3,nc-traditional nvidia-driver-535 vim,ACCEPT,0,0,0,0,0,0,0,0,0,0,0,0
nc-traditional-nvidia-driver-535-webserver,3,nc-traditional nvidia-driver-535 webserver,ACCEPT,0,0,0,0,0,0,0,0,0,0,0,0
nc-traditional-nvidia-driver-535-wget,3,nc-traditional nvidia-driver-535 wget,ACCEPT,0,0,0,0,0,0,0,0,0,0,0,0
nc-traditional-nvidia-driver-535-zstd,3,nc-traditional nvidia-driver-535 zstd,ACCEPT,0,0,0,0,0,0,0,0,0,0,0,0
nc-traditional-original-awk,2,nc-traditional original-awk,ACCEPT,0,0,0,0,0,0,0,0,0,0,0,0
nc-traditional-original-awk-pgclient,3,nc-traditional original-awk pgclient,ACCEPT,0,0,0,0,0,0,0,0,0,0,0,0
nc-traditional-original-awk-pipdemo,3,nc-traditional original-awk pipdemo,ACCEPT,0,0,0,0,0,0,0,0,0,0,0,0
nc-traditional-original-awk-postgres,3,nc-traditional original-awk postgres,ACCEPT,0,0,0,0,0,0,0,0,0,0,0,0
nc-traditional-original-awk-pytools,3,nc-traditional original-awk pytools,ACCEPT,0,0,0,0,0,0,0,0,0,0,0,0
nc-traditional-original-awk-pyyaml,3,nc-traditional original-awk pyyaml,ACCEPT,0,0,0,0,0,0,0,0,0,0,0,0
nc-traditional-original-awk-redis,3,nc-traditional original-awk redis,ACCEPT,0,0,0,0,0,0,0,0,0,0,0,0
nc-traditional-original-awk-rsync,3,nc-traditional original-awk rsync,ACCEPT,0,0,0,0,0,0,0,0,0,0,0,0
nc-traditional-original-awk-rust,3,nc-traditional original-awk rust,ACCEPT,0,0,0,0,0,0,0,0,0,0,0,0
nc-traditional-original-awk-socat,3,nc-traditional original-awk socat,ACCEPT,0,0,0,0,0,0,0,0,0,0,0,0
nc-traditional-original-awk-sqlite,3,nc-traditional original-awk sqlite,ACCEPT,0,0,0,0,0,0,0,0,0,0,0,0
nc-traditional-original-awk-tcpdump,3,nc-traditional original-awk tcpdump,ACCEPT,0,0,0,0,0,0,0,0,0,0,0,0
nc-traditional-original-awk-tmux,3,nc-traditional original-awk tmux,ACCEPT,0,0,0,0,0,0,0,0,0,0,0,0
nc-traditional-original-awk-vim,3,nc-traditional original-awk vim,ACCEPT,0,0,0,0,0,0,0,0,0,0,0,0
nc-traditional-original-awk-webserver,3,nc-traditional original-awk webserver,ACCEPT,0,0,0,0,0,0,0,0,0,0,0,0
nc-traditional-original-awk-wget,3,nc-traditional original-awk wget,ACCEPT,0,0,0,0,0,0,0,0,0,0,0,0
nc-traditional-original-awk-zstd,3,nc-traditional original-awk zstd,ACCEPT,0,0,0,0,0,0,0,0,0,0,0,0
nc-traditional-pgclient,2,nc-traditional pgclient,ACCEPT,0,0,0,0,0,0,0,0,0,0,0,0
nc-traditional-pgclient-pipdemo,3,nc-traditional pgclient pipdemo,ACCEPT,0,0,0,2,0,0,0,0,0,0,0,0
nc-traditional-pgclient-postgres,3,nc-traditional pgclient postgres,ACCEPT,0,0,0,14,0,0,0,0,0,0,0,0
nc-traditional-pgclient-pytools,3,nc-traditional pgclient pytools,ACCEPT,0,0,0,2,0,0,0,0,0,0,0,0
nc-traditional-pgclient-pyyaml,3,nc-traditional pgclient pyyaml,ACCEPT,0,0,0,2,0,0,0,0,0,0,0,0
nc-traditional-pgclient-redis,3,nc-traditional pgclient redis,ACCEPT,0,0,0,0,0,0,0,0,0,0,0,0
nc-traditional-pgclient-rsync,3,nc-traditional pgclient rsync,ACCEPT,0,0,0,0,0,0,0,0,0,0,0,0
nc-traditional-pgclient-rust,3,nc-traditional pgclient rust,ACCEPT,0,0,0,3,0,0,0,0,0,0,0,0
nc-traditional-pgclient-socat,3,nc-traditional pgclient socat,ACCEPT,0,0,0,0,0,0,0,0,0,0,0,0
nc-traditional-pgclient-sqlite,3,nc-traditional pgclient sqlite,ACCEPT,0,0,0,2,0,0,0,0,0,0,0,0
nc-traditional-pgclient-tcpdump,3,nc-traditional pgclient tcpdump,ACCEPT,0,0,0,0,0,0,0,0,0,0,0,0
nc-traditional-pgclient-tmux,3,nc-traditional pgclient tmux,ACCEPT,0,0,0,0,0,0,0,0,0,0,0,0
nc-traditional-pgclient-vim,3,nc-traditional pgclient vim,ACCEPT,0,0,0,2,0,0,0,0,0,0,0,0
nc-traditional-pgclient-webserver,3,nc-traditional pgclient webserver,ACCEPT,0,0,0,0,0,0,0,0,0,0,0,0
nc-traditional-pgclient-wget,3,nc-traditional pgclient wget,ACCEPT,0,0,0,0,0,0,0,0,0,0,0,0
nc-traditional-pgclient-zstd,3,nc-traditional pgclient zstd,ACCEPT,0,0,0,0,0,0,0,0,0,0,0,0
nc-traditional-pipdemo,2,nc-traditional pipdemo,ACCEPT,0,0,0,0,0,0,0,0,0,0,0,0
nc-traditional-pipdemo-postgres,3,nc-traditional pipdemo postgres,ACCEPT,0,0,0,2,0,0,0,0,0,0,0,0
nc-traditional-pipdemo-pytools,3,nc-traditional pipdemo pytools,ACCEPT,0,0,0,19,0,0,0,0,0,0,0,0
nc-traditional-pipdemo-pyyaml,3,nc-traditional pipdemo pyyaml,ACCEPT,0,0,0,13,0,0,0,0,0,0,0,0
nc-traditional-pipdemo-redis,3,nc-traditional pipdemo redis,ACCEPT,0,0,0,0,0,0,0,0,0,0,0,0
nc-traditional-pipdemo-rsync,3,nc-traditional pipdemo rsync,ACCEPT,0,0,0,0,0,0,0,0,0,0,0,0
nc-traditional-pipdemo-rust,3,nc-traditional pipdemo rust,ACCEPT,0,0,0,0,0,0,0,0,0,0,0,0
nc-traditional-pipdemo-socat,3,nc-traditional pipdemo socat,ACCEPT,0,0,0,0,0,0,0,0,0,0,0,0
nc-traditional-pipdemo-sqlite,3,nc-traditional pipdemo sqlite,ACCEPT,0,0,0,3,0,0,0,0,0,0,0,0
nc-traditional-pipdemo-tcpdump,3,nc-traditional pipdemo tcpdump,ACCEPT,0,0,0,0,0,0,0,0,0,0,0,0
nc-traditional-pipdemo-tmux,3,nc-traditional pipdemo tmux,ACCEPT,0,0,0,0,0,0,0,0,0,0,0,0
nc-traditional-pipdemo-vim,3,nc-traditional pipdemo vim,ACCEPT,0,0,0,8,0,0,0,0,0,0,0,0
nc-traditional-pipdemo-webserver,3,nc-traditional pipdemo webserver,ACCEPT,0,0,0,1,0,0,0,0,0,0,0,0
nc-traditional-pipdemo-wget,3,nc-traditional pipdemo wget,ACCEPT,0,0,0,0,0,0,0,0,0,0,0,0
nc-traditional-pipdemo-zstd,3,nc-traditional pipdemo zstd,ACCEPT,0,0,0,0,0,0,0,0,0,0,0,0
nc-traditional-postgres,2,nc-traditional postgres,ACCEPT,0,0,0,0,0,0,0,0,0,0,0,0
nc-traditional-postgres-pytools,3,nc-traditional postgres pytools,ACCEPT,0,0,0,2,0,0,0,0,0,0,0,0
nc-traditional-postgres-pyyaml,3,nc-traditional postgres pyyaml,ACCEPT,0,0,0,2,0,0,0,0,0,0,0,0
nc-traditional-postgres-redis,3,nc-traditional postgres redis,ACCEPT,0,0,0,0,0,0,0,0,0,0,0,0
nc-traditional-postgres-rsync,3,nc-traditional postgres rsync,ACCEPT,0,0,0,0,0,0,0,0,0,0,0,0
nc-traditional-postgres-rust,3,nc-traditional postgres rust,ACCEPT,0,0,0,3,0,0,0,0,0,0,0,0
nc-traditional-postgres-socat,3,nc-traditional postgres socat,ACCEPT,0,0,0,0,0,0,0,0,0,0,0,0
nc-traditional-postgres-sqlite,3,nc-traditional postgres sqlite,ACCEPT,0,0,0,2,0,0,0,0,0,0,0,0
nc-traditional-postgres-tcpdump,3,nc-traditional postgres tcpdump,ACCEPT,0,0,0,0,0,0,0,0,0,0,0,0
nc-traditional-postgres-tmux,3,nc-traditional postgres tmux,ACCEPT,0,0,0,0,0,0,0,0,0,0,0,0
nc-traditional-postgres-vim,3,nc-traditional postgres vim,ACCEPT,0,0,0,2,0,0,0,0,0,0,0,0
nc-traditional-postgres-webserver,3,nc-traditional postgres webserver,ACCEPT,0,0,0,6,0,0,0,0,0,0,0,0
nc-traditional-postgres-wget,3,nc-traditional postgres wget,ACCEPT,0,0,0,0,0,0,0,0,0,0,0,0
nc-traditional-postgres-zstd,3,nc-traditional postgres zstd,ACCEPT,0,0,0,0,0,0,0,0,0,0,0,0
nc-traditional-pytools,2,nc-traditional pytools,ACCEPT,0,0,0,0,0,0,0,0,0,0,0,0
nc-traditional-pytools-pyyaml,3,nc-traditional pytools pyyaml,ACCEPT,0,0,0,13,0,0,0,0,0,0,0,0
nc-traditional-pytools-redis,3,nc-traditional pytools redis,ACCEPT,0,0,0,0,0,0,0,0,0,0,0,0
nc-traditional-pytools-rsync,3,nc-traditional pytools rsync,ACCEPT,0,0,0,0,0,0,0,0,0,0,0,0
nc-traditional-pytools-rust,3,nc-traditional pytools rust,ACCEPT,0,0,0,1,0,0,0,0,0,0,0,0
nc-traditional-pytools-socat,3,nc-traditional pytools socat,ACCEPT,0,0,0,0,0,0,0,0,0,0,0,0
nc-traditional-pytools-sqlite,3,nc-traditional pytools sqlite,ACCEPT,0,0,0,3,0,0,0,0,0,0,0,0
nc-traditional-pytools-tcpdump,3,nc-traditional pytools tcpdump,ACCEPT,0,0,0,0,0,0,0,0,0,0,0,0
nc-traditional-pytools-tmux,3,nc-traditional pytools tmux,ACCEPT,0,0,0,0,0,0,0,0,0,0,0,0
nc-traditional-pytools-vim,3,nc-traditional pytools vim,ACCEPT,0,0,0,8,0,0,0,0,0,0,0,0
nc-traditional-pytools-webserver,3,nc-traditional pytools webserver,ACCEPT,0,0,0,1,0,0,0,0,0,0,0,0
nc-traditional-pytools-wget,3,nc-traditional pytools wget,ACCEPT,0,0,0,0,0,0,0,0,0,0,0,0
nc-traditional-pytools-zstd,3,nc-traditional pytools zstd,ACCEPT,0,0,0,0,0,0,0,0,0,0,0,0
nc-traditional-pyyaml,2,nc-traditional pyyaml,ACCEPT,0,0,0,0,0,0,0,0,0,0,0,0
nc-traditional-pyyaml-redis,3,nc-traditional pyyaml redis,ACCEPT,0,0,0,0,0,0,0,0,0,0,0,0
nc-traditional-pyyaml-rsync,3,nc-traditional pyyaml rsync,ACCEPT,0,0,0,0,0,0,0,0,0,0,0,0
nc-traditional-pyyaml-rust,3,nc-traditional pyyaml rust,ACCEPT,0,0,0,0,0,0,0,0,0,0,0,0
nc-traditional-pyyaml-socat,3,nc-traditional pyyaml socat,ACCEPT,0,0,0,0,0,0,0,0,0,0,0,0
nc-traditional-pyyaml-sqlite,3,nc-traditional pyyaml sqlite,ACCEPT,0,0,0,3,0,0,0,0,0,0,0,0
nc-traditional-pyyaml-tcpdump,3,nc-traditional pyyaml tcpdump,ACCEPT,0,0,0,0,0,0,0,0,0,0,0,0
nc-traditional-pyyaml-tmux,3,nc-traditional pyyaml tmux,ACCEPT,0,0,0,0,0,0,0,0,0,0,0,0
nc-traditional-pyyaml-vim,3,nc-traditional pyyaml vim,ACCEPT,0,0,0,8,0,0,0,0,0,0,0,0
nc-traditional-pyyaml-webserver,3,nc-traditional pyyaml webserver,ACCEPT,0,0,0,1,0,0,0,0,0,0,0,0
nc-traditional-pyyaml-wget,3,nc-traditional pyyaml wget,ACCEPT,0,0,0,0,0,0,0,0,0,0,0,0
nc-traditional-pyyaml-zstd,3,nc-traditional pyyaml zstd,ACCEPT,0,0,0,0,0,0,0,0,0,0,0,0
nc-traditional-redis,2,nc-traditional redis,ACCEPT,0,0,0,0,0,0,0,0,0,0,0,0
nc-traditional-redis-rsync,3,nc-traditional redis rsync,ACCEPT,0,0,0,0,0,0,0,0,0,0,0,0
nc-traditional-redis-rust,3,nc-traditional redis rust,ACCEPT,0,0,0,1,0,0,0,0,0,0,0,0
nc-traditional-redis-socat,3,nc-traditional redis socat,ACCEPT,0,0,0,0,0,0,0,0,0,0,0,0
nc-traditional-redis-sqlite,3,nc-traditional redis sqlite,ACCEPT,0,0,0,0,0,0,0,0,0,0,0,0
nc-traditional-redis-tcpdump,3,nc-traditional redis tcpdump,ACCEPT,0,0,0,0,0,0,0,0,0,0,0,0
nc-traditional-redis-tmux,3,nc-traditional redis tmux,ACCEPT,0,0,0,0,0,0,0,0,0,0,0,0
nc-traditional-redis-vim,3,nc-traditional redis vim,ACCEPT,0,0,0,0,0,0,0,0,0,0,0,0
nc-traditional-redis-webserver,3,nc-traditional redis webserver,ACCEPT,0,0,0,0,0,0,0,0,0,0,0,0
nc-traditional-redis-wget,3,nc-traditional redis wget,ACCEPT,0,0,0,0,0,0,0,0,0,0,0,0
nc-traditional-redis-zstd,3,nc-traditional redis zstd,ACCEPT,0,0,0,0,0,0,0,0,0,0,0,0
nc-traditional-rsync,2,nc-traditional rsync,ACCEPT,0,0,0,0,0,0,0,0,0,0,0,0
nc-traditional-rsync-rust,3,nc-traditional rsync rust,ACCEPT,0,0,0,0,0,0,0,0,0,0,0,0
nc-traditional-rsync-socat,3,nc-traditional rsync socat,ACCEPT,0,0,0,0,0,0,0,0,0,0,0,0
nc-traditional-rsync-sqlite,3,nc-traditional rsync sqlite,ACCEPT,0,0,0,0,0,0,0,0,0,0,0,0
nc-traditional-rsync-tcpdump,3,nc-traditional rsync tcpdump,ACCEPT,0,0,0,0,0,0,0,0,0,0,0,0
nc-traditional-rsync-tmux,3,nc-traditional rsync tmux,ACCEPT,0,0,0,0,0,0,0,0,0,0,0,0
nc-traditional-rsync-vim,3,nc-traditional rsync vim,ACCEPT,0,0,0,0,0,0,0,0,0,0,0,0
nc-traditional-rsync-webserver,3,nc-traditional rsync webserver,ACCEPT,0,0,0,0,0,0,0,0,0,0,0,0
nc-traditional-rsync-wget,3,nc-traditional rsync wget,ACCEPT,0,0,0,0,0,0,0,0,0,0,0,0
nc-traditional-rsync-zstd,3,nc-traditional rsync zstd,ACCEPT,0,0,0,0,0,0,0,0,0,0,0,0
nc-traditional-rust,2,nc-traditional rust,ACCEPT,0,0,0,0,0,0,0,0,0,0,0,0
nc-traditional-rust-socat,3,nc-traditional rust socat,ACCEPT,0,0,0,0,0,0,0,0,0,0,0,0
nc-traditional-rust-sqlite,3,nc-traditional rust sqlite,ACCEPT,0,0,0,0,0,0,0,0,0,0,0,0
nc-traditional-rust-tcpdump,3,nc-traditional rust tcpdump,ACCEPT,0,0,0,0,0,0,0,0,0,0,0,0
nc-traditional-rust-tmux,3,nc-traditional rust tmux,ACCEPT,0,0,0,0,0,0,0,0,0,0,0,0
nc-traditional-rust-vim,3,nc-traditional rust vim,ACCEPT,0,0,0,0,0,0,0,0,0,0,0,0
nc-traditional-rust-webserver,3,nc-traditional rust webserver,ACCEPT,0,0,0,1,0,0,0,0,0,0,0,0
nc-traditional-rust-wget,3,nc-traditional rust wget,ACCEPT,0,0,0,1,0,0,0,0,0,0,0,0
nc-traditional-rust-zstd,3,nc-traditional rust zstd,ACCEPT,0,0,0,0,0,0,0,0,0,0,0,0
nc-traditional-socat,2,nc-traditional socat,ACCEPT,0,0,0,0,0,0,0,0,0,0,0,0
nc-traditional-socat-sqlite,3,nc-traditional socat sqlite,ACCEPT,0,0,0,0,0,0,0,0,0,0,0,0
nc-traditional-socat-tcpdump,3,nc-traditional socat tcpdump,ACCEPT,0,0,0,0,0,0,0,0,0,0,0,0
nc-traditional-socat-tmux,3,nc-traditional socat tmux,ACCEPT,0,0,0,0,0,0,0,0,0,0,0,0
nc-traditional-socat-vim,3,nc-traditional socat vim,ACCEPT,0,0,0,0,0,0,0,0,0,0,0,0
nc-traditional-socat-webserver,3,nc-traditional socat webserver,ACCEPT,0,0,0,0,0,0,0,0,0,0,0,0
nc-traditional-socat-wget,3,nc-traditional socat wget,ACCEPT,0,0,0,0,0,0,0,0,0,0,0,0
nc-traditional-socat-zstd,3,nc-traditional socat zstd,ACCEPT,0,0,0,0,0,0,0,0,0,0,0,0
nc-traditional-sqlite,2,nc-traditional sqlite,ACCEPT,0,0,0,0,0,0,0,0,0,0,0,0
nc-traditional-sqlite-tcpdump,3,nc-traditional sqlite tcpdump,ACCEPT,0,0,0,0,0,0,0,0,0,0,0,0
nc-traditional-sqlite-tmux,3,nc-traditional sqlite tmux,ACCEPT,0,0,0,0,0,0,0,0,0,0,0,0
nc-traditional-sqlite-vim,3,nc-traditional sqlite vim,ACCEPT,0,0,0,3,0,0,0,0,0,0,0,0
nc-traditional-sqlite-webserver,3,nc-traditional sqlite webserver,ACCEPT,0,0,0,0,0,0,0,0,0,0,0,0
nc-traditional-sqlite-wget,3,nc-traditional sqlite wget,ACCEPT,0,0,0,0,0,0,0,0,0,0,0,0
nc-traditional-sqlite-zstd,3,nc-traditional sqlite zstd,ACCEPT,0,0,0,0,0,0,0,0,0,0,0,0
nc-traditional-tcpdump,2,nc-traditional tcpdump,ACCEPT,0,0,0,0,0,0,0,0,0,0,0,0
nc-traditional-tcpdump-tmux,3,nc-traditional tcpdump tmux,ACCEPT,0,0,0,0,0,0,0,0,0,0,0,0
nc-traditional-tcpdump-vim,3,nc-traditional tcpdump vim,ACCEPT,0,0,0,0,0,0,0,0,0,0,0,0
nc-traditional-tcpdump-webserver,3,nc-traditional tcpdump webserver,ACCEPT,0,0,0,0,0,0,0,0,0,0,0,0
nc-traditional-tcpdump-wget,3,nc-traditional tcpdump wget,ACCEPT,0,0,0,0,0,0,0,0,0,0,0,0
nc-traditional-tcpdump-zstd,3,nc-traditional tcpdump zstd,ACCEPT,0,0,0,0,0,0,0,0,0,0,0,0
nc-traditional-tmux,2,nc-traditional tmux,ACCEPT,0,0,0,0,0,0,0,0,0,0,0,0
nc-traditional-tmux-vim,3,nc-traditional tmux vim,ACCEPT,0,0,0,0,0,0,0,0,0,0,0,0
nc-traditional-tmux-webserver,3,nc-traditional tmux webserver,ACCEPT,0,0,0,0,0,0,0,0,0,0,0,0
nc-traditional-tmux-wget,3,nc-traditional tmux wget,ACCEPT,0,0,0,0,0,0,0,0,0,0,0,0
nc-traditional-tmux-zstd,3,nc-traditional tmux zstd,ACCEPT,0,0,0,0,0,0,0,0,0,0,0,0
nc-traditional-vim,2,nc-traditional vim,ACCEPT,0,0,0,0,0,0,0,0,0,0,0,0
nc-traditional-vim-webserver,3,nc-traditional vim webserver,ACCEPT,0,0,0,1,0,0,0,0,0,0,0,0
nc-traditional-vim-wget,3,nc-traditional vim wget,ACCEPT,0,0,0,0,0,0,0,0,0,0,0,0
nc-traditional-vim-zstd,3,nc-traditional vim zstd,ACCEPT,0,0,0,0,0,0,0,0,0,0,0,0
nc-traditional-webserver,2,nc-traditional webserver,ACCEPT,0,0,0,0,0,0,0,0,0,0,0,0
nc-traditional-webserver-wget,3,nc-traditional webserver wget,ACCEPT,0,0,0,0,0,0,0,0,0,0,0,0
nc-traditional-webserver-zstd,3,nc-traditional webserver zstd,ACCEPT,0,0,0,0,0,0,0,0,0,0,0,0
nc-traditional-wget,2,nc-traditional wget,ACCEPT,0,0,0,0,0,0,0,0,0,0,0,0
nc-traditional-wget-zstd,3,nc-traditional wget zstd,ACCEPT,0,0,0,0,0,0,0,0,0,0,0,0
nc-traditional-zstd,2,nc-traditional zstd,ACCEPT,0,0,0,0,0,0,0,0,0,0,0,0
nvidia-driver-535-original-awk,2,nvidia-driver-535 original-awk,ACCEPT,0,0,0,0,0,0,0,0,0,0,0,0
nvidia-driver-535-original-awk-pgclient,3,nvidia-driver-535 original-awk pgclient,ACCEPT,0,0,0,0,0,0,0,0,0,0,0,0
nvidia-driver-535-original-awk-pipdemo,3,nvidia-driver-535 original-awk pipdemo,ACCEPT,0,0,0,0,0,0,0,0,0,0,0,0
nvidia-driver-535-original-awk-postgres,3,nvidia-driver-535 original-awk postgres,ACCEPT,0,0,0,0,0,0,0,0,0,0,0,0
nvidia-driver-535-original-awk-pytools,3,nvidia-driver-535 original-awk pytools,ACCEPT,0,0,0,0,0,0,0,0,0,0,0,0
nvidia-driver-535-original-awk-pyyaml,3,nvidia-driver-535 original-awk pyyaml,ACCEPT,0,0,0,0,0,0,0,0,0,0,0,0
nvidia-driver-535-original-awk-redis,3,nvidia-driver-535 original-awk redis,ACCEPT,0,0,0,0,0,0,0,0,0,0,0,0
nvidia-driver-535-original-awk-rsync,3,nvidia-driver-535 original-awk rsync,ACCEPT,0,0,0,0,0,0,0,0,0,0,0,0
nvidia-driver-535-original-awk-rust,3,nvidia-driver-535 original-awk rust,ACCEPT,0,0,0,6,0,0,0,0,0,0,0,0
nvidia-driver-535-original-awk-socat,3,nvidia-driver-535 original-awk socat,ACCEPT,0,0,0,0,0,0,0,0,0,0,0,0
nvidia-driver-535-original-awk-sqlite,3,nvidia-driver-535 original-awk sqlite,ACCEPT,0,0,0,0,0,0,0,0,0,0,0,0
nvidia-driver-535-original-awk-tcpdump,3,nvidia-driver-535 original-awk tcpdump,ACCEPT,0,0,0,0,0,0,0,0,0,0,0,0
nvidia-driver-535-original-awk-tmux,3,nvidia-driver-535 original-awk tmux,ACCEPT,0,0,0,0,0,0,0,0,0,0,0,0
nvidia-driver-535-original-awk-vim,3,nvidia-driver-535 original-awk vim,ACCEPT,0,0,0,0,0,0,0,0,0,0,0,0
nvidia-driver-535-original-awk-webserver,3,nvidia-driver-535 original-awk webserver,ACCEPT,0,0,0,0,0,0,0,0,0,0,0,0
nvidia-driver-535-original-awk-wget,3,nvidia-driver-535 original-awk wget,ACCEPT,0,0,0,0,0,0,0,0,0,0,0,0
nvidia-driver-535-original-awk-zstd,3,nvidia-driver-535 original-awk zstd,ACCEPT,0,0,0,0,0,0,0,0,0,0,0,0
nvidia-driver-535-pgclient,2,nvidia-driver-535 pgclient,ACCEPT,0,0,0,0,0,0,0,0,0,0,0,0
nvidia-driver-535-pgclient-pipdemo,3,nvidia-driver-535 pgclient pipdemo,ACCEPT,0,0,0,2,0,0,0,0,0,0,0,0
nvidia-driver-535-pgclient-postgres,3,nvidia-driver-535 pgclient postgres,ACCEPT,0,0,0,14,0,0,0,0,0,0,0,0
nvidia-driver-535-pgclient-pytools,3,nvidia-driver-535 pgclient pytools,ACCEPT,0,0,0,2,0,0,0,0,0,0,0,0
nvidia-driver-535-pgclient-pyyaml,3,nvidia-driver-535 pgclient pyyaml,ACCEPT,0,0,0,2,0,0,0,0,0,0,0,0
nvidia-driver-535-pgclient-redis,3,nvidia-driver-535 pgclient redis,ACCEPT,0,0,0,0,0,0,0,0,0,0,0,0
nvidia-driver-535-pgclient-rsync,3,nvidia-driver-535 pgclient rsync,ACCEPT,0,0,0,0,0,0,0,0,0,0,0,0
nvidia-driver-535-pgclient-rust,3,nvidia-driver-535 pgclient rust,ACCEPT,0,0,0,9,0,0,0,0,0,0,0,0
nvidia-driver-535-pgclient-socat,3,nvidia-driver-535 pgclient socat,ACCEPT,0,0,0,0,0,0,0,0,0,0,0,0
nvidia-driver-535-pgclient-sqlite,3,nvidia-driver-535 pgclient sqlite,ACCEPT,0,0,0,2,0,0,0,0,0,0,0,0
nvidia-driver-535-pgclient-tcpdump,3,nvidia-driver-535 pgclient tcpdump,ACCEPT,0,0,0,0,0,0,0,0,0,0,0,0
nvidia-driver-535-pgclient-tmux,3,nvidia-driver-535 pgclient tmux,ACCEPT,0,0,0,0,0,0,0,0,0,0,0,0
nvidia-driver-535-pgclient-vim,3,nvidia-driver-535 pgclient vim,ACCEPT,0,0,0,2,0,0,0,0,0,0,0,0
nvidia-driver-535-pgclient-webserver,3,nvidia-driver-535 pgclient webserver,ACCEPT,0,0,0,0,0,0,0,0,0,0,0,0
nvidia-driver-535-pgclient-wget,3,nvidia-driver-535 pgclient wget,ACCEPT,0,0,0,0,0,0,0,0,0,0,0,0
nvidia-driver-535-pgclient-zstd,3,nvidia-driver-535 pgclient zstd,ACCEPT,0,0,0,0,0,0,0,0,0,0,0,0
nvidia-driver-535-pipdemo,2,nvidia-driver-535 pipdemo,ACCEPT,0,0,0,0,0,0,0,0,0,0,0,0
nvidia-driver-535-pipdemo-postgres,3,nvidia-driver-535 pipdemo postgres,ACCEPT,0,0,0,2,0,0,0,0,0,0,0,0
nvidia-driver-535-pipdemo-pytools,3,nvidia-driver-535 pipdemo pytools,ACCEPT,0,0,0,19,0,0,0,0,0,0,0,0
nvidia-driver-535-pipdemo-pyyaml,3,nvidia-driver-535 pipdemo pyyaml,ACCEPT,0,0,0,13,0,0,0,0,0,0,0,0
nvidia-driver-535-pipdemo-redis,3,nvidia-driver-535 pipdemo redis,ACCEPT,0,0,0,0,0,0,0,0,0,0,0,0
nvidia-driver-535-pipdemo-rsync,3,nvidia-driver-535 pipdemo rsync,ACCEPT,0,0,0,0,0,0,0,0,0,0,0,0
nvidia-driver-535-pipdemo-rust,3,nvidia-driver-535 pipdemo rust,ACCEPT,0,0,0,6,0,0,0,0,0,0,0,0
nvidia-driver-535-pipdemo-socat,3,nvidia-driver-535 pipdemo socat,ACCEPT,0,0,0,0,0,0,0,0,0,0,0,0
nvidia-driver-535-pipdemo-sqlite,3,nvidia-driver-535 pipdemo sqlite,ACCEPT,0,0,0,3,0,0,0,0,0,0,0,0
nvidia-driver-535-pipdemo-tcpdump,3,nvidia-driver-535 pipdemo tcpdump,ACCEPT,0,0,0,0,0,0,0,0,0,0,0,0
nvidia-driver-535-pipdemo-tmux,3,nvidia-driver-535 pipdemo tmux,ACCEPT,0,0,0,0,0,0,0,0,0,0,0,0
nvidia-driver-535-pipdemo-vim,3,nvidia-driver-535 pipdemo vim,ACCEPT,0,0,0,8,0,0,0,0,0,0,0,0
nvidia-driver-535-pipdemo-webserver,3,nvidia-driver-535 pipdemo webserver,ACCEPT,0,0,0,1,0,0,0,0,0,0,0,0
nvidia-driver-535-pipdemo-wget,3,nvidia-driver-535 pipdemo wget,ACCEPT,0,0,0,0,0,0,0,0,0,0,0,0
nvidia-driver-535-pipdemo-zstd,3,nvidia-driver-535 pipdemo zstd,ACCEPT,0,0,0,0,0,0,0,0,0,0,0,0
nvidia-driver-535-postgres,2,nvidia-driver-535 postgres,ACCEPT,0,0,0,0,0,0,0,0,0,0,0,0
nvidia-driver-535-postgres-pytools,3,nvidia-driver-535 postgres pytools,ACCEPT,0,0,0,2,0,0,0,0,0,0,0,0
nvidia-driver-535-postgres-pyyaml,3,nvidia-driver-535 postgres pyyaml,ACCEPT,0,0,0,2,0,0,0,0,0,0,0,0
nvidia-driver-535-postgres-redis,3,nvidia-driver-535 postgres redis,ACCEPT,0,0,0,0,0,0,0,0,0,0,0,0
nvidia-driver-535-postgres-rsync,3,nvidia-driver-535 postgres rsync,ACCEPT,0,0,0,0,0,0,0,0,0,0,0,0
nvidia-driver-535-postgres-rust,3,nvidia-driver-535 postgres rust,ACCEPT,0,0,0,9,0,0,0,0,0,0,0,0
nvidia-driver-535-postgres-socat,3,nvidia-driver-535 postgres socat,ACCEPT,0,0,0,0,0,0,0,0,0,0,0,0
nvidia-driver-535-postgres-sqlite,3,nvidia-driver-535 postgres sqlite,ACCEPT,0,0,0,2,0,0,0,0,0,0,0,0
nvidia-driver-535-postgres-tcpdump,3,nvidia-driver-535 postgres tcpdump,ACCEPT,0,0,0,0,0,0,0,0,0,0,0,0
nvidia-driver-535-postgres-tmux,3,nvidia-driver-535 postgres tmux,ACCEPT,0,0,0,0,0,0,0,0,0,0,0,0
nvidia-driver-535-postgres-vim,3,nvidia-driver-535 postgres vim,ACCEPT,0,0,0,2,0,0,0,0,0,0,0,0
nvidia-driver-535-postgres-webserver,3,nvidia-driver-535 postgres webserver,ACCEPT,0,0,0,6,0,0,0,0,0,0,0,0
nvidia-driver-535-postgres-wget,3,nvidia-driver-535 postgres wget,ACCEPT,0,0,0,0,0,0,0,0,0,0,0,0
nvidia-driver-535-postgres-zstd,3,nvidia-driver-535 postgres zstd,ACCEPT,0,0,0,0,0,0,0,0,0,0,0,0
nvidia-driver-535-pytools,2,nvidia-driver-535 pytools,ACCEPT,0,0,0,0,0,0,0,0,0,0,0,0
nvidia-driver-535-pytools-pyyaml,3,nvidia-driver-535 pytools pyyaml,ACCEPT,0,0,0,13,0,0,0,0,0,0,0,0
nvidia-driver-535-pytools-redis,3,nvidia-driver-535 pytools redis,ACCEPT,0,0,0,0,0,0,0,0,0,0,0,0
nvidia-driver-535-pytools-rsync,3,nvidia-driver-535 pytools rsync,ACCEPT,0,0,0,0,0,0,0,0,0,0,0,0
nvidia-driver-535-pytools-rust,3,nvidia-driver-535 pytools rust,ACCEPT,0,0,0,7,0,0,0,0,0,0,0,0
nvidia-driver-535-pytools-socat,3,nvidia-driver-535 pytools socat,ACCEPT,0,0,0,0,0,0,0,0,0,0,0,0
nvidia-driver-535-pytools-sqlite,3,nvidia-driver-535 pytools sqlite,ACCEPT,0,0,0,3,0,0,0,0,0,0,0,0
nvidia-driver-535-pytools-tcpdump,3,nvidia-driver-535 pytools tcpdump,ACCEPT,0,0,0,0,0,0,0,0,0,0,0,0
nvidia-driver-535-pytools-tmux,3,nvidia-driver-535 pytools tmux,ACCEPT,0,0,0,0,0,0,0,0,0,0,0,0
nvidia-driver-535-pytools-vim,3,nvidia-driver-535 pytools vim,ACCEPT,0,0,0,8,0,0,0,0,0,0,0,0
nvidia-driver-535-pytools-webserver,3,nvidia-driver-535 pytools webserver,ACCEPT,0,0,0,1,0,0,0,0,0,0,0,0
nvidia-driver-535-pytools-wget,3,nvidia-driver-535 pytools wget,ACCEPT,0,0,0,0,0,0,0,0,0,0,0,0
nvidia-driver-535-pytools-zstd,3,nvidia-driver-535 pytools zstd,ACCEPT,0,0,0,0,0,0,0,0,0,0,0,0
nvidia-driver-535-pyyaml,2,nvidia-driver-535 pyyaml,ACCEPT,0,0,0,0,0,0,0,0,0,0,0,0
nvidia-driver-535-pyyaml-redis,3,nvidia-driver-535 pyyaml redis,ACCEPT,0,0,0,0,0,0,0,0,0,0,0,0
nvidia-driver-535-pyyaml-rsync,3,nvidia-driver-535 pyyaml rsync,ACCEPT,0,0,0,0,0,0,0,0,0,0,0,0
nvidia-driver-535-pyyaml-rust,3,nvidia-driver-535 pyyaml rust,ACCEPT,0,0,0,6,0,0,0,0,0,0,0,0
nvidia-driver-535-pyyaml-socat,3,nvidia-driver-535 pyyaml socat,ACCEPT,0,0,0,0,0,0,0,0,0,0,0,0
nvidia-driver-535-pyyaml-sqlite,3,nvidia-driver-535 pyyaml sqlite,ACCEPT,0,0,0,3,0,0,0,0,0,0,0,0
nvidia-driver-535-pyyaml-tcpdump,3,nvidia-driver-535 pyyaml tcpdump,ACCEPT,0,0,0,0,0,0,0,0,0,0,0,0
nvidia-driver-535-pyyaml-tmux,3,nvidia-driver-535 pyyaml tmux,ACCEPT,0,0,0,0,0,0,0,0,0,0,0,0
nvidia-driver-535-pyyaml-vim,3,nvidia-driver-535 pyyaml vim,ACCEPT,0,0,0,8,0,0,0,0,0,0,0,0
nvidia-driver-535-pyyaml-webserver,3,nvidia-driver-535 pyyaml webserver,ACCEPT,0,0,0,1,0,0,0,0,0,0,0,0
nvidia-driver-535-pyyaml-wget,3,nvidia-driver-535 pyyaml wget,ACCEPT,0,0,0,0,0,0,0,0,0,0,0,0
nvidia-driver-535-pyyaml-zstd,3,nvidia-driver-535 pyyaml zstd,ACCEPT,0,0,0,0,0,0,0,0,0,0,0,0
nvidia-driver-535-redis,2,nvidia-driver-535 redis,ACCEPT,0,0,0,0,0,0,0,0,0,0,0,0
nvidia-driver-535-redis-rsync,3,nvidia-driver-535 redis rsync,ACCEPT,0,0,0,0,0,0,0,0,0,0,0,0
nvidia-driver-535-redis-rust,3,nvidia-driver-535 redis rust,ACCEPT,0,0,0,7,0,0,0,0,0,0,0,0
nvidia-driver-535-redis-socat,3,nvidia-driver-535 redis socat,ACCEPT,0,0,0,0,0,0,0,0,0,0,0,0
nvidia-driver-535-redis-sqlite,3,nvidia-driver-535 redis sqlite,ACCEPT,0,0,0,0,0,0,0,0,0,0,0,0
nvidia-driver-535-redis-tcpdump,3,nvidia-driver-535 redis tcpdump,ACCEPT,0,0,0,0,0,0,0,0,0,0,0,0
nvidia-driver-535-redis-tmux,3,nvidia-driver-535 redis tmux,ACCEPT,0,0,0,0,0,0,0,0,0,0,0,0
nvidia-driver-535-redis-vim,3,nvidia-driver-535 redis vim,ACCEPT,0,0,0,0,0,0,0,0,0,0,0,0
nvidia-driver-535-redis-webserver,3,nvidia-driver-535 redis webserver,ACCEPT,0,0,0,0,0,0,0,0,0,0,0,0
nvidia-driver-535-redis-wget,3,nvidia-driver-535 redis wget,ACCEPT,0,0,0,0,0,0,0,0,0,0,0,0
nvidia-driver-535-redis-zstd,3,nvidia-driver-535 redis zstd,ACCEPT,0,0,0,0,0,0,0,0,0,0,0,0
nvidia-driver-535-rsync,2,nvidia-driver-535 rsync,ACCEPT,0,0,0,0,0,0,0,0,0,0,0,0
nvidia-driver-535-rsync-rust,3,nvidia-driver-535 rsync rust,ACCEPT,0,0,0,6,0,0,0,0,0,0,0,0
nvidia-driver-535-rsync-socat,3,nvidia-driver-535 rsync socat,ACCEPT,0,0,0,0,0,0,0,0,0,0,0,0
nvidia-driver-535-rsync-sqlite,3,nvidia-driver-535 rsync sqlite,ACCEPT,0,0,0,0,0,0,0,0,0,0,0,0
nvidia-driver-535-rsync-tcpdump,3,nvidia-driver-535 rsync tcpdump,ACCEPT,0,0,0,0,0,0,0,0,0,0,0,0
nvidia-driver-535-rsync-tmux,3,nvidia-driver-535 rsync tmux,ACCEPT,0,0,0,0,0,0,0,0,0,0,0,0
nvidia-driver-535-rsync-vim,3,nvidia-driver-535 rsync vim,ACCEPT,0,0,0,0,0,0,0,0,0,0,0,0
nvidia-driver-535-rsync-webserver,3,nvidia-driver-535 rsync webserver,ACCEPT,0,0,0,0,0,0,0,0,0,0,0,0
nvidia-driver-535-rsync-wget,3,nvidia-driver-535 rsync wget,ACCEPT,0,0,0,0,0,0,0,0,0,0,0,0
nvidia-driver-535-rsync-zstd,3,nvidia-driver-535 rsync zstd,ACCEPT,0,0,0,0,0,0,0,0,0,0,0,0
nvidia-driver-535-rust,2,nvidia-driver-535 rust,ACCEPT,0,0,0,6,0,0,0,0,0,0,0,0
nvidia-driver-535-rust-socat,3,nvidia-driver-535 rust socat,ACCEPT,0,0,0,6,0,0,0,0,0,0,0,0
nvidia-driver-535-rust-sqlite,3,nvidia-driver-535 rust sqlite,ACCEPT,0,0,0,6,0,0,0,0,0,0,0,0
nvidia-driver-535-rust-tcpdump,3,nvidia-driver-535 rust tcpdump,ACCEPT,0,0,0,6,0,0,0,0,0,0,0,0
nvidia-driver-535-rust-tmux,3,nvidia-driver-535 rust tmux,ACCEPT,0,0,0,6,0,0,0,0,0,0,0,0
nvidia-driver-535-rust-vim,3,nvidia-driver-535 rust vim,ACCEPT,0,0,0,6,0,0,0,0,0,0,0,0
nvidia-driver-535-rust-webserver,3,nvidia-driver-535 rust webserver,ACCEPT,0,0,0,7,0,0,0,0,0,0,0,0
nvidia-driver-535-rust-wget,3,nvidia-driver-535 rust wget,ACCEPT,0,0,0,7,0,0,0,0,0,0,0,0
nvidia-driver-535-rust-zstd,3,nvidia-driver-535 rust zstd,ACCEPT,0,0,0,6,0,0,0,0,0,0,0,0
nvidia-driver-535-socat,2,nvidia-driver-535 socat,ACCEPT,0,0,0,0,0,0,0,0,0,0,0,0
nvidia-driver-535-socat-sqlite,3,nvidia-driver-535 socat sqlite,ACCEPT,0,0,0,0,0,0,0,0,0,0,0,0
nvidia-driver-535-socat-tcpdump,3,nvidia-driver-535 socat tcpdump,ACCEPT,0,0,0,0,0,0,0,0,0,0,0,0
nvidia-driver-535-socat-tmux,3,nvidia-driver-535 socat tmux,ACCEPT,0,0,0,0,0,0,0,0,0,0,0,0
nvidia-driver-535-socat-vim,3,nvidia-driver-535 socat vim,ACCEPT,0,0,0,0,0,0,0,0,0,0,0,0
nvidia-driver-535-socat-webserver,3,nvidia-driver-535 socat webserver,ACCEPT,0,0,0,0,0,0,0,0,0,0,0,0
nvidia-driver-535-socat-wget,3,nvidia-driver-535 socat wget,ACCEPT,0,0,0,0,0,0,0,0,0,0,0,0
nvidia-driver-535-socat-zstd,3,nvidia-driver-535 socat zstd,ACCEPT,0,0,0,0,0,0,0,0,0,0,0,0
nvidia-driver-535-sqlite,2,nvidia-driver-535 sqlite,ACCEPT,0,0,0,0,0,0,0,0,0,0,0,0
nvidia-driver-535-sqlite-tcpdump,3,nvidia-driver-535 sqlite tcpdump,ACCEPT,0,0,0,0,0,0,0,0,0,0,0,0
nvidia-driver-535-sqlite-tmux,3,nvidia-driver-535 sqlite tmux,ACCEPT,0,0,0,0,0,0,0,0,0,0,0,0
nvidia-driver-535-sqlite-vim,3,nvidia-driver-535 sqlite vim,ACCEPT,0,0,0,3,0,0,0,0,0,0,0,0
nvidia-driver-535-sqlite-webserver,3,nvidia-driver-535 sqlite webserver,ACCEPT,0,0,0,0,0,0,0,0,0,0,0,0
nvidia-driver-535-sqlite-wget,3,nvidia-driver-535 sqlite wget,ACCEPT,0,0,0,0,0,0,0,0,0,0,0,0
nvidia-driver-535-sqlite-zstd,3,nvidia-driver-535 sqlite zstd,ACCEPT,0,0,0,0,0,0,0,0,0,0,0,0
nvidia-driver-535-tcpdump,2,nvidia-driver-535 tcpdump,ACCEPT,0,0,0,0,0,0,0,0,0,0,0,0
nvidia-driver-535-tcpdump-tmux,3,nvidia-driver-535 tcpdump tmux,ACCEPT,0,0,0,0,0,0,0,0,0,0,0,0
nvidia-driver-535-tcpdump-vim,3,nvidia-driver-535 tcpdump vim,ACCEPT,0,0,0,0,0,0,0,0,0,0,0,0
nvidia-driver-535-tcpdump-webserver,3,nvidia-driver-535 tcpdump webserver,ACCEPT,0,0,0,0,0,0,0,0,0,0,0,0
nvidia-driver-535-tcpdump-wget,3,nvidia-driver-535 tcpdump wget,ACCEPT,0,0,0,0,0,0,0,0,0,0,0,0
nvidia-driver-535-tcpdump-zstd,3,nvidia-driver-535 tcpdump zstd,ACCEPT,0,0,0,0,0,0,0,0,0,0,0,0
nvidia-driver-535-tmux,2,nvidia-driver-535 tmux,ACCEPT,0,0,0,0,0,0,0,0,0,0,0,0
nvidia-driver-535-tmux-vim,3,nvidia-driver-535 tmux vim,ACCEPT,0,0,0,0,0,0,0,0,0,0,0,0
nvidia-driver-535-tmux-webserver,3,nvidia-driver-535 tmux webserver,ACCEPT,0,0,0,0,0,0,0,0,0,0,0,0
nvidia-driver-535-tmux-wget,3,nvidia-driver-535 tmux wget,ACCEPT,0,0,0,0,0,0,0,0,0,0,0,0
nvidia-driver-535-tmux-zstd,3,nvidia-driver-535 tmux zstd,ACCEPT,0,0,0,0,0,0,0,0,0,0,0,0
nvidia-driver-535-vim,2,nvidia-driver-535 vim,ACCEPT,0,0,0,0,0,0,0,0,0,0,0,0
nvidia-driver-535-vim-webserver,3,nvidia-driver-535 vim webserver,ACCEPT,0,0,0,1,0,0,0,0,0,0,0,0
nvidia-driver-535-vim-wget,3,nvidia-driver-535 vim wget,ACCEPT,0,0,0,0,0,0,0,0,0,0,0,0
nvidia-driver-535-vim-zstd,3,nvidia-driver-535 vim zstd,ACCEPT,0,0,0,0,0,0,0,0,0,0,0,0
nvidia-driver-535-webserver,2,nvidia-driver-535 webserver,ACCEPT,0,0,0,0,0,0,0,0,0,0,0,0
nvidia-driver-535-webserver-wget,3,nvidia-driver-535 webserver wget,ACCEPT,0,0,0,0,0,0,0,0,0,0,0,0
nvidia-driver-535-webserver-zstd,3,nvidia-driver-535 webserver zstd,ACCEPT,0,0,0,0,0,0,0,0,0,0,0,0
nvidia-driver-535-wget,2,nvidia-driver-535 wget,ACCEPT,0,0,0,0,0,0,0,0,0,0,0,0
nvidia-driver-535-wget-zstd,3,nvidia-driver-535 wget zstd,ACCEPT,0,0,0,0,0,0,0,0,0,0,0,0
nvidia-driver-535-zstd,2,nvidia-driver-535 zstd,ACCEPT,0,0,0,0,0,0,0,0,0,0,0,0
original-awk-pgclient,2,original-awk pgclient,ACCEPT,0,0,0,0,0,0,0,0,0,0,0,0
original-awk-pgclient-pipdemo,3,original-awk pgclient pipdemo,ACCEPT,0,0,0,2,0,0,0,0,0,0,0,0
original-awk-pgclient-postgres,3,original-awk pgclient postgres,ACCEPT,0,0,0,14,0,0,0,0,0,0,0,0
original-awk-pgclient-pytools,3,original-awk pgclient pytools,ACCEPT,0,0,0,2,0,0,0,0,0,0,0,0
original-awk-pgclient-pyyaml,3,original-awk pgclient pyyaml,ACCEPT,0,0,0,2,0,0,0,0,0,0,0,0
original-awk-pgclient-redis,3,original-awk pgclient redis,ACCEPT,0,0,0,0,0,0,0,0,0,0,0,0
original-awk-pgclient-rsync,3,original-awk pgclient rsync,ACCEPT,0,0,0,0,0,0,0,0,0,0,0,0
original-awk-pgclient-rust,3,original-awk pgclient rust,ACCEPT,0,0,0,3,0,0,0,0,0,0,0,0
original-awk-pgclient-socat,3,original-awk pgclient socat,ACCEPT,0,0,0,0,0,0,0,0,0,0,0,0
original-awk-pgclient-sqlite,3,original-awk pgclient sqlite,ACCEPT,0,0,0,2,0,0,0,0,0,0,0,0
original-awk-pgclient-tcpdump,3,original-awk pgclient tcpdump,ACCEPT,0,0,0,0,0,0,0,0,0,0,0,0
original-awk-pgclient-tmux,3,original-awk pgclient tmux,ACCEPT,0,0,0,0,0,0,0,0,0,0,0,0
original-awk-pgclient-vim,3,original-awk pgclient vim,ACCEPT,0,0,0,2,0,0,0,0,0,0,0,0
original-awk-pgclient-webserver,3,original-awk pgclient webserver,ACCEPT,0,0,0,0,0,0,0,0,0,0,0,0
original-awk-pgclient-wget,3,original-awk pgclient wget,ACCEPT,0,0,0,0,0,0,0,0,0,0,0,0
original-awk-pgclient-zstd,3,original-awk pgclient zstd,ACCEPT,0,0,0,0,0,0,0,0,0,0,0,0
original-awk-pipdemo,2,original-awk pipdemo,ACCEPT,0,0,0,0,0,0,0,0,0,0,0,0
original-awk-pipdemo-postgres,3,original-awk pipdemo postgres,ACCEPT,0,0,0,2,0,0,0,0,0,0,0,0
original-awk-pipdemo-pytools,3,original-awk pipdemo pytools,ACCEPT,0,0,0,19,0,0,0,0,0,0,0,0
original-awk-pipdemo-pyyaml,3,original-awk pipdemo pyyaml,ACCEPT,0,0,0,13,0,0,0,0,0,0,0,0
original-awk-pipdemo-redis,3,original-awk pipdemo redis,ACCEPT,0,0,0,0,0,0,0,0,0,0,0,0
original-awk-pipdemo-rsync,3,original-awk pipdemo rsync,ACCEPT,0,0,0,0,0,0,0,0,0,0,0,0
original-awk-pipdemo-rust,3,original-awk pipdemo rust,ACCEPT,0,0,0,0,0,0,0,0,0,0,0,0
original-awk-pipdemo-socat,3,original-awk pipdemo socat,ACCEPT,0,0,0,0,0,0,0,0,0,0,0,0
original-awk-pipdemo-sqlite,3,original-awk pipdemo sqlite,ACCEPT,0,0,0,3,0,0,0,0,0,0,0,0
original-awk-pipdemo-tcpdump,3,original-awk pipdemo tcpdump,ACCEPT,0,0,0,0,0,0,0,0,0,0,0,0
original-awk-pipdemo-tmux,3,original-awk pipdemo tmux,ACCEPT,0,0,0,0,0,0,0,0,0,0,0,0
original-awk-pipdemo-vim,3,original-awk pipdemo vim,ACCEPT,0,0,0,8,0,0,0,0,0,0,0,0
original-awk-pipdemo-webserver,3,original-awk pipdemo webserver,ACCEPT,0,0,0,1,0,0,0,0,0,0,0,0
original-awk-pipdemo-wget,3,original-awk pipdemo wget,ACCEPT,0,0,0,0,0,0,0,0,0,0,0,0
original-awk-pipdemo-zstd,3,original-awk pipdemo zstd,ACCEPT,0,0,0,0,0,0,0,0,0,0,0,0
original-awk-postgres,2,original-awk postgres,ACCEPT,0,0,0,0,0,0,0,0,0,0,0,0
original-awk-postgres-pytools,3,original-awk postgres pytools,ACCEPT,0,0,0,2,0,0,0,0,0,0,0,0
original-awk-postgres-pyyaml,3,original-awk postgres pyyaml,ACCEPT,0,0,0,2,0,0,0,0,0,0,0,0
original-awk-postgres-redis,3,original-awk postgres redis,ACCEPT,0,0,0,0,0,0,0,0,0,0,0,0
original-awk-postgres-rsync,3,original-awk postgres rsync,ACCEPT,0,0,0,0,0,0,0,0,0,0,0,0
original-awk-postgres-rust,3,original-awk postgres rust,ACCEPT,0,0,0,3,0,0,0,0,0,0,0,0
original-awk-postgres-socat,3,original-awk postgres socat,ACCEPT,0,0,0,0,0,0,0,0,0,0,0,0
original-awk-postgres-sqlite,3,original-awk postgres sqlite,ACCEPT,0,0,0,2,0,0,0,0,0,0,0,0
original-awk-postgres-tcpdump,3,original-awk postgres tcpdump,ACCEPT,0,0,0,0,0,0,0,0,0,0,0,0
original-awk-postgres-tmux,3,original-awk postgres tmux,ACCEPT,0,0,0,0,0,0,0,0,0,0,0,0
original-awk-postgres-vim,3,original-awk postgres vim,ACCEPT,0,0,0,2,0,0,0,0,0,0,0,0
original-awk-postgres-webserver,3,original-awk postgres webserver,ACCEPT,0,0,0,6,0,0,0,0,0,0,0,0
original-awk-postgres-wget,3,original-awk postgres wget,ACCEPT,0,0,0,0,0,0,0,0,0,0,0,0
original-awk-postgres-zstd,3,original-awk postgres zstd,ACCEPT,0,0,0,0,0,0,0,0,0,0,0,0
original-awk-pytools,2,original-awk pytools,ACCEPT,0,0,0,0,0,0,0,0,0,0,0,0
original-awk-pytools-pyyaml,3,original-awk pytools pyyaml,ACCEPT,0,0,0,13,0,0,0,0,0,0,0,0
original-awk-pytools-redis,3,original-awk pytools redis,ACCEPT,0,0,0,0,0,0,0,0,0,0,0,0
original-awk-pytools-rsync,3,original-awk pytools rsync,ACCEPT,0,0,0,0,0,0,0,0,0,0,0,0
original-awk-pytools-rust,3,original-awk pytools rust,ACCEPT,0,0,0,1,0,0,0,0,0,0,0,0
original-awk-pytools-socat,3,original-awk pytools socat,ACCEPT,0,0,0,0,0,0,0,0,0,0,0,0
original-awk-pytools-sqlite,3,original-awk pytools sqlite,ACCEPT,0,0,0,3,0,0,0,0,0,0,0,0
original-awk-pytools-tcpdump,3,original-awk pytools tcpdump,ACCEPT,0,0,0,0,0,0,0,0,0,0,0,0
original-awk-pytools-tmux,3,original-awk pytools tmux,ACCEPT,0,0,0,0,0,0,0,0,0,0,0,0
original-awk-pytools-vim,3,original-awk pytools vim,ACCEPT,0,0,0,8,0,0,0,0,0,0,0,0
original-awk-pytools-webserver,3,original-awk pytools webserver,ACCEPT,0,0,0,1,0,0,0,0,0,0,0,0
original-awk-pytools-wget,3,original-awk pytools wget,ACCEPT,0,0,0,0,0,0,0,0,0,0,0,0
original-awk-pytools-zstd,3,original-awk pytools zstd,ACCEPT,0,0,0,0,0,0,0,0,0,0,0,0
original-awk-pyyaml,2,original-awk pyyaml,ACCEPT,0,0,0,0,0,0,0,0,0,0,0,0
original-awk-pyyaml-redis,3,original-awk pyyaml redis,ACCEPT,0,0,0,0,0,0,0,0,0,0,0,0
original-awk-pyyaml-rsync,3,original-awk pyyaml rsync,ACCEPT,0,0,0,0,0,0,0,0,0,0,0,0
original-awk-pyyaml-rust,3,original-awk pyyaml rust,ACCEPT,0,0,0,0,0,0,0,0,0,0,0,0
original-awk-pyyaml-socat,3,original-awk pyyaml socat,ACCEPT,0,0,0,0,0,0,0,0,0,0,0,0
original-awk-pyyaml-sqlite,3,original-awk pyyaml sqlite,ACCEPT,0,0,0,3,0,0,0,0,0,0,0,0
original-awk-pyyaml-tcpdump,3,original-awk pyyaml tcpdump,ACCEPT,0,0,0,0,0,0,0,0,0,0,0,0
original-awk-pyyaml-tmux,3,original-awk pyyaml tmux,ACCEPT,0,0,0,0,0,0,0,0,0,0,0,0
original-awk-pyyaml-vim,3,original-awk pyyaml vim,ACCEPT,0,0,0,8,0,0,0,0,0,0,0,0
original-awk-pyyaml-webserver,3,original-awk pyyaml webserver,ACCEPT,0,0,0,1,0,0,0,0,0,0,0,0
original-awk-pyyaml-wget,3,original-awk pyyaml wget,ACCEPT,0,0,0,0,0,0,0,0,0,0,0,0
original-awk-pyyaml-zstd,3,original-awk pyyaml zstd,ACCEPT,0,0,0,0,0,0,0,0,0,0,0,0
original-awk-redis,2,original-awk redis,ACCEPT,0,0,0,0,0,0,0,0,0,0,0,0
original-awk-redis-rsync,3,original-awk redis rsync,ACCEPT,0,0,0,0,0,0,0,0,0,0,0,0
original-awk-redis-rust,3,original-awk redis rust,ACCEPT,0,0,0,1,0,0,0,0,0,0,0,0
original-awk-redis-socat,3,original-awk redis socat,ACCEPT,0,0,0,0,0,0,0,0,0,0,0,0
original-awk-redis-sqlite,3,original-awk redis sqlite,ACCEPT,0,0,0,0,0,0,0,0,0,0,0,0
original-awk-redis-tcpdump,3,original-awk redis tcpdump,ACCEPT,0,0,0,0,0,0,0,0,0,0,0,0
original-awk-redis-tmux,3,original-awk redis tmux,ACCEPT,0,0,0,0,0,0,0,0,0,0,0,0
original-awk-redis-vim,3,original-awk redis vim,ACCEPT,0,0,0,0,0,0,0,0,0,0,0,0
original-awk-redis-webserver,3,original-awk redis webserver,ACCEPT,0,0,0,0,0,0,0,0,0,0,0,0
original-awk-redis-wget,3,original-awk redis wget,ACCEPT,0,0,0,0,0,0,0,0,0,0,0,0
original-awk-redis-zstd,3,original-awk redis zstd,ACCEPT,0,0,0,0,0,0,0,0,0,0,0,0
original-awk-rsync,2,original-awk rsync,ACCEPT,0,0,0,0,0,0,0,0,0,0,0,0
original-awk-rsync-rust,3,original-awk rsync rust,ACCEPT,0,0,0,0,0,0,0,0,0,0,0,0
original-awk-rsync-socat,3,original-awk rsync socat,ACCEPT,0,0,0,0,0,0,0,0,0,0,0,0
original-awk-rsync-sqlite,3,original-awk rsync sqlite,ACCEPT,0,0,0,0,0,0,0,0,0,0,0,0
original-awk-rsync-tcpdump,3,original-awk rsync tcpdump,ACCEPT,0,0,0,0,0,0,0,0,0,0,0,0
original-awk-rsync-tmux,3,original-awk rsync tmux,ACCEPT,0,0,0,0,0,0,0,0,0,0,0,0
original-awk-rsync-vim,3,original-awk rsync vim,ACCEPT,0,0,0,0,0,0,0,0,0,0,0,0
original-awk-rsync-webserver,3,original-awk rsync webserver,ACCEPT,0,0,0,0,0,0,0,0,0,0,0,0
original-awk-rsync-wget,3,original-awk rsync wget,ACCEPT,0,0,0,0,0,0,0,0,0,0,0,0
original-awk-rsync-zstd,3,original-awk rsync zstd,ACCEPT,0,0,0,0,0,0,0,0,0,0,0,0
original-awk-rust,2,original-awk rust,ACCEPT,0,0,0,0,0,0,0,0,0,0,0,0
original-awk-rust-socat,3,original-awk rust socat,ACCEPT,0,0,0,0,0,0,0,0,0,0,0,0
original-awk-rust-sqlite,3,original-awk rust sqlite,ACCEPT,0,0,0,0,0,0,0,0,0,0,0,0
original-awk-rust-tcpdump,3,original-awk rust tcpdump,ACCEPT,0,0,0,0,0,0,0,0,0,0,0,0
original-awk-rust-tmux,3,original-awk rust tmux,ACCEPT,0,0,0,0,0,0,0,0,0,0,0,0
original-awk-rust-vim,3,original-awk rust vim,ACCEPT,0,0,0,0,0,0,0,0,0,0,0,0
original-awk-rust-webserver,3,original-awk rust webserver,ACCEPT,0,0,0,1,0,0,0,0,0,0,0,0
original-awk-rust-wget,3,original-awk rust wget,ACCEPT,0,0,0,1,0,0,0,0,0,0,0,0
original-awk-rust-zstd,3,original-awk rust zstd,ACCEPT,0,0,0,0,0,0,0,0,0,0,0,0
original-awk-socat,2,original-awk socat,ACCEPT,0,0,0,0,0,0,0,0,0,0,0,0
original-awk-socat-sqlite,3,original-awk socat sqlite,ACCEPT,0,0,0,0,0,0,0,0,0,0,0,0
original-awk-socat-tcpdump,3,original-awk socat tcpdump,ACCEPT,0,0,0,0,0,0,0,0,0,0,0,0
original-awk-socat-tmux,3,original-awk socat tmux,ACCEPT,0,0,0,0,0,0,0,0,0,0,0,0
original-awk-socat-vim,3,original-awk socat vim,ACCEPT,0,0,0,0,0,0,0,0,0,0,0,0
original-awk-socat-webserver,3,original-awk socat webserver,ACCEPT,0,0,0,0,0,0,0,0,0,0,0,0
original-awk-socat-wget,3,original-awk socat wget,ACCEPT,0,0,0,0,0,0,0,0,0,0,0,0
original-awk-socat-zstd,3,original-awk socat zstd,ACCEPT,0,0,0,0,0,0,0,0,0,0,0,0
original-awk-sqlite,2,original-awk sqlite,ACCEPT,0,0,0,0,0,0,0,0,0,0,0,0
original-awk-sqlite-tcpdump,3,original-awk sqlite tcpdump,ACCEPT,0,0,0,0,0,0,0,0,0,0,0,0
original-awk-sqlite-tmux,3,original-awk sqlite tmux,ACCEPT,0,0,0,0,0,0,0,0,0,0,0,0
original-awk-sqlite-vim,3,original-awk sqlite vim,ACCEPT,0,0,0,3,0,0,0,0,0,0,0,0
original-awk-sqlite-webserver,3,original-awk sqlite webserver,ACCEPT,0,0,0,0,0,0,0,0,0,0,0,0
original-awk-sqlite-wget,3,original-awk sqlite wget,ACCEPT,0,0,0,0,0,0,0,0,0,0,0,0
original-awk-sqlite-zstd,3,original-awk sqlite zstd,ACCEPT,0,0,0,0,0,0,0,0,0,0,0,0
original-awk-tcpdump,2,original-awk tcpdump,ACCEPT,0,0,0,0,0,0,0,0,0,0,0,0
original-awk-tcpdump-tmux,3,original-awk tcpdump tmux,ACCEPT,0,0,0,0,0,0,0,0,0,0,0,0
original-awk-tcpdump-vim,3,original-awk tcpdump vim,ACCEPT,0,0,0,0,0,0,0,0,0,0,0,0
original-awk-tcpdump-webserver,3,original-awk tcpdump webserver,ACCEPT,0,0,0,0,0,0,0,0,0,0,0,0
original-awk-tcpdump-wget,3,original-awk tcpdump wget,ACCEPT,0,0,0,0,0,0,0,0,0,0,0,0
original-awk-tcpdump-zstd,3,original-awk tcpdump zstd,ACCEPT,0,0,0,0,0,0,0,0,0,0,0,0
original-awk-tmux,2,original-awk tmux,ACCEPT,0,0,0,0,0,0,0,0,0,0,0,0
original-awk-tmux-vim,3,original-awk tmux vim,ACCEPT,0,0,0,0,0,0,0,0,0,0,0,0
original-awk-tmux-webserver,3,original-awk tmux webserver,ACCEPT,0,0,0,0,0,0,0,0,0,0,0,0
original-awk-tmux-wget,3,original-awk tmux wget,ACCEPT,0,0,0,0,0,0,0,0,0,0,0,0
original-awk-tmux-zstd,3,original-awk tmux zstd,ACCEPT,0,0,0,0,0,0,0,0,0,0,0,0
original-awk-vim,2,original-awk vim,ACCEPT,0,0,0,0,0,0,0,0,0,0,0,0
original-awk-vim-webserver,3,original-awk vim webserver,ACCEPT,0,0,0,1,0,0,0,0,0,0,0,0
original-awk-vim-wget,3,original-awk vim wget,ACCEPT,0,0,0,0,0,0,0,0,0,0,0,0
original-awk-vim-zstd,3,original-awk vim zstd,ACCEPT,0,0,0,0,0,0,0,0,0,0,0,0
original-awk-webserver,2,original-awk webserver,ACCEPT,0,0,0,0,0,0,0,0,0,0,0,0
original-awk-webserver-wget,3,original-awk webserver wget,ACCEPT,0,0,0,0,0,0,0,0,0,0,0,0
original-awk-webserver-zstd,3,original-awk webserver zstd,ACCEPT,0,0,0,0,0,0,0,0,0,0,0,0
original-awk-wget,2,original-awk wget,ACCEPT,0,0,0,0,0,0,0,0,0,0,0,0
original-awk-wget-zstd,3,original-awk wget zstd,ACCEPT,0,0,0,0,0,0,0,0,0,0,0,0
original-awk-zstd,2,original-awk zstd,ACCEPT,0,0,0,0,0,0,0,0,0,0,0,0
pgclient-pipdemo,2,pgclient pipdemo,ACCEPT,0,0,0,2,0,0,0,0,0,0,0,0
pgclient-pipdemo-postgres,3,pgclient pipdemo postgres,ACCEPT,0,0,0,18,0,0,0,0,0,0,0,0
pgclient-pipdemo-pytools,3,pgclient pipdemo pytools,ACCEPT,0,0,0,23,0,0,0,0,0,0,0,0
pgclient-pipdemo-pyyaml,3,pgclient pipdemo pyyaml,ACCEPT,0,0,0,17,0,0,0,0,0,0,0,0
pgclient-pipdemo-redis,3,pgclient pipdemo redis,ACCEPT,0,0,0,2,0,0,0,0,0,0,0,0
pgclient-pipdemo-rsync,3,pgclient pipdemo rsync,ACCEPT,0,0,0,2,0,0,0,0,0,0,0,0
pgclient-pipdemo-rust,3,pgclient pipdemo rust,ACCEPT,0,0,0,5,0,0,0,0,0,0,0,0
pgclient-pipdemo-socat,3,pgclient pipdemo socat,ACCEPT,0,0,0,2,0,0,0,0,0,0,0,0
pgclient-pipdemo-sqlite,3,pgclient pipdemo sqlite,ACCEPT,0,0,0,7,0,0,0,0,0,0,0,0
pgclient-pipdemo-tcpdump,3,pgclient pipdemo tcpdump,ACCEPT,0,0,0,2,0,0,0,0,0,0,0,0
pgclient-pipdemo-tmux,3,pgclient pipdemo tmux,ACCEPT,0,0,0,2,0,0,0,0,0,0,0,0
pgclient-pipdemo-vim,3,pgclient pipdemo vim,ACCEPT,0,0,0,12,0,0,0,0,0,0,0,0
pgclient-pipdemo-webserver,3,pgclient pipdemo webserver,ACCEPT,0,0,0,3,0,0,0,0,0,0,0,0
pgclient-pipdemo-wget,3,pgclient pipdemo wget,ACCEPT,0,0,0,2,0,0,0,0,0,0,0,0
pgclient-pipdemo-zstd,3,pgclient pipdemo zstd,ACCEPT,0,0,0,2,0,0,0,0,0,0,0,0
pgclient-postgres,2,pgclient postgres,ACCEPT,0,0,0,14,0,0,0,0,0,0,0,0
pgclient-postgres-pytools,3,pgclient postgres pytools,ACCEPT,0,0,0,18,0,0,0,0,0,0,0,0
pgclient-postgres-pyyaml,3,pgclient postgres pyyaml,ACCEPT,0,0,0,18,0,0,0,0,0,0,0,0
pgclient-postgres-redis,3,pgclient postgres redis,ACCEPT,0,0,0,14,0,0,0,0,0,0,0,0
pgclient-postgres-rsync,3,pgclient postgres rsync,ACCEPT,0,0,0,14,0,0,0,0,0,0,0,0
pgclient-postgres-rust,3,pgclient postgres rust,ACCEPT,0,0,0,20,0,0,0,0,0,0,0,0
pgclient-postgres-socat,3,pgclient postgres socat,ACCEPT,0,0,0,14,0,0,0,0,0,0,0,0
pgclient-postgres-sqlite,3,pgclient postgres sqlite,ACCEPT,0,0,0,18,0,0,0,0,0,0,0,0
pgclient-postgres-tcpdump,3,pgclient postgres tcpdump,ACCEPT,0,0,0,14,0,0,0,0,0,0,0,0
pgclient-postgres-tmux,3,pgclient postgres tmux,ACCEPT,0,0,0,14,0,0,0,0,0,0,0,0
pgclient-postgres-vim,3,pgclient postgres vim,ACCEPT,0,0,0,18,0,0,0,0,0,0,0,0
pgclient-postgres-webserver,3,pgclient postgres webserver,ACCEPT,0,0,0,20,0,0,0,0,0,0,0,0
pgclient-postgres-wget,3,pgclient postgres wget,ACCEPT,0,0,0,14,0,0,0,0,0,0,0,0
pgclient-postgres-zstd,3,pgclient postgres zstd,ACCEPT,0,0,0,14,0,0,0,0,0,0,0,0
pgclient-pytools,2,pgclient pytools,ACCEPT,0,0,0,2,0,0,0,0,0,0,0,0
pgclient-pytools-pyyaml,3,pgclient pytools pyyaml,ACCEPT,0,0,0,17,0,0,0,0,0,0,0,0
pgclient-pytools-redis,3,pgclient pytools redis,ACCEPT,0,0,0,2,0,0,0,0,0,0,0,0
pgclient-pytools-rsync,3,pgclient pytools rsync,ACCEPT,0,0,0,2,0,0,0,0,0,0,0,0
pgclient-pytools-rust,3,pgclient pytools rust,ACCEPT,0,0,0,6,0,0,0,0,0,0,0,0
pgclient-pytools-socat,3,pgclient pytools socat,ACCEPT,0,0,0,2,0,0,0,0,0,0,0,0
pgclient-pytools-sqlite,3,pgclient pytools sqlite,ACCEPT,0,0,0,7,0,0,0,0,0,0,0,0
pgclient-pytools-tcpdump,3,pgclient pytools tcpdump,ACCEPT,0,0,0,2,0,0,0,0,0,0,0,0
pgclient-pytools-tmux,3,pgclient pytools tmux,ACCEPT,0,0,0,2,0,0,0,0,0,0,0,0
pgclient-pytools-vim,3,pgclient pytools vim,ACCEPT,0,0,0,12,0,0,0,0,0,0,0,0
pgclient-pytools-webserver,3,pgclient pytools webserver,ACCEPT,0,0,0,3,0,0,0,0,0,0,0,0
pgclient-pytools-wget,3,pgclient pytools wget,ACCEPT,0,0,0,2,0,0,0,0,0,0,0,0
pgclient-pytools-zstd,3,pgclient pytools zstd,ACCEPT,0,0,0,2,0,0,0,0,0,0,0,0
pgclient-pyyaml,2,pgclient pyyaml,ACCEPT,0,0,0,2,0,0,0,0,0,0,0,0
pgclient-pyyaml-redis,3,pgclient pyyaml redis,ACCEPT,0,0,0,2,0,0,0,0,0,0,0,0
pgclient-pyyaml-rsync,3,pgclient pyyaml rsync,ACCEPT,0,0,0,2,0,0,0,0,0,0,0,0
pgclient-pyyaml-rust,3,pgclient pyyaml rust,ACCEPT,0,0,0,5,0,0,0,0,0,0,0,0
pgclient-pyyaml-socat,3,pgclient pyyaml socat,ACCEPT,0,0,0,2,0,0,0,0,0,0,0,0
pgclient-pyyaml-sqlite,3,pgclient pyyaml sqlite,ACCEPT,0,0,0,7,0,0,0,0,0,0,0,0
pgclient-pyyaml-tcpdump,3,pgclient pyyaml tcpdump,ACCEPT,0,0,0,2,0,0,0,0,0,0,0,0
pgclient-pyyaml-tmux,3,pgclient pyyaml tmux,ACCEPT,0,0,0,2,0,0,0,0,0,0,0,0
pgclient-pyyaml-vim,3,pgclient pyyaml vim,ACCEPT,0,0,0,12,0,0,0,0,0,0,0,0
pgclient-pyyaml-webserver,3,pgclient pyyaml webserver,ACCEPT,0,0,0,3,0,0,0,0,0,0,0,0
pgclient-pyyaml-wget,3,pgclient pyyaml wget,ACCEPT,0,0,0,2,0,0,0,0,0,0,0,0
pgclient-pyyaml-zstd,3,pgclient pyyaml zstd,ACCEPT,0,0,0,2,0,0,0,0,0,0,0,0
pgclient-redis,2,pgclient redis,ACCEPT,0,0,0,0,0,0,0,0,0,0,0,0
pgclient-redis-rsync,3,pgclient redis rsync,ACCEPT,0,0,0,0,0,0,0,0,0,0,0,0
pgclient-redis-rust,3,pgclient redis rust,ACCEPT,0,0,0,4,0,0,0,0,0,0,0,0
pgclient-redis-socat,3,pgclient redis socat,ACCEPT,0,0,0,0,0,0,0,0,0,0,0,0
pgclient-redis-sqlite,3,pgclient redis sqlite,ACCEPT,0,0,0,2,0,0,0,0,0,0,0,0
pgclient-redis-tcpdump,3,pgclient redis tcpdump,ACCEPT,0,0,0,0,0,0,0,0,0,0,0,0
pgclient-redis-tmux,3,pgclient redis tmux,ACCEPT,0,0,0,0,0,0,0,0,0,0,0,0
pgclient-redis-vim,3,pgclient redis vim,ACCEPT,0,0,0,2,0,0,0,0,0,0,0,0
pgclient-redis-webserver,3,pgclient redis webserver,ACCEPT,0,0,0,0,0,0,0,0,0,0,0,0
pgclient-redis-wget,3,pgclient redis wget,ACCEPT,0,0,0,0,0,0,0,0,0,0,0,0
pgclient-redis-zstd,3,pgclient redis zstd,ACCEPT,0,0,0,0,0,0,0,0,0,0,0,0
pgclient-rsync,2,pgclient rsync,ACCEPT,0,0,0,0,0,0,0,0,0,0,0,0
pgclient-rsync-rust,3,pgclient rsync rust,ACCEPT,0,0,0,3,0,0,0,0,0,0,0,0
pgclient-rsync-socat,3,pgclient rsync socat,ACCEPT,0,0,0,0,0,0,0,0,0,0,0,0
pgclient-rsync-sqlite,3,pgclient rsync sqlite,ACCEPT,0,0,0,2,0,0,0,0,0,0,0,0
pgclient-rsync-tcpdump,3,pgclient rsync tcpdump,ACCEPT,0,0,0,0,0,0,0,0,0,0,0,0
pgclient-rsync-tmux,3,pgclient rsync tmux,ACCEPT,0,0,0,0,0,0,0,0,0,0,0,0
pgclient-rsync-vim,3,pgclient rsync vim,ACCEPT,0,0,0,2,0,0,0,0,0,0,0,0
pgclient-rsync-webserver,3,pgclient rsync webserver,ACCEPT,0,0,0,0,0,0,0,0,0,0,0,0
pgclient-rsync-wget,3,pgclient rsync wget,ACCEPT,0,0,0,0,0,0,0,0,0,0,0,0
pgclient-rsync-zstd,3,pgclient rsync zstd,ACCEPT,0,0,0,0,0,0,0,0,0,0,0,0
pgclient-rust,2,pgclient rust,ACCEPT,0,0,0,3,0,0,0,0,0,0,0,0
pgclient-rust-socat,3,pgclient rust socat,ACCEPT,0,0,0,3,0,0,0,0,0,0,0,0
pgclient-rust-sqlite,3,pgclient rust sqlite,ACCEPT,0,0,0,5,0,0,0,0,0,0,0,0
pgclient-rust-tcpdump,3,pgclient rust tcpdump,ACCEPT,0,0,0,3,0,0,0,0,0,0,0,0
pgclient-rust-tmux,3,pgclient rust tmux,ACCEPT,0,0,0,3,0,0,0,0,0,0,0,0
pgclient-rust-vim,3,pgclient rust vim,ACCEPT,0,0,0,5,0,0,0,0,0,0,0,0
pgclient-rust-webserver,3,pgclient rust webserver,ACCEPT,0,0,0,4,0,0,0,0,0,0,0,0
pgclient-rust-wget,3,pgclient rust wget,ACCEPT,0,0,0,4,0,0,0,0,0,0,0,0
pgclient-rust-zstd,3,pgclient rust zstd,ACCEPT,0,0,0,3,0,0,0,0,0,0,0,0
pgclient-socat,2,pgclient socat,ACCEPT,0,0,0,0,0,0,0,0,0,0,0,0
pgclient-socat-sqlite,3,pgclient socat sqlite,ACCEPT,0,0,0,2,0,0,0,0,0,0,0,0
pgclient-socat-tcpdump,3,pgclient socat tcpdump,ACCEPT,0,0,0,0,0,0,0,0,0,0,0,0
pgclient-socat-tmux,3,pgclient socat tmux,ACCEPT,0,0,0,0,0,0,0,0,0,0,0,0
pgclient-socat-vim,3,pgclient socat vim,ACCEPT,0,0,0,2,0,0,0,0,0,0,0,0
pgclient-socat-webserver,3,pgclient socat webserver,ACCEPT,0,0,0,0,0,0,0,0,0,0,0,0
pgclient-socat-wget,3,pgclient socat wget,ACCEPT,0,0,0,0,0,0,0,0,0,0,0,0
pgclient-socat-zstd,3,pgclient socat zstd,ACCEPT,0,0,0,0,0,0,0,0,0,0,0,0
pgclient-sqlite,2,pgclient sqlite,ACCEPT,0,0,0,2,0,0,0,0,0,0,0,0
pgclient-sqlite-tcpdump,3,pgclient sqlite tcpdump,ACCEPT,0,0,0,2,0,0,0,0,0,0,0,0
pgclient-sqlite-tmux,3,pgclient sqlite tmux,ACCEPT,0,0,0,2,0,0,0,0,0,0,0,0
pgclient-sqlite-vim,3,pgclient sqlite vim,ACCEPT,0,0,0,7,0,0,0,0,0,0,0,0
pgclient-sqlite-webserver,3,pgclient sqlite webserver,ACCEPT,0,0,0,2,0,0,0,0,0,0,0,0
pgclient-sqlite-wget,3,pgclient sqlite wget,ACCEPT,0,0,0,2,0,0,0,0,0,0,0,0
pgclient-sqlite-zstd,3,pgclient sqlite zstd,ACCEPT,0,0,0,2,0,0,0,0,0,0,0,0
pgclient-tcpdump,2,pgclient tcpdump,ACCEPT,0,0,0,0,0,0,0,0,0,0,0,0
pgclient-tcpdump-tmux,3,pgclient tcpdump tmux,ACCEPT,0,0,0,0,0,0,0,0,0,0,0,0
pgclient-tcpdump-vim,3,pgclient tcpdump vim,ACCEPT,0,0,0,2,0,0,0,0,0,0,0,0
pgclient-tcpdump-webserver,3,pgclient tcpdump webserver,ACCEPT,0,0,0,0,0,0,0,0,0,0,0,0
pgclient-tcpdump-wget,3,pgclient tcpdump wget,ACCEPT,0,0,0,0,0,0,0,0,0,0,0,0
pgclient-tcpdump-zstd,3,pgclient tcpdump zstd,ACCEPT,0,0,0,0,0,0,0,0,0,0,0,0
pgclient-tmux,2,pgclient tmux,ACCEPT,0,0,0,0,0,0,0,0,0,0,0,0
pgclient-tmux-vim,3,pgclient tmux vim,ACCEPT,0,0,0,2,0,0,0,0,0,0,0,0
pgclient-tmux-webserver,3,pgclient tmux webserver,ACCEPT,0,0,0,0,0,0,0,0,0,0,0,0
pgclient-tmux-wget,3,pgclient tmux wget,ACCEPT,0,0,0,0,0,0,0,0,0,0,0,0
pgclient-tmux-zstd,3,pgclient tmux zstd,ACCEPT,0,0,0,0,0,0,0,0,0,0,0,0
pgclient-vim,2,pgclient vim,ACCEPT,0,0,0,2,0,0,0,0,0,0,0,0
pgclient-vim-webserver,3,pgclient vim webserver,ACCEPT,0,0,0,3,0,0,0,0,0,0,0,0
pgclient-vim-wget,3,pgclient vim wget,ACCEPT,0,0,0,2,0,0,0,0,0,0,0,0
pgclient-vim-zstd,3,pgclient vim zstd,ACCEPT,0,0,0,2,0,0,0,0,0,0,0,0
pgclient-webserver,2,pgclient webserver,ACCEPT,0,0,0,0,0,0,0,0,0,0,0,0
pgclient-webserver-wget,3,pgclient webserver wget,ACCEPT,0,0,0,0,0,0,0,0,0,0,0,0
pgclient-webserver-zstd,3,pgclient webserver zstd,ACCEPT,0,0,0,0,0,0,0,0,0,0,0,0
pgclient-wget,2,pgclient wget,ACCEPT,0,0,0,0,0,0,0,0,0,0,0,0
pgclient-wget-zstd,3,pgclient wget zstd,ACCEPT,0,0,0,0,0,0,0,0,0,0,0,0
pgclient-zstd,2,pgclient zstd,ACCEPT,0,0,0,0,0,0,0,0,0,0,0,0
pipdemo-postgres,2,pipdemo postgres,ACCEPT,0,0,0,2,0,0,0,0,0,0,0,0
pipdemo-postgres-pytools,3,pipdemo postgres pytools,ACCEPT,0,0,0,23,0,0,0,0,0,0,0,0
pipdemo-postgres-pyyaml,3,pipdemo postgres pyyaml,ACCEPT,0,0,0,17,0,0,0,0,0,0,0,0
pipdemo-postgres-redis,3,pipdemo postgres redis,ACCEPT,0,0,0,2,0,0,0,0,0,0,0,0
pipdemo-postgres-rsync,3,pipdemo postgres rsync,ACCEPT,0,0,0,2,0,0,0,0,0,0,0,0
pipdemo-postgres-rust,3,pipdemo postgres rust,ACCEPT,0,0,0,5,0,0,0,0,0,0,0,0
pipdemo-postgres-socat,3,pipdemo postgres socat,ACCEPT,0,0,0,2,0,0,0,0,0,0,0,0
pipdemo-postgres-sqlite,3,pipdemo postgres sqlite,ACCEPT,0,0,0,7,0,0,0,0,0,0,0,0
pipdemo-postgres-tcpdump,3,pipdemo postgres tcpdump,ACCEPT,0,0,0,2,0,0,0,0,0,0,0,0
pipdemo-postgres-tmux,3,pipdemo postgres tmux,ACCEPT,0,0,0,2,0,0,0,0,0,0,0,0
pipdemo-postgres-vim,3,pipdemo postgres vim,ACCEPT,0,0,0,12,0,0,0,0,0,0,0,0
pipdemo-postgres-webserver,3,pipdemo postgres webserver,ACCEPT,0,0,0,9,0,0,0,0,0,0,0,0
pipdemo-postgres-wget,3,pipdemo postgres wget,ACCEPT,0,0,0,2,0,0,0,0,0,0,0,0
pipdemo-postgres-zstd,3,pipdemo postgres zstd,ACCEPT,0,0,0,2,0,0,0,0,0,0,0,0
pipdemo-pytools,2,pipdemo pytools,ACCEPT,0,0,0,19,0,0,0,0,0,0,0,0
pipdemo-pytools-pyyaml,3,pipdemo pytools pyyaml,ACCEPT,0,0,0,45,0,0,0,0,0,0,0,0
pipdemo-pytools-redis,3,pipdemo pytools redis,ACCEPT,0,0,0,19,0,0,0,0,0,0,0,0
pipdemo-pytools-rsync,3,pipdemo pytools rsync,ACCEPT,0,0,0,19,0,0,0,0,0,0,0,0
pipdemo-pytools-rust,3,pipdemo pytools rust,ACCEPT,0,0,0,20,0,0,0,0,0,0,0,0
pipdemo-pytools-socat,3,pipdemo pytools socat,ACCEPT,0,0,0,19,0,0,0,0,0,0,0,0
pipdemo-pytools-sqlite,3,pipdemo pytools sqlite,ACCEPT,0,0,0,25,0,0,0,0,0,0,0,0
pipdemo-pytools-tcpdump,3,pipdemo pytools tcpdump,ACCEPT,0,0,0,19,0,0,0,0,0,0,0,0
pipdemo-pytools-tmux,3,pipdemo pytools tmux,ACCEPT,0,0,0,19,0,0,0,0,0,0,0,0
pipdemo-pytools-vim,3,pipdemo pytools vim,ACCEPT,0,0,0,35,0,0,0,0,0,0,0,0
pipdemo-pytools-webserver,3,pipdemo pytools webserver,ACCEPT,0,0,0,21,0,0,0,0,0,0,0,0
pipdemo-pytools-wget,3,pipdemo pytools wget,ACCEPT,0,0,0,19,0,0,0,0,0,0,0,0
pipdemo-pytools-zstd,3,pipdemo pytools zstd,ACCEPT,0,0,0,19,0,0,0,0,0,0,0,0
pipdemo-pyyaml,2,pipdemo pyyaml,ACCEPT,0,0,0,13,0,0,0,0,0,0,0,0
pipdemo-pyyaml-redis,3,pipdemo pyyaml redis,ACCEPT,0,0,0,13,0,0,0,0,0,0,0,0
pipdemo-pyyaml-rsync,3,pipdemo pyyaml rsync,ACCEPT,0,0,0,13,0,0,0,0,0,0,0,0
pipdemo-pyyaml-rust,3,pipdemo pyyaml rust,ACCEPT,0,0,0,13,0,0,0,0,0,0,0,0
pipdemo-pyyaml-socat,3,pipdemo pyyaml socat,ACCEPT,0,0,0,13,0,0,0,0,0,0,0,0
pipdemo-pyyaml-sqlite,3,pipdemo pyyaml sqlite,ACCEPT,0,0,0,19,0,0,0,0,0,0,0,0
pipdemo-pyyaml-tcpdump,3,pipdemo pyyaml tcpdump,ACCEPT,0,0,0,13,0,0,0,0,0,0,0,0
pipdemo-pyyaml-tmux,3,pipdemo pyyaml tmux,ACCEPT,0,0,0,13,0,0,0,0,0,0,0,0
pipdemo-pyyaml-vim,3,pipdemo pyyaml vim,ACCEPT,0,0,0,29,0,0,0,0,0,0,0,0
pipdemo-pyyaml-webserver,3,pipdemo pyyaml webserver,ACCEPT,0,0,0,15,0,0,0,0,0,0,0,0
pipdemo-pyyaml-wget,3,pipdemo pyyaml wget,ACCEPT,0,0,0,13,0,0,0,0,0,0,0,0
pipdemo-pyyaml-zstd,3,pipdemo pyyaml zstd,ACCEPT,0,0,0,13,0,0,0,0,0,0,0,0
pipdemo-redis,2,pipdemo redis,ACCEPT,0,0,0,0,0,0,0,0,0,0,0,0
pipdemo-redis-rsync,3,pipdemo redis rsync,ACCEPT,0,0,0,0,0,0,0,0,0,0,0,0
pipdemo-redis-rust,3,pipdemo redis rust,ACCEPT,0,0,0,1,0,0,0,0,0,0,0,0
pipdemo-redis-socat,3,pipdemo redis socat,ACCEPT,0,0,0,0,0,0,0,0,0,0,0,0
pipdemo-redis-sqlite,3,pipdemo redis sqlite,ACCEPT,0,0,0,3,0,0,0,0,0,0,0,0
pipdemo-redis-tcpdump,3,pipdemo redis tcpdump,ACCEPT,0,0,0,0,0,0,0,0,0,0,0,0
pipdemo-redis-tmux,3,pipdemo redis tmux,ACCEPT,0,0,0,0,0,0,0,0,0,0,0,0
pipdemo-redis-vim,3,pipdemo redis vim,ACCEPT,0,0,0,8,0,0,0,0,0,0,0,0
pipdemo-redis-webserver,3,pipdemo redis webserver,ACCEPT,0,0,0,1,0,0,0,0,0,0,0,0
pipdemo-redis-wget,3,pipdemo redis wget,ACCEPT,0,0,0,0,0,0,0,0,0,0,0,0
pipdemo-redis-zstd,3,pipdemo redis zstd,ACCEPT,0,0,0,0,0,0,0,0,0,0,0,0
pipdemo-rsync,2,pipdemo rsync,ACCEPT,0,0,0,0,0,0,0,0,0,0,0,0
pipdemo-rsync-rust,3,pipdemo rsync rust,ACCEPT,0,0,0,0,0,0,0,0,0,0,0,0
pipdemo-rsync-socat,3,pipdemo rsync socat,ACCEPT,0,0,0,0,0,0,0,0,0,0,0,0
pipdemo-rsync-sqlite,3,pipdemo rsync sqlite,ACCEPT,0,0,0,3,0,0,0,0,0,0,0,0
pipdemo-rsync-tcpdump,3,pipdemo rsync tcpdump,ACCEPT,0,0,0,0,0,0,0,0,0,0,0,0
pipdemo-rsync-tmux,3,pipdemo rsync tmux,ACCEPT,0,0,0,0,0,0,0,0,0,0,0,0
pipdemo-rsync-vim,3,pipdemo rsync vim,ACCEPT,0,0,0,8,0,0,0,0,0,0,0,0
pipdemo-rsync-webserver,3,pipdemo rsync webserver,ACCEPT,0,0,0,1,0,0,0,0,0,0,0,0
pipdemo-rsync-wget,3,pipdemo rsync wget,ACCEPT,0,0,0,0,0,0,0,0,0,0,0,0
pipdemo-rsync-zstd,3,pipdemo rsync zstd,ACCEPT,0,0,0,0,0,0,0,0,0,0,0,0
pipdemo-rust,2,pipdemo rust,ACCEPT,0,0,0,0,0,0,0,0,0,0,0,0
pipdemo-rust-socat,3,pipdemo rust socat,ACCEPT,0,0,0,0,0,0,0,0,0,0,0,0
pipdemo-rust-sqlite,3,pipdemo rust sqlite,ACCEPT,0,0,0,3,0,0,0,0,0,0,0,0
pipdemo-rust-tcpdump,3,pipdemo rust tcpdump,ACCEPT,0,0,0,0,0,0,0,0,0,0,0,0
pipdemo-rust-tmux,3,pipdemo rust tmux,ACCEPT,0,0,0,0,0,0,0,0,0,0,0,0
pipdemo-rust-vim,3,pipdemo rust vim,ACCEPT,0,0,0,8,0,0,0,0,0,0,0,0
pipdemo-rust-webserver,3,pipdemo rust webserver,ACCEPT,0,0,0,2,0,0,0,0,0,0,0,0
pipdemo-rust-wget,3,pipdemo rust wget,ACCEPT,0,0,0,1,0,0,0,0,0,0,0,0
pipdemo-rust-zstd,3,pipdemo rust zstd,ACCEPT,0,0,0,0,0,0,0,0,0,0,0,0
pipdemo-socat,2,pipdemo socat,ACCEPT,0,0,0,0,0,0,0,0,0,0,0,0
pipdemo-socat-sqlite,3,pipdemo socat sqlite,ACCEPT,0,0,0,3,0,0,0,0,0,0,0,0
pipdemo-socat-tcpdump,3,pipdemo socat tcpdump,ACCEPT,0,0,0,0,0,0,0,0,0,0,0,0
pipdemo-socat-tmux,3,pipdemo socat tmux,ACCEPT,0,0,0,0,0,0,0,0,0,0,0,0
pipdemo-socat-vim,3,pipdemo socat vim,ACCEPT,0,0,0,8,0,0,0,0,0,0,0,0
pipdemo-socat-webserver,3,pipdemo socat webserver,ACCEPT,0,0,0,1,0,0,0,0,0,0,0,0
pipdemo-socat-wget,3,pipdemo socat wget,ACCEPT,0,0,0,0,0,0,0,0,0,0,0,0
pipdemo-socat-zstd,3,pipdemo socat zstd,ACCEPT,0,0,0,0,0,0,0,0,0,0,0,0
pipdemo-sqlite,2,pipdemo sqlite,ACCEPT,0,0,0,3,0,0,0,0,0,0,0,0
pipdemo-sqlite-tcpdump,3,pipdemo sqlite tcpdump,ACCEPT,0,0,0,3,0,0,0,0,0,0,0,0
pipdemo-sqlite-tmux,3,pipdemo sqlite tmux,ACCEPT,0,0,0,3,0,0,0,0,0,0,0,0
pipdemo-sqlite-vim,3,pipdemo sqlite vim,ACCEPT,0,0,0,14,0,0,0,0,0,0,0,0
pipdemo-sqlite-webserver,3,pipdemo sqlite webserver,ACCEPT,0,0,0,4,0,0,0,0,0,0,0,0
pipdemo-sqlite-wget,3,pipdemo sqlite wget,ACCEPT,0,0,0,3,0,0,0,0,0,0,0,0
pipdemo-sqlite-zstd,3,pipdemo sqlite zstd,ACCEPT,0,0,0,3,0,0,0,0,0,0,0,0
pipdemo-tcpdump,2,pipdemo tcpdump,ACCEPT,0,0,0,0,0,0,0,0,0,0,0,0
pipdemo-tcpdump-tmux,3,pipdemo tcpdump tmux,ACCEPT,0,0,0,0,0,0,0,0,0,0,0,0
pipdemo-tcpdump-vim,3,pipdemo tcpdump vim,ACCEPT,0,0,0,8,0,0,0,0,0,0,0,0
pipdemo-tcpdump-webserver,3,pipdemo tcpdump webserver,ACCEPT,0,0,0,1,0,0,0,0,0,0,0,0
pipdemo-tcpdump-wget,3,pipdemo tcpdump wget,ACCEPT,0,0,0,0,0,0,0,0,0,0,0,0
pipdemo-tcpdump-zstd,3,pipdemo tcpdump zstd,ACCEPT,0,0,0,0,0,0,0,0,0,0,0,0
pipdemo-tmux,2,pipdemo tmux,ACCEPT,0,0,0,0,0,0,0,0,0,0,0,0
pipdemo-tmux-vim,3,pipdemo tmux vim,ACCEPT,0,0,0,8,0,0,0,0,0,0,0,0
pipdemo-tmux-webserver,3,pipdemo tmux webserver,ACCEPT,0,0,0,1,0,0,0,0,0,0,0,0
pipdemo-tmux-wget,3,pipdemo tmux wget,ACCEPT,0,0,0,0,0,0,0,0,0,0,0,0
pipdemo-tmux-zstd,3,pipdemo tmux zstd,ACCEPT,0,0,0,0,0,0,0,0,0,0,0,0
pipdemo-vim,2,pipdemo vim,ACCEPT,0,0,0,8,0,0,0,0,0,0,0,0
pipdemo-vim-webserver,3,pipdemo vim webserver,ACCEPT,0,0,0,10,0,0,0,0,0,0,0,0
pipdemo-vim-wget,3,pipdemo vim wget,ACCEPT,0,0,0,8,0,0,0,0,0,0,0,0
pipdemo-vim-zstd,3,pipdemo vim zstd,ACCEPT,0,0,0,8,0,0,0,0,0,0,0,0
pipdemo-webserver,2,pipdemo webserver,ACCEPT,0,0,0,1,0,0,0,0,0,0,0,0
pipdemo-webserver-wget,3,pipdemo webserver wget,ACCEPT,0,0,0,1,0,0,0,0,0,0,0,0
pipdemo-webserver-zstd,3,pipdemo webserver zstd,ACCEPT,0,0,0,1,0,0,0,0,0,0,0,0
pipdemo-wget,2,pipdemo wget,ACCEPT,0,0,0,0,0,0,0,0,0,0,0,0
pipdemo-wget-zstd,3,pipdemo wget zstd,ACCEPT,0,0,0,0,0,0,0,0,0,0,0,0
pipdemo-zstd,2,pipdemo zstd,ACCEPT,0,0,0,0,0,0,0,0,0,0,0,0
postgres-pytools,2,postgres pytools,ACCEPT,0,0,0,2,0,0,0,0,0,0,0,0
postgres-pytools-pyyaml,3,postgres pytools pyyaml,ACCEPT,0,0,0,17,0,0,0,0,0,0,0,0
postgres-pytools-redis,3,postgres pytools redis,ACCEPT,0,0,0,2,0,0,0,0,0,0,0,0
postgres-pytools-rsync,3,postgres pytools rsync,ACCEPT,0,0,0,2,0,0,0,0,0,0,0,0
postgres-pytools-rust,3,postgres pytools rust,ACCEPT,0,0,0,6,0,0,0,0,0,0,0,0
postgres-pytools-socat,3,postgres pytools socat,ACCEPT,0,0,0,2,0,0,0,0,0,0,0,0
postgres-pytools-sqlite,3,postgres pytools sqlite,ACCEPT,0,0,0,7,0,0,0,0,0,0,0,0
postgres-pytools-tcpdump,3,postgres pytools tcpdump,ACCEPT,0,0,0,2,0,0,0,0,0,0,0,0
postgres-pytools-tmux,3,postgres pytools tmux,ACCEPT,0,0,0,2,0,0,0,0,0,0,0,0
postgres-pytools-vim,3,postgres pytools vim,ACCEPT,0,0,0,12,0,0,0,0,0,0,0,0
postgres-pytools-webserver,3,postgres pytools webserver,ACCEPT,0,0,0,9,0,0,0,0,0,0,0,0
postgres-pytools-wget,3,postgres pytools wget,ACCEPT,0,0,0,2,0,0,0,0,0,0,0,0
postgres-pytools-zstd,3,postgres pytools zstd,ACCEPT,0,0,0,2,0,0,0,0,0,0,0,0
postgres-pyyaml,2,postgres pyyaml,ACCEPT,0,0,0,2,0,0,0,0,0,0,0,0
postgres-pyyaml-redis,3,postgres pyyaml redis,ACCEPT,0,0,0,2,0,0,0,0,0,0,0,0
postgres-pyyaml-rsync,3,postgres pyyaml rsync,ACCEPT,0,0,0,2,0,0,0,0,0,0,0,0
postgres-pyyaml-rust,3,postgres pyyaml rust,ACCEPT,0,0,0,5,0,0,0,0,0,0,0,0
postgres-pyyaml-socat,3,postgres pyyaml socat,ACCEPT,0,0,0,2,0,0,0,0,0,0,0,0
postgres-pyyaml-sqlite,3,postgres pyyaml sqlite,ACCEPT,0,0,0,7,0,0,0,0,0,0,0,0
postgres-pyyaml-tcpdump,3,postgres pyyaml tcpdump,ACCEPT,0,0,0,2,0,0,0,0,0,0,0,0
postgres-pyyaml-tmux,3,postgres pyyaml tmux,ACCEPT,0,0,0,2,0,0,0,0,0,0,0,0
postgres-pyyaml-vim,3,postgres pyyaml vim,ACCEPT,0,0,0,12,0,0,0,0,0,0,0,0
postgres-pyyaml-webserver,3,postgres pyyaml webserver,ACCEPT,0,0,0,9,0,0,0,0,0,0,0,0
postgres-pyyaml-wget,3,postgres pyyaml wget,ACCEPT,0,0,0,2,0,0,0,0,0,0,0,0
postgres-pyyaml-zstd,3,postgres pyyaml zstd,ACCEPT,0,0,0,2,0,0,0,0,0,0,0,0
postgres-redis,2,postgres redis,ACCEPT,0,0,0,0,0,0,0,0,0,0,0,0
postgres-redis-rsync,3,postgres redis rsync,ACCEPT,0,0,0,0,0,0,0,0,0,0,0,0
postgres-redis-rust,3,postgres redis rust,ACCEPT,0,0,0,4,0,0,0,0,0,0,0,0
postgres-redis-socat,3,postgres redis socat,ACCEPT,0,0,0,0,0,0,0,0,0,0,0,0
postgres-redis-sqlite,3,postgres redis sqlite,ACCEPT,0,0,0,2,0,0,0,0,0,0,0,0
postgres-redis-tcpdump,3,postgres redis tcpdump,ACCEPT,0,0,0,0,0,0,0,0,0,0,0,0
postgres-redis-tmux,3,postgres redis tmux,ACCEPT,0,0,0,0,0,0,0,0,0,0,0,0
postgres-redis-vim,3,postgres redis vim,ACCEPT,0,0,0,2,0,0,0,0,0,0,0,0
postgres-redis-webserver,3,postgres redis webserver,ACCEPT,0,0,0,6,0,0,0,0,0,0,0,0
postgres-redis-wget,3,postgres redis wget,ACCEPT,0,0,0,0,0,0,0,0,0,0,0,0
postgres-redis-zstd,3,postgres redis zstd,ACCEPT,0,0,0,0,0,0,0,0,0,0,0,0
postgres-rsync,2,postgres rsync,ACCEPT,0,0,0,0,0,0,0,0,0,0,0,0
postgres-rsync-rust,3,postgres rsync rust,ACCEPT,0,0,0,3,0,0,0,0,0,0,0,0
postgres-rsync-socat,3,postgres rsync socat,ACCEPT,0,0,0,0,0,0,0,0,0,0,0,0
postgres-rsync-sqlite,3,postgres rsync sqlite,ACCEPT,0,0,0,2,0,0,0,0,0,0,0,0
postgres-rsync-tcpdump,3,postgres rsync tcpdump,ACCEPT,0,0,0,0,0,0,0,0,0,0,0,0
postgres-rsync-tmux,3,postgres rsync tmux,ACCEPT,0,0,0,0,0,0,0,0,0,0,0,0
postgres-rsync-vim,3,postgres rsync vim,ACCEPT,0,0,0,2,0,0,0,0,0,0,0,0
postgres-rsync-webserver,3,postgres rsync webserver,ACCEPT,0,0,0,6,0,0,0,0,0,0,0,0
postgres-rsync-wget,3,postgres rsync wget,ACCEPT,0,0,0,0,0,0,0,0,0,0,0,0
postgres-rsync-zstd,3,postgres rsync zstd,ACCEPT,0,0,0,0,0,0,0,0,0,0,0,0
postgres-rust,2,postgres rust,ACCEPT,0,0,0,3,0,0,0,0,0,0,0,0
postgres-rust-socat,3,postgres rust socat,ACCEPT,0,0,0,3,0,0,0,0,0,0,0,0
postgres-rust-sqlite,3,postgres rust sqlite,ACCEPT,0,0,0,5,0,0,0,0,0,0,0,0
postgres-rust-tcpdump,3,postgres rust tcpdump,ACCEPT,0,0,0,3,0,0,0,0,0,0,0,0
postgres-rust-tmux,3,postgres rust tmux,ACCEPT,0,0,0,3,0,0,0,0,0,0,0,0
postgres-rust-vim,3,postgres rust vim,ACCEPT,0,0,0,5,0,0,0,0,0,0,0,0
postgres-rust-webserver,3,postgres rust webserver,ACCEPT,0,0,0,10,0,0,0,0,0,0,0,0
postgres-rust-wget,3,postgres rust wget,ACCEPT,0,0,0,4,0,0,0,0,0,0,0,0
postgres-rust-zstd,3,postgres rust zstd,ACCEPT,0,0,0,3,0,0,0,0,0,0,0,0
postgres-socat,2,postgres socat,ACCEPT,0,0,0,0,0,0,0,0,0,0,0,0
postgres-socat-sqlite,3,postgres socat sqlite,ACCEPT,0,0,0,2,0,0,0,0,0,0,0,0
postgres-socat-tcpdump,3,postgres socat tcpdump,ACCEPT,0,0,0,0,0,0,0,0,0,0,0,0
postgres-socat-tmux,3,postgres socat tmux,ACCEPT,0,0,0,0,0,0,0,0,0,0,0,0
postgres-socat-vim,3,postgres socat vim,ACCEPT,0,0,0,2,0,0,0,0,0,0,0,0
postgres-socat-webserver,3,postgres socat webserver,ACCEPT,0,0,0,6,0,0,0,0,0,0,0,0
postgres-socat-wget,3,postgres socat wget,ACCEPT,0,0,0,0,0,0,0,0,0,0,0,0
postgres-socat-zstd,3,postgres socat zstd,ACCEPT,0,0,0,0,0,0,0,0,0,0,0,0
postgres-sqlite,2,postgres sqlite,ACCEPT,0,0,0,2,0,0,0,0,0,0,0,0
postgres-sqlite-tcpdump,3,postgres sqlite tcpdump,ACCEPT,0,0,0,2,0,0,0,0,0,0,0,0
postgres-sqlite-tmux,3,postgres sqlite tmux,ACCEPT,0,0,0,2,0,0,0,0,0,0,0,0
postgres-sqlite-vim,3,postgres sqlite vim,ACCEPT,0,0,0,7,0,0,0,0,0,0,0,0
postgres-sqlite-webserver,3,postgres sqlite webserver,ACCEPT,0,0,0,8,0,0,0,0,0,0,0,0
postgres-sqlite-wget,3,postgres sqlite wget,ACCEPT,0,0,0,2,0,0,0,0,0,0,0,0
postgres-sqlite-zstd,3,postgres sqlite zstd,ACCEPT,0,0,0,2,0,0,0,0,0,0,0,0
postgres-tcpdump,2,postgres tcpdump,ACCEPT,0,0,0,0,0,0,0,0,0,0,0,0
postgres-tcpdump-tmux,3,postgres tcpdump tmux,ACCEPT,0,0,0,0,0,0,0,0,0,0,0,0
postgres-tcpdump-vim,3,postgres tcpdump vim,ACCEPT,0,0,0,2,0,0,0,0,0,0,0,0
postgres-tcpdump-webserver,3,postgres tcpdump webserver,ACCEPT,0,0,0,6,0,0,0,0,0,0,0,0
postgres-tcpdump-wget,3,postgres tcpdump wget,ACCEPT,0,0,0,0,0,0,0,0,0,0,0,0
postgres-tcpdump-zstd,3,postgres tcpdump zstd,ACCEPT,0,0,0,0,0,0,0,0,0,0,0,0
postgres-tmux,2,postgres tmux,ACCEPT,0,0,0,0,0,0,0,0,0,0,0,0
postgres-tmux-vim,3,postgres tmux vim,ACCEPT,0,0,0,2,0,0,0,0,0,0,0,0
postgres-tmux-webserver,3,postgres tmux webserver,ACCEPT,0,0,0,6,0,0,0,0,0,0,0,0
postgres-tmux-wget,3,postgres tmux wget,ACCEPT,0,0,0,0,0,0,0,0,0,0,0,0
postgres-tmux-zstd,3,postgres tmux zstd,ACCEPT,0,0,0,0,0,0,0,0,0,0,0,0
postgres-vim,2,postgres vim,ACCEPT,0,0,0,2,0,0,0,0,0,0,0,0
postgres-vim-webserver,3,postgres vim webserver,ACCEPT,0,0,0,9,0,0,0,0,0,0,0,0
postgres-vim-wget,3,postgres vim wget,ACCEPT,0,0,0,2,0,0,0,0,0,0,0,0
postgres-vim-zstd,3,postgres vim zstd,ACCEPT,0,0,0,2,0,0,0,0,0,0,0,0
postgres-webserver,2,postgres webserver,ACCEPT,0,0,0,6,0,0,0,0,0,0,0,0
postgres-webserver-wget,3,postgres webserver wget,ACCEPT,0,0,0,6,0,0,0,0,0,0,0,0
postgres-webserver-zstd,3,postgres webserver zstd,ACCEPT,0,0,0,6,0,0,0,0,0,0,0,0
postgres-wget,2,postgres wget,ACCEPT,0,0,0,0,0,0,0,0,0,0,0,0
postgres-wget-zstd,3,postgres wget zstd,ACCEPT,0,0,0,0,0,0,0,0,0,0,0,0
postgres-zstd,2,postgres zstd,ACCEPT,0,0,0,0,0,0,0,0,0,0,0,0
pytools-pyyaml,2,pytools pyyaml,ACCEPT,0,0,0,13,0,0,0,0,0,0,0,0
pytools-pyyaml-redis,3,pytools pyyaml redis,ACCEPT,0,0,0,13,0,0,0,0,0,0,0,0
pytools-pyyaml-rsync,3,pytools pyyaml rsync,ACCEPT,0,0,0,13,0,0,0,0,0,0,0,0
pytools-pyyaml-rust,3,pytools pyyaml rust,ACCEPT,0,0,0,14,0,0,0,0,0,0,0,0
pytools-pyyaml-socat,3,pytools pyyaml socat,ACCEPT,0,0,0,13,0,0,0,0,0,0,0,0
pytools-pyyaml-sqlite,3,pytools pyyaml sqlite,ACCEPT,0,0,0,19,0,0,0,0,0,0,0,0
pytools-pyyaml-tcpdump,3,pytools pyyaml tcpdump,ACCEPT,0,0,0,13,0,0,0,0,0,0,0,0
pytools-pyyaml-tmux,3,pytools pyyaml tmux,ACCEPT,0,0,0,13,0,0,0,0,0,0,0,0
pytools-pyyaml-vim,3,pytools pyyaml vim,ACCEPT,0,0,0,29,0,0,0,0,0,0,0,0
pytools-pyyaml-webserver,3,pytools pyyaml webserver,ACCEPT,0,0,0,15,0,0,0,0,0,0,0,0
pytools-pyyaml-wget,3,pytools pyyaml wget,ACCEPT,0,0,0,13,0,0,0,0,0,0,0,0
pytools-pyyaml-zstd,3,pytools pyyaml zstd,ACCEPT,0,0,0,13,0,0,0,0,0,0,0,0
pytools-redis,2,pytools redis,ACCEPT,0,0,0,0,0,0,0,0,0,0,0,0
pytools-redis-rsync,3,pytools redis rsync,ACCEPT,0,0,0,0,0,0,0,0,0,0,0,0
pytools-redis-rust,3,pytools redis rust,ACCEPT,0,0,0,2,0,0,0,0,0,0,0,0
pytools-redis-socat,3,pytools redis socat,ACCEPT,0,0,0,0,0,0,0,0,0,0,0,0
pytools-redis-sqlite,3,pytools redis sqlite,ACCEPT,0,0,0,3,0,0,0,0,0,0,0,0
pytools-redis-tcpdump,3,pytools redis tcpdump,ACCEPT,0,0,0,0,0,0,0,0,0,0,0,0
pytools-redis-tmux,3,pytools redis tmux,ACCEPT,0,0,0,0,0,0,0,0,0,0,0,0
pytools-redis-vim,3,pytools redis vim,ACCEPT,0,0,0,8,0,0,0,0,0,0,0,0
pytools-redis-webserver,3,pytools redis webserver,ACCEPT,0,0,0,1,0,0,0,0,0,0,0,0
pytools-redis-wget,3,pytools redis wget,ACCEPT,0,0,0,0,0,0,0,0,0,0,0,0
pytools-redis-zstd,3,pytools redis zstd,ACCEPT,0,0,0,0,0,0,0,0,0,0,0,0
pytools-rsync,2,pytools rsync,ACCEPT,0,0,0,0,0,0,0,0,0,0,0,0
pytools-rsync-rust,3,pytools rsync rust,ACCEPT,0,0,0,1,0,0,0,0,0,0,0,0
pytools-rsync-socat,3,pytools rsync socat,ACCEPT,0,0,0,0,0,0,0,0,0,0,0,0
pytools-rsync-sqlite,3,pytools rsync sqlite,ACCEPT,0,0,0,3,0,0,0,0,0,0,0,0
pytools-rsync-tcpdump,3,pytools rsync tcpdump,ACCEPT,0,0,0,0,0,0,0,0,0,0,0,0
pytools-rsync-tmux,3,pytools rsync tmux,ACCEPT,0,0,0,0,0,0,0,0,0,0,0,0
pytools-rsync-vim,3,pytools rsync vim,ACCEPT,0,0,0,8,0,0,0,0,0,0,0,0
pytools-rsync-webserver,3,pytools rsync webserver,ACCEPT,0,0,0,1,0,0,0,0,0,0,0,0
pytools-rsync-wget,3,pytools rsync wget,ACCEPT,0,0,0,0,0,0,0,0,0,0,0,0
pytools-rsync-zstd,3,pytools rsync zstd,ACCEPT,0,0,0,0,0,0,0,0,0,0,0,0
pytools-rust,2,pytools rust,ACCEPT,0,0,0,1,0,0,0,0,0,0,0,0
pytools-rust-socat,3,pytools rust socat,ACCEPT,0,0,0,1,0,0,0,0,0,0,0,0
pytools-rust-sqlite,3,pytools rust sqlite,ACCEPT,0,0,0,4,0,0,0,0,0,0,0,0
pytools-rust-tcpdump,3,pytools rust tcpdump,ACCEPT,0,0,0,1,0,0,0,0,0,0,0,0
pytools-rust-tmux,3,pytools rust tmux,ACCEPT,0,0,0,1,0,0,0,0,0,0,0,0
pytools-rust-vim,3,pytools rust vim,ACCEPT,0,0,0,9,0,0,0,0,0,0,0,0
pytools-rust-webserver,3,pytools rust webserver,ACCEPT,0,0,0,3,0,0,0,0,0,0,0,0
pytools-rust-wget,3,pytools rust wget,ACCEPT,0,0,0,2,0,0,0,0,0,0,0,0
pytools-rust-zstd,3,pytools rust zstd,ACCEPT,0,0,0,1,0,0,0,0,0,0,0,0
pytools-socat,2,pytools socat,ACCEPT,0,0,0,0,0,0,0,0,0,0,0,0
pytools-socat-sqlite,3,pytools socat sqlite,ACCEPT,0,0,0,3,0,0,0,0,0,0,0,0
pytools-socat-tcpdump,3,pytools socat tcpdump,ACCEPT,0,0,0,0,0,0,0,0,0,0,0,0
pytools-socat-tmux,3,pytools socat tmux,ACCEPT,0,0,0,0,0,0,0,0,0,0,0,0
pytools-socat-vim,3,pytools socat vim,ACCEPT,0,0,0,8,0,0,0,0,0,0,0,0
pytools-socat-webserver,3,pytools socat webserver,ACCEPT,0,0,0,1,0,0,0,0,0,0,0,0
pytools-socat-wget,3,pytools socat wget,ACCEPT,0,0,0,0,0,0,0,0,0,0,0,0
pytools-socat-zstd,3,pytools socat zstd,ACCEPT,0,0,0,0,0,0,0,0,0,0,0,0
pytools-sqlite,2,pytools sqlite,ACCEPT,0,0,0,3,0,0,0,0,0,0,0,0
pytools-sqlite-tcpdump,3,pytools sqlite tcpdump,ACCEPT,0,0,0,3,0,0,0,0,0,0,0,0
pytools-sqlite-tmux,3,pytools sqlite tmux,ACCEPT,0,0,0,3,0,0,0,0,0,0,0,0
pytools-sqlite-vim,3,pytools sqlite vim,ACCEPT,0,0,0,14,0,0,0,0,0,0,0,0
pytools-sqlite-webserver,3,pytools sqlite webserver,ACCEPT,0,0,0,4,0,0,0,0,0,0,0,0
pytools-sqlite-wget,3,pytools sqlite wget,ACCEPT,0,0,0,3,0,0,0,0,0,0,0,0
pytools-sqlite-zstd,3,pytools sqlite zstd,ACCEPT,0,0,0,3,0,0,0,0,0,0,0,0
pytools-tcpdump,2,pytools tcpdump,ACCEPT,0,0,0,0,0,0,0,0,0,0,0,0
pytools-tcpdump-tmux,3,pytools tcpdump tmux,ACCEPT,0,0,0,0,0,0,0,0,0,0,0,0
pytools-tcpdump-vim,3,pytools tcpdump vim,ACCEPT,0,0,0,8,0,0,0,0,0,0,0,0
pytools-tcpdump-webserver,3,pytools tcpdump webserver,ACCEPT,0,0,0,1,0,0,0,0,0,0,0,0
pytools-tcpdump-wget,3,pytools tcpdump wget,ACCEPT,0,0,0,0,0,0,0,0,0,0,0,0
pytools-tcpdump-zstd,3,pytools tcpdump zstd,ACCEPT,0,0,0,0,0,0,0,0,0,0,0,0
pytools-tmux,2,pytools tmux,ACCEPT,0,0,0,0,0,0,0,0,0,0,0,0
pytools-tmux-vim,3,pytools tmux vim,ACCEPT,0,0,0,8,0,0,0,0,0,0,0,0
pytools-tmux-webserver,3,pytools tmux webserver,ACCEPT,0,0,0,1,0,0,0,0,0,0,0,0
pytools-tmux-wget,3,pytools tmux wget,ACCEPT,0,0,0,0,0,0,0,0,0,0,0,0
pytools-tmux-zstd,3,pytools tmux zstd,ACCEPT,0,0,0,0,0,0,0,0,0,0,0,0
pytools-vim,2,pytools vim,ACCEPT,0,0,0,8,0,0,0,0,0,0,0,0
pytools-vim-webserver,3,pytools vim webserver,ACCEPT,0,0,0,10,0,0,0,0,0,0,0,0
pytools-vim-wget,3,pytools vim wget,ACCEPT,0,0,0,8,0,0,0,0,0,0,0,0
pytools-vim-zstd,3,pytools vim zstd,ACCEPT,0,0,0,8,0,0,0,0,0,0,0,0
pytools-webserver,2,pytools webserver,ACCEPT,0,0,0,1,0,0,0,0,0,0,0,0
pytools-webserver-wget,3,pytools webserver wget,ACCEPT,0,0,0,1,0,0,0,0,0,0,0,0
pytools-webserver-zstd,3,pytools webserver zstd,ACCEPT,0,0,0,1,0,0,0,0,0,0,0,0
pytools-wget,2,pytools wget,ACCEPT,0,0,0,0,0,0,0,0,0,0,0,0
pytools-wget-zstd,3,pytools wget zstd,ACCEPT,0,0,0,0,0,0,0,0,0,0,0,0
pytools-zstd,2,pytools zstd,ACCEPT,0,0,0,0,0,0,0,0,0,0,0,0
pyyaml-redis,2,pyyaml redis,ACCEPT,0,0,0,0,0,0,0,0,0,0,0,0
pyyaml-redis-rsync,3,pyyaml redis rsync,ACCEPT,0,0,0,0,0,0,0,0,0,0,0,0
pyyaml-redis-rust,3,pyyaml redis rust,ACCEPT,0,0,0,1,0,0,0,0,0,0,0,0
pyyaml-redis-socat,3,pyyaml redis socat,ACCEPT,0,0,0,0,0,0,0,0,0,0,0,0
pyyaml-redis-sqlite,3,pyyaml redis sqlite,ACCEPT,0,0,0,3,0,0,0,0,0,0,0,0
pyyaml-redis-tcpdump,3,pyyaml redis tcpdump,ACCEPT,0,0,0,0,0,0,0,0,0,0,0,0
pyyaml-redis-tmux,3,pyyaml redis tmux,ACCEPT,0,0,0,0,0,0,0,0,0,0,0,0
pyyaml-redis-vim,3,pyyaml redis vim,ACCEPT,0,0,0,8,0,0,0,0,0,0,0,0
pyyaml-redis-webserver,3,pyyaml redis webserver,ACCEPT,0,0,0,1,0,0,0,0,0,0,0,0
pyyaml-redis-wget,3,pyyaml redis wget,ACCEPT,0,0,0,0,0,0,0,0,0,0,0,0
pyyaml-redis-zstd,3,pyyaml redis zstd,ACCEPT,0,0,0,0,0,0,0,0,0,0,0,0
pyyaml-rsync,2,pyyaml rsync,ACCEPT,0,0,0,0,0,0,0,0,0,0,0,0
pyyaml-rsync-rust,3,pyyaml rsync rust,ACCEPT,0,0,0,0,0,0,0,0,0,0,0,0
pyyaml-rsync-socat,3,pyyaml rsync socat,ACCEPT,0,0,0,0,0,0,0,0,0,0,0,0
pyyaml-rsync-sqlite,3,pyyaml rsync sqlite,ACCEPT,0,0,0,3,0,0,0,0,0,0,0,0
pyyaml-rsync-tcpdump,3,pyyaml rsync tcpdump,ACCEPT,0,0,0,0,0,0,0,0,0,0,0,0
pyyaml-rsync-tmux,3,pyyaml rsync tmux,ACCEPT,0,0,0,0,0,0,0,0,0,0,0,0
pyyaml-rsync-vim,3,pyyaml rsync vim,ACCEPT,0,0,0,8,0,0,0,0,0,0,0,0
pyyaml-rsync-webserver,3,pyyaml rsync webserver,ACCEPT,0,0,0,1,0,0,0,0,0,0,0,0
pyyaml-rsync-wget,3,pyyaml rsync wget,ACCEPT,0,0,0,0,0,0,0,0,0,0,0,0
pyyaml-rsync-zstd,3,pyyaml rsync zstd,ACCEPT,0,0,0,0,0,0,0,0,0,0,0,0
pyyaml-rust,2,pyyaml rust,ACCEPT,0,0,0,0,0,0,0,0,0,0,0,0
pyyaml-rust-socat,3,pyyaml rust socat,ACCEPT,0,0,0,0,0,0,0,0,0,0,0,0
pyyaml-rust-sqlite,3,pyyaml rust sqlite,ACCEPT,0,0,0,3,0,0,0,0,0,0,0,0
pyyaml-rust-tcpdump,3,pyyaml rust tcpdump,ACCEPT,0,0,0,0,0,0,0,0,0,0,0,0
pyyaml-rust-tmux,3,pyyaml rust tmux,ACCEPT,0,0,0,0,0,0,0,0,0,0,0,0
pyyaml-rust-vim,3,pyyaml rust vim,ACCEPT,0,0,0,8,0,0,0,0,0,0,0,0
pyyaml-rust-webserver,3,pyyaml rust webserver,ACCEPT,0,0,0,2,0,0,0,0,0,0,0,0
pyyaml-rust-wget,3,pyyaml rust wget,ACCEPT,0,0,0,1,0,0,0,0,0,0,0,0
pyyaml-rust-zstd,3,pyyaml rust zstd,ACCEPT,0,0,0,0,0,0,0,0,0,0,0,0
pyyaml-socat,2,pyyaml socat,ACCEPT,0,0,0,0,0,0,0,0,0,0,0,0
pyyaml-socat-sqlite,3,pyyaml socat sqlite,ACCEPT,0,0,0,3,0,0,0,0,0,0,0,0
pyyaml-socat-tcpdump,3,pyyaml socat tcpdump,ACCEPT,0,0,0,0,0,0,0,0,0,0,0,0
pyyaml-socat-tmux,3,pyyaml socat tmux,ACCEPT,0,0,0,0,0,0,0,0,0,0,0,0
pyyaml-socat-vim,3,pyyaml socat vim,ACCEPT,0,0,0,8,0,0,0,0,0,0,0,0
pyyaml-socat-webserver,3,pyyaml socat webserver,ACCEPT,0,0,0,1,0,0,0,0,0,0,0,0
pyyaml-socat-wget,3,pyyaml socat wget,ACCEPT,0,0,0,0,0,0,0,0,0,0,0,0
pyyaml-socat-zstd,3,pyyaml socat zstd,ACCEPT,0,0,0,0,0,0,0,0,0,0,0,0
pyyaml-sqlite,2,pyyaml sqlite,ACCEPT,0,0,0,3,0,0,0,0,0,0,0,0
pyyaml-sqlite-tcpdump,3,pyyaml sqlite tcpdump,ACCEPT,0,0,0,3,0,0,0,0,0,0,0,0
pyyaml-sqlite-tmux,3,pyyaml sqlite tmux,ACCEPT,0,0,0,3,0,0,0,0,0,0,0,0
pyyaml-sqlite-vim,3,pyyaml sqlite vim,ACCEPT,0,0,0,14,0,0,0,0,0,0,0,0
pyyaml-sqlite-webserver,3,pyyaml sqlite webserver,ACCEPT,0,0,0,4,0,0,0,0,0,0,0,0
pyyaml-sqlite-wget,3,pyyaml sqlite wget,ACCEPT,0,0,0,3,0,0,0,0,0,0,0,0
pyyaml-sqlite-zstd,3,pyyaml sqlite zstd,ACCEPT,0,0,0,3,0,0,0,0,0,0,0,0
pyyaml-tcpdump,2,pyyaml tcpdump,ACCEPT,0,0,0,0,0,0,0,0,0,0,0,0
pyyaml-tcpdump-tmux,3,pyyaml tcpdump tmux,ACCEPT,0,0,0,0,0,0,0,0,0,0,0,0
pyyaml-tcpdump-vim,3,pyyaml tcpdump vim,ACCEPT,0,0,0,8,0,0,0,0,0,0,0,0
pyyaml-tcpdump-webserver,3,pyyaml tcpdump webserver,ACCEPT,0,0,0,1,0,0,0,0,0,0,0,0
pyyaml-tcpdump-wget,3,pyyaml tcpdump wget,ACCEPT,0,0,0,0,0,0,0,0,0,0,0,0
pyyaml-tcpdump-zstd,3,pyyaml tcpdump zstd,ACCEPT,0,0,0,0,0,0,0,0,0,0,0,0
pyyaml-tmux,2,pyyaml tmux,ACCEPT,0,0,0,0,0,0,0,0,0,0,0,0
pyyaml-tmux-vim,3,pyyaml tmux vim,ACCEPT,0,0,0,8,0,0,0,0,0,0,0,0
pyyaml-tmux-webserver,3,pyyaml tmux webserver,ACCEPT,0,0,0,1,0,0,0,0,0,0,0,0
pyyaml-tmux-wget,3,pyyaml tmux wget,ACCEPT,0,0,0,0,0,0,0,0,0,0,0,0
pyyaml-tmux-zstd,3,pyyaml tmux zstd,ACCEPT,0,0,0,0,0,0,0,0,0,0,0,0
pyyaml-vim,2,pyyaml vim,ACCEPT,0,0,0,8,0,0,0,0,0,0,0,0
pyyaml-vim-webserver,3,pyyaml vim webserver,ACCEPT,0,0,0,10,0,0,0,0,0,0,0,0
pyyaml-vim-wget,3,pyyaml vim wget,ACCEPT,0,0,0,8,0,0,0,0,0,0,0,0
pyyaml-vim-zstd,3,pyyaml vim zstd,ACCEPT,0,0,0,8,0,0,0,0,0,0,0,0
pyyaml-webserver,2,pyyaml webserver,ACCEPT,0,0,0,1,0,0,0,0,0,0,0,0
pyyaml-webserver-wget,3,pyyaml webserver wget,ACCEPT,0,0,0,1,0,0,0,0,0,0,0,0
pyyaml-webserver-zstd,3,pyyaml webserver zstd,ACCEPT,0,0,0,1,0,0,0,0,0,0,0,0
pyyaml-wget,2,pyyaml wget,ACCEPT,0,0,0,0,0,0,0,0,0,0,0,0
pyyaml-wget-zstd,3,pyyaml wget zstd,ACCEPT,0,0,0,0,0,0,0,0,0,0,0,0
pyyaml-zstd,2,pyyaml zstd,ACCEPT,0,0,0,0,0,0,0,0,0,0,0,0
redis-rsync,2,redis rsync,ACCEPT,0,0,0,0,0,0,0,0,0,0,0,0
redis-rsync-rust,3,redis rsync rust,ACCEPT,0,0,0,1,0,0,0,0,0,0,0,0
redis-rsync-socat,3,redis rsync socat,ACCEPT,0,0,0,0,0,0,0,0,0,0,0,0
redis-rsync-sqlite,3,redis rsync sqlite,ACCEPT,0,0,0,0,0,0,0,0,0,0,0,0
redis-rsync-tcpdump,3,redis rsync tcpdump,ACCEPT,0,0,0,0,0,0,0,0,0,0,0,0
redis-rsync-tmux,3,redis rsync tmux,ACCEPT,0,0,0,0,0,0,0,0,0,0,0,0
redis-rsync-vim,3,redis rsync vim,ACCEPT,0,0,0,0,0,0,0,0,0,0,0,0
redis-rsync-webserver,3,redis rsync webserver,ACCEPT,0,0,0,0,0,0,0,0,0,0,0,0
redis-rsync-wget,3,redis rsync wget,ACCEPT,0,0,0,0,0,0,0,0,0,0,0,0
redis-rsync-zstd,3,redis rsync zstd,ACCEPT,0,0,0,0,0,0,0,0,0,0,0,0
redis-rust,2,redis rust,ACCEPT,0,0,0,1,0,0,0,0,0,0,0,0
redis-rust-socat,3,redis rust socat,ACCEPT,0,0,0,1,0,0,0,0,0,0,0,0
redis-rust-sqlite,3,redis rust sqlite,ACCEPT,0,0,0,1,0,0,0,0,0,0,0,0
redis-rust-tcpdump,3,redis rust tcpdump,ACCEPT,0,0,0,1,0,0,0,0,0,0,0,0
redis-rust-tmux,3,redis rust tmux,ACCEPT,0,0,0,1,0,0,0,0,0,0,0,0
redis-rust-vim,3,redis rust vim,ACCEPT,0,0,0,1,0,0,0,0,0,0,0,0
redis-rust-webserver,3,redis rust webserver,ACCEPT,0,0,0,2,0,0,0,0,0,0,0,0
redis-rust-wget,3,redis rust wget,ACCEPT,0,0,0,2,0,0,0,0,0,0,0,0
redis-rust-zstd,3,redis rust zstd,ACCEPT,0,0,0,1,0,0,0,0,0,0,0,0
redis-socat,2,redis socat,ACCEPT,0,0,0,0,0,0,0,0,0,0,0,0
redis-socat-sqlite,3,redis socat sqlite,ACCEPT,0,0,0,0,0,0,0,0,0,0,0,0
redis-socat-tcpdump,3,redis socat tcpdump,ACCEPT,0,0,0,0,0,0,0,0,0,0,0,0
redis-socat-tmux,3,redis socat tmux,ACCEPT,0,0,0,0,0,0,0,0,0,0,0,0
redis-socat-vim,3,redis socat vim,ACCEPT,0,0,0,0,0,0,0,0,0,0,0,0
redis-socat-webserver,3,redis socat webserver,ACCEPT,0,0,0,0,0,0,0,0,0,0,0,0
redis-socat-wget,3,redis socat wget,ACCEPT,0,0,0,0,0,0,0,0,0,0,0,0
redis-socat-zstd,3,redis socat zstd,ACCEPT,0,0,0,0,0,0,0,0,0,0,0,0
redis-sqlite,2,redis sqlite,ACCEPT,0,0,0,0,0,0,0,0,0,0,0,0
redis-sqlite-tcpdump,3,redis sqlite tcpdump,ACCEPT,0,0,0,0,0,0,0,0,0,0,0,0
redis-sqlite-tmux,3,redis sqlite tmux,ACCEPT,0,0,0,0,0,0,0,0,0,0,0,0
redis-sqlite-vim,3,redis sqlite vim,ACCEPT,0,0,0,3,0,0,0,0,0,0,0,0
redis-sqlite-webserver,3,redis sqlite webserver,ACCEPT,0,0,0,0,0,0,0,0,0,0,0,0
redis-sqlite-wget,3,redis sqlite wget,ACCEPT,0,0,0,0,0,0,0,0,0,0,0,0
redis-sqlite-zstd,3,redis sqlite zstd,ACCEPT,0,0,0,0,0,0,0,0,0,0,0,0
redis-tcpdump,2,redis tcpdump,ACCEPT,0,0,0,0,0,0,0,0,0,0,0,0
redis-tcpdump-tmux,3,redis tcpdump tmux,ACCEPT,0,0,0,0,0,0,0,0,0,0,0,0
redis-tcpdump-vim,3,redis tcpdump vim,ACCEPT,0,0,0,0,0,0,0,0,0,0,0,0
redis-tcpdump-webserver,3,redis tcpdump webserver,ACCEPT,0,0,0,0,0,0,0,0,0,0,0,0
redis-tcpdump-wget,3,redis tcpdump wget,ACCEPT,0,0,0,0,0,0,0,0,0,0,0,0
redis-tcpdump-zstd,3,redis tcpdump zstd,ACCEPT,0,0,0,0,0,0,0,0,0,0,0,0
redis-tmux,2,redis tmux,ACCEPT,0,0,0,0,0,0,0,0,0,0,0,0
redis-tmux-vim,3,redis tmux vim,ACCEPT,0,0,0,0,0,0,0,0,0,0,0,0
redis-tmux-webserver,3,redis tmux webserver,ACCEPT,0,0,0,0,0,0,0,0,0,0,0,0
redis-tmux-wget,3,redis tmux wget,ACCEPT,0,0,0,0,0,0,0,0,0,0,0,0
redis-tmux-zstd,3,redis tmux zstd,ACCEPT,0,0,0,0,0,0,0,0,0,0,0,0
redis-vim,2,redis vim,ACCEPT,0,0,0,0,0,0,0,0,0,0,0,0
redis-vim-webserver,3,redis vim webserver,ACCEPT,0,0,0,1,0,0,0,0,0,0,0,0
redis-vim-wget,3,redis vim wget,ACCEPT,0,0,0,0,0,0,0,0,0,0,0,0
redis-vim-zstd,3,redis vim zstd,ACCEPT,0,0,0,0,0,0,0,0,0,0,0,0
redis-webserver,2,redis webserver,ACCEPT,0,0,0,0,0,0,0,0,0,0,0,0
redis-webserver-wget,3,redis webserver wget,ACCEPT,0,0,0,0,0,0,0,0,0,0,0,0
redis-webserver-zstd,3,redis webserver zstd,ACCEPT,0,0,0,0,0,0,0,0,0,0,0,0
redis-wget,2,redis wget,ACCEPT,0,0,0,0,0,0,0,0,0,0,0,0
redis-wget-zstd,3,redis wget zstd,ACCEPT,0,0,0,0,0,0,0,0,0,0,0,0
redis-zstd,2,redis zstd,ACCEPT,0,0,0,0,0,0,0,0,0,0,0,0
rsync-rust,2,rsync rust,ACCEPT,0,0,0,0,0,0,0,0,0,0,0,0
rsync-rust-socat,3,rsync rust socat,ACCEPT,0,0,0,0,0,0,0,0,0,0,0,0
rsync-rust-sqlite,3,rsync rust sqlite,ACCEPT,0,0,0,0,0,0,0,0,0,0,0,0
rsync-rust-tcpdump,3,rsync rust tcpdump,ACCEPT,0,0,0,0,0,0,0,0,0,0,0,0
rsync-rust-tmux,3,rsync rust tmux,ACCEPT,0,0,0,0,0,0,0,0,0,0,0,0
rsync-rust-vim,3,rsync rust vim,ACCEPT,0,0,0,0,0,0,0,0,0,0,0,0
rsync-rust-webserver,3,rsync rust webserver,ACCEPT,0,0,0,1,0,0,0,0,0,0,0,0
rsync-rust-wget,3,rsync rust wget,ACCEPT,0,0,0,1,0,0,0,0,0,0,0,0
rsync-rust-zstd,3,rsync rust zstd,ACCEPT,0,0,0,0,0,0,0,0,0,0,0,0
rsync-socat,2,rsync socat,ACCEPT,0,0,0,0,0,0,0,0,0,0,0,0
rsync-socat-sqlite,3,rsync socat sqlite,ACCEPT,0,0,0,0,0,0,0,0,0,0,0,0
rsync-socat-tcpdump,3,rsync socat tcpdump,ACCEPT,0,0,0,0,0,0,0,0,0,0,0,0
rsync-socat-tmux,3,rsync socat tmux,ACCEPT,0,0,0,0,0,0,0,0,0,0,0,0
rsync-socat-vim,3,rsync socat vim,ACCEPT,0,0,0,0,0,0,0,0,0,0,0,0
rsync-socat-webserver,3,rsync socat webserver,ACCEPT,0,0,0,0,0,0,0,0,0,0,0,0
rsync-socat-wget,3,rsync socat wget,ACCEPT,0,0,0,0,0,0,0,0,0,0,0,0
rsync-socat-zstd,3,rsync socat zstd,ACCEPT,0,0,0,0,0,0,0,0,0,0,0,0
rsync-sqlite,2,rsync sqlite,ACCEPT,0,0,0,0,0,0,0,0,0,0,0,0
rsync-sqlite-tcpdump,3,rsync sqlite tcpdump,ACCEPT,0,0,0,0,0,0,0,0,0,0,0,0
rsync-sqlite-tmux,3,rsync sqlite tmux,ACCEPT,0,0,0,0,0,0,0,0,0,0,0,0
rsync-sqlite-vim,3,rsync sqlite vim,ACCEPT,0,0,0,3,0,0,0,0,0,0,0,0
rsync-sqlite-webserver,3,rsync sqlite webserver,ACCEPT,0,0,0,0,0,0,0,0,0,0,0,0
rsync-sqlite-wget,3,rsync sqlite wget,ACCEPT,0,0,0,0,0,0,0,0,0,0,0,0
rsync-sqlite-zstd,3,rsync sqlite zstd,ACCEPT,0,0,0,0,0,0,0,0,0,0,0,0
rsync-tcpdump,2,rsync tcpdump,ACCEPT,0,0,0,0,0,0,0,0,0,0,0,0
rsync-tcpdump-tmux,3,rsync tcpdump tmux,ACCEPT,0,0,0,0,0,0,0,0,0,0,0,0
rsync-tcpdump-vim,3,rsync tcpdump vim,ACCEPT,0,0,0,0,0,0,0,0,0,0,0,0
rsync-tcpdump-webserver,3,rsync tcpdump webserver,ACCEPT,0,0,0,0,0,0,0,0,0,0,0,0
rsync-tcpdump-wget,3,rsync tcpdump wget,ACCEPT,0,0,0,0,0,0,0,0,0,0,0,0
rsync-tcpdump-zstd,3,rsync tcpdump zstd,ACCEPT,0,0,0,0,0,0,0,0,0,0,0,0
rsync-tmux,2,rsync tmux,ACCEPT,0,0,0,0,0,0,0,0,0,0,0,0
rsync-tmux-vim,3,rsync tmux vim,ACCEPT,0,0,0,0,0,0,0,0,0,0,0,0
rsync-tmux-webserver,3,rsync tmux webserver,ACCEPT,0,0,0,0,0,0,0,0,0,0,0,0
rsync-tmux-wget,3,rsync tmux wget,ACCEPT,0,0,0,0,0,0,0,0,0,0,0,0
rsync-tmux-zstd,3,rsync tmux zstd,ACCEPT,0,0,0,0,0,0,0,0,0,0,0,0
rsync-vim,2,rsync vim,ACCEPT,0,0,0,0,0,0,0,0,0,0,0,0
rsync-vim-webserver,3,rsync vim webserver,ACCEPT,0,0,0,1,0,0,0,0,0,0,0,0
rsync-vim-wget,3,rsync vim wget,ACCEPT,0,0,0,0,0,0,0,0,0,0,0,0
rsync-vim-zstd,3,rsync vim zstd,ACCEPT,0,0,0,0,0,0,0,0,0,0,0,0
rsync-webserver,2,rsync webserver,ACCEPT,0,0,0,0,0,0,0,0,0,0,0,0
rsync-webserver-wget,3,rsync webserver wget,ACCEPT,0,0,0,0,0,0,0,0,0,0,0,0
rsync-webserver-zstd,3,rsync webserver zstd,ACCEPT,0,0,0,0,0,0,0,0,0,0,0,0
rsync-wget,2,rsync wget,ACCEPT,0,0,0,0,0,0,0,0,0,0,0,0
rsync-wget-zstd,3,rsync wget zstd,ACCEPT,0,0,0,0,0,0,0,0,0,0,0,0
rsync-zstd,2,rsync zstd,ACCEPT,0,0,0,0,0,0,0,0,0,0,0,0
rust-socat,2,rust socat,ACCEPT,0,0,0,0,0,0,0,0,0,0,0,0
rust-socat-sqlite,3,rust socat sqlite,ACCEPT,0,0,0,0,0,0,0,0,0,0,0,0
rust-socat-tcpdump,3,rust socat tcpdump,ACCEPT,0,0,0,0,0,0,0,0,0,0,0,0
rust-socat-tmux,3,rust socat tmux,ACCEPT,0,0,0,0,0,0,0,0,0,0,0,0
rust-socat-vim,3,rust socat vim,ACCEPT,0,0,0,0,0,0,0,0,0,0,0,0
rust-socat-webserver,3,rust socat webserver,ACCEPT,0,0,0,1,0,0,0,0,0,0,0,0
rust-socat-wget,3,rust socat wget,ACCEPT,0,0,0,1,0,0,0,0,0,0,0,0
rust-socat-zstd,3,rust socat zstd,ACCEPT,0,0,0,0,0,0,0,0,0,0,0,0
rust-sqlite,2,rust sqlite,ACCEPT,0,0,0,0,0,0,0,0,0,0,0,0
rust-sqlite-tcpdump,3,rust sqlite tcpdump,ACCEPT,0,0,0,0,0,0,0,0,0,0,0,0
rust-sqlite-tmux,3,rust sqlite tmux,ACCEPT,0,0,0,0,0,0,0,0,0,0,0,0
rust-sqlite-vim,3,rust sqlite vim,ACCEPT,0,0,0,3,0,0,0,0,0,0,0,0
rust-sqlite-webserver,3,rust sqlite webserver,ACCEPT,0,0,0,1,0,0,0,0,0,0,0,0
rust-sqlite-wget,3,rust sqlite wget,ACCEPT,0,0,0,1,0,0,0,0,0,0,0,0
rust-sqlite-zstd,3,rust sqlite zstd,ACCEPT,0,0,0,0,0,0,0,0,0,0,0,0
rust-tcpdump,2,rust tcpdump,ACCEPT,0,0,0,0,0,0,0,0,0,0,0,0
rust-tcpdump-tmux,3,rust tcpdump tmux,ACCEPT,0,0,0,0,0,0,0,0,0,0,0,0
rust-tcpdump-vim,3,rust tcpdump vim,ACCEPT,0,0,0,0,0,0,0,0,0,0,0,0
rust-tcpdump-webserver,3,rust tcpdump webserver,ACCEPT,0,0,0,1,0,0,0,0,0,0,0,0
rust-tcpdump-wget,3,rust tcpdump wget,ACCEPT,0,0,0,1,0,0,0,0,0,0,0,0
rust-tcpdump-zstd,3,rust tcpdump zstd,ACCEPT,0,0,0,0,0,0,0,0,0,0,0,0
rust-tmux,2,rust tmux,ACCEPT,0,0,0,0,0,0,0,0,0,0,0,0
rust-tmux-vim,3,rust tmux vim,ACCEPT,0,0,0,0,0,0,0,0,0,0,0,0
rust-tmux-webserver,3,rust tmux webserver,ACCEPT,0,0,0,1,0,0,0,0,0,0,0,0
rust-tmux-wget,3,rust tmux wget,ACCEPT,0,0,0,1,0,0,0,0,0,0,0,0
rust-tmux-zstd,3,rust tmux zstd,ACCEPT,0,0,0,0,0,0,0,0,0,0,0,0
rust-vim,2,rust vim,ACCEPT,0,0,0,0,0,0,0,0,0,0,0,0
rust-vim-webserver,3,rust vim webserver,ACCEPT,0,0,0,2,0,0,0,0,0,0,0,0
rust-vim-wget,3,rust vim wget,ACCEPT,0,0,0,1,0,0,0,0,0,0,0,0
rust-vim-zstd,3,rust vim zstd,ACCEPT,0,0,0,0,0,0,0,0,0,0,0,0
rust-webserver,2,rust webserver,ACCEPT,0,0,0,1,0,0,0,0,0,0,0,0
rust-webserver-wget,3,rust webserver wget,ACCEPT,0,0,0,2,0,0,0,0,0,0,0,0
rust-webserver-zstd,3,rust webserver zstd,ACCEPT,0,0,0,1,0,0,0,0,0,0,0,0
rust-wget,2,rust wget,ACCEPT,0,0,0,1,0,0,0,0,0,0,0,0
rust-wget-zstd,3,rust wget zstd,ACCEPT,0,0,0,1,0,0,0,0,0,0,0,0
rust-zstd,2,rust zstd,ACCEPT,0,0,0,0,0,0,0,0,0,0,0,0
socat-sqlite,2,socat sqlite,ACCEPT,0,0,0,0,0,0,0,0,0,0,0,0
socat-sqlite-tcpdump,3,socat sqlite tcpdump,ACCEPT,0,0,0,0,0,0,0,0,0,0,0,0
socat-sqlite-tmux,3,socat sqlite tmux,ACCEPT,0,0,0,0,0,0,0,0,0,0,0,0
socat-sqlite-vim,3,socat sqlite vim,ACCEPT,0,0,0,3,0,0,0,0,0,0,0,0
socat-sqlite-webserver,3,socat sqlite webserver,ACCEPT,0,0,0,0,0,0,0,0,0,0,0,0
socat-sqlite-wget,3,socat sqlite wget,ACCEPT,0,0,0,0,0,0,0,0,0,0,0,0
socat-sqlite-zstd,3,socat sqlite zstd,ACCEPT,0,0,0,0,0,0,0,0,0,0,0,0
socat-tcpdump,2,socat tcpdump,ACCEPT,0,0,0,0,0,0,0,0,0,0,0,0
socat-tcpdump-tmux,3,socat tcpdump tmux,ACCEPT,0,0,0,0,0,0,0,0,0,0,0,0
socat-tcpdump-vim,3,socat tcpdump vim,ACCEPT,0,0,0,0,0,0,0,0,0,0,0,0
socat-tcpdump-webserver,3,socat tcpdump webserver,ACCEPT,0,0,0,0,0,0,0,0,0,0,0,0
socat-tcpdump-wget,3,socat tcpdump wget,ACCEPT,0,0,0,0,0,0,0,0,0,0,0,0
socat-tcpdump-zstd,3,socat tcpdump zstd,ACCEPT,0,0,0,0,0,0,0,0,0,0,0,0
socat-tmux,2,socat tmux,ACCEPT,0,0,0,0,0,0,0,0,0,0,0,0
socat-tmux-vim,3,socat tmux vim,ACCEPT,0,0,0,0,0,0,0,0,0,0,0,0
socat-tmux-webserver,3,socat tmux webserver,ACCEPT,0,0,0,0,0,0,0,0,0,0,0,0
socat-tmux-wget,3,socat tmux wget,ACCEPT,0,0,0,0,0,0,0,0,0,0,0,0
socat-tmux-zstd,3,socat tmux zstd,ACCEPT,0,0,0,0,0,0,0,0,0,0,0,0
socat-vim,2,socat vim,ACCEPT,0,0,0,0,0,0,0,0,0,0,0,0
socat-vim-webserver,3,socat vim webserver,ACCEPT,0,0,0,1,0,0,0,0,0,0,0,0
socat-vim-wget,3,socat vim wget,ACCEPT,0,0,0,0,0,0,0,0,0,0,0,0
socat-vim-zstd,3,socat vim zstd,ACCEPT,0,0,0,0,0,0,0,0,0,0,0,0
socat-webserver,2,socat webserver,ACCEPT,0,0,0,0,0,0,0,0,0,0,0,0
socat-webserver-wget,3,socat webserver wget,ACCEPT,0,0,0,0,0,0,0,0,0,0,0,0
socat-webserver-zstd,3,socat webserver zstd,ACCEPT,0,0,0,0,0,0,0,0,0,0,0,0
socat-wget,2,socat wget,ACCEPT,0,0,0,0,0,0,0,0,0,0,0,0
socat-wget-zstd,3,socat wget zstd,ACCEPT,0,0,0,0,0,0,0,0,0,0,0,0
socat-zstd,2,socat zstd,ACCEPT,0,0,0,0,0,0,0,0,0,0,0,0
sqlite-tcpdump,2,sqlite tcpdump,ACCEPT,0,0,0,0,0,0,0,0,0,0,0,0
sqlite-tcpdump-tmux,3,sqlite tcpdump tmux,ACCEPT,0,0,0,0,0,0,0,0,0,0,0,0
sqlite-tcpdump-vim,3,sqlite tcpdump vim,ACCEPT,0,0,0,3,0,0,0,0,0,0,0,0
sqlite-tcpdump-webserver,3,sqlite tcpdump webserver,ACCEPT,0,0,0,0,0,0,0,0,0,0,0,0
sqlite-tcpdump-wget,3,sqlite tcpdump wget,ACCEPT,0,0,0,0,0,0,0,0,0,0,0,0
sqlite-tcpdump-zstd,3,sqlite tcpdump zstd,ACCEPT,0,0,0,0,0,0,0,0,0,0,0,0
sqlite-tmux,2,sqlite tmux,ACCEPT,0,0,0,0,0,0,0,0,0,0,0,0
sqlite-tmux-vim,3,sqlite tmux vim,ACCEPT,0,0,0,3,0,0,0,0,0,0,0,0
sqlite-tmux-webserver,3,sqlite tmux webserver,ACCEPT,0,0,0,0,0,0,0,0,0,0,0,0
sqlite-tmux-wget,3,sqlite tmux wget,ACCEPT,0,0,0,0,0,0,0,0,0,0,0,0
sqlite-tmux-zstd,3,sqlite tmux zstd,ACCEPT,0,0,0,0,0,0,0,0,0,0,0,0
sqlite-vim,2,sqlite vim,ACCEPT,0,0,0,3,0,0,0,0,0,0,0,0
sqlite-vim-webserver,3,sqlite vim webserver,ACCEPT,0,0,0,4,0,0,0,0,0,0,0,0
sqlite-vim-wget,3,sqlite vim wget,ACCEPT,0,0,0,3,0,0,0,0,0,0,0,0
sqlite-vim-zstd,3,sqlite vim zstd,ACCEPT,0,0,0,3,0,0,0,0,0,0,0,0
sqlite-webserver,2,sqlite webserver,ACCEPT,0,0,0,0,0,0,0,0,0,0,0,0
sqlite-webserver-wget,3,sqlite webserver wget,ACCEPT,0,0,0,0,0,0,0,0,0,0,0,0
sqlite-webserver-zstd,3,sqlite webserver zstd,ACCEPT,0,0,0,0,0,0,0,0,0,0,0,0
sqlite-wget,2,sqlite wget,ACCEPT,0,0,0,0,0,0,0,0,0,0,0,0
sqlite-wget-zstd,3,sqlite wget zstd,ACCEPT,0,0,0,0,0,0,0,0,0,0,0,0
sqlite-zstd,2,sqlite zstd,ACCEPT,0,0,0,0,0,0,0,0,0,0,0,0
tcpdump-tmux,2,tcpdump tmux,ACCEPT,0,0,0,0,0,0,0,0,0,0,0,0
tcpdump-tmux-vim,3,tcpdump tmux vim,ACCEPT,0,0,0,0,0,0,0,0,0,0,0,0
tcpdump-tmux-webserver,3,tcpdump tmux webserver,ACCEPT,0,0,0,0,0,0,0,0,0,0,0,0
tcpdump-tmux-wget,3,tcpdump tmux wget,ACCEPT,0,0,0,0,0,0,0,0,0,0,0,0
tcpdump-tmux-zstd,3,tcpdump tmux zstd,ACCEPT,0,0,0,0,0,0,0,0,0,0,0,0
tcpdump-vim,2,tcpdump vim,ACCEPT,0,0,0,0,0,0,0,0,0,0,0,0
tcpdump-vim-webserver,3,tcpdump vim webserver,ACCEPT,0,0,0,1,0,0,0,0,0,0,0,0
tcpdump-vim-wget,3,tcpdump vim wget,ACCEPT,0,0,0,0,0,0,0,0,0,0,0,0
tcpdump-vim-zstd,3,tcpdump vim zstd,ACCEPT,0,0,0,0,0,0,0,0,0,0,0,0
tcpdump-webserver,2,tcpdump webserver,ACCEPT,0,0,0,0,0,0,0,0,0,0,0,0
tcpdump-webserver-wget,3,tcpdump webserver wget,ACCEPT,0,0,0,0,0,0,0,0,0,0,0,0
tcpdump-webserver-zstd,3,tcpdump webserver zstd,ACCEPT,0,0,0,0,0,0,0,0,0,0,0,0
tcpdump-wget,2,tcpdump wget,ACCEPT,0,0,0,0,0,0,0,0,0,0,0,0
tcpdump-wget-zstd,3,tcpdump wget zstd,ACCEPT,0,0,0,0,0,0,0,0,0,0,0,0
tcpdump-zstd,2,tcpdump zstd,ACCEPT,0,0,0,0,0,0,0,0,0,0,0,0
tmux-vim,2,tmux vim,ACCEPT,0,0,0,0,0,0,0,0,0,0,0,0
tmux-vim-webserver,3,tmux vim webserver,ACCEPT,0,0,0,1,0,0,0,0,0,0,0,0
tmux-vim-wget,3,tmux vim wget,ACCEPT,0,0,0,0,0,0,0,0,0,0,0,0
tmux-vim-zstd,3,tmux vim zstd,ACCEPT,0,0,0,0,0,0,0,0,0,0,0,0
tmux-webserver,2,tmux webserver,ACCEPT,0,0,0,0,0,0,0,0,0,0,0,0
tmux-webserver-wget,3,tmux webserver wget,ACCEPT,0,0,0,0,0,0,0,0,0,0,0,0
tmux-webserver-zstd,3,tmux webserver zstd,ACCEPT,0,0,0,0,0,0,0,0,0,0,0,0
tmux-wget,2,tmux wget,ACCEPT,0,0,0,0,0,0,0,0,0,0,0,0
tmux-wget-zstd,3,tmux wget zstd,ACCEPT,0,0,0,0,0,0,0,0,0,0,0,0
tmux-zstd,2,tmux zstd,ACCEPT,0,0,0,0,0,0,0,0,0,0,0,0
vim-webserver,2,vim webserver,ACCEPT,0,0,0,1,0,0,0,0,0,0,0,0
vim-webserver-wget,3,vim webserver wget,ACCEPT,0,0,0,1,0,0,0,0,0,0,0,0
vim-webserver-zstd,3,vim webserver zstd,ACCEPT,0,0,0,1,0,0,0,0,0,0,0,0
vim-wget,2,vim wget,ACCEPT,0,0,0,0,0,0,0,0,0,0,0,0
vim-wget-zstd,3,vim wget zstd,ACCEPT,0,0,0,0,0,0,0,0,0,0,0,0
vim-zstd,2,vim zstd,ACCEPT,0,0,0,0,0,0,0,0,0,0,0,0
webserver-wget,2,webserver wget,ACCEPT,0,0,0,0,0,0,0,0,0,0,0,0
webserver-wget-zstd,3,webserver wget zstd,ACCEPT,0,0,0,0,0,0,0,0,0,0,0,0
webserver-zstd,2,webserver zstd,ACCEPT,0,0,0,0,0,0,0,0,0,0,0,0
wget-zstd,2,wget zstd,ACCEPT,0,0,0,0,0,0,0,0,0,0,0,0
